2026-04-03 15:25:36.912 +03:00 [INF] Executed DbCommand (255ms) [Parameters=[], CommandType='"Text"', CommandTimeout='30']
SELECT "MigrationId", "ProductVersion"
FROM "__EFMigrationsHistory"
ORDER BY "MigrationId";
2026-04-03 15:25:39.251 +03:00 [INF] Executed DbCommand (224ms) [Parameters=[], CommandType='"Text"', CommandTimeout='30']
CREATE TABLE IF NOT EXISTS "__EFMigrationsHistory" (
    "MigrationId" character varying(150) NOT NULL,
    "ProductVersion" character varying(32) NOT NULL,
    CONSTRAINT "PK___EFMigrationsHistory" PRIMARY KEY ("MigrationId")
);
2026-04-03 15:25:39.550 +03:00 [INF] Executed DbCommand (251ms) [Parameters=[], CommandType='"Text"', CommandTimeout='30']
LOCK TABLE "__EFMigrationsHistory" IN ACCESS EXCLUSIVE MODE
2026-04-03 15:25:39.754 +03:00 [INF] Executed DbCommand (198ms) [Parameters=[], CommandType='"Text"', CommandTimeout='30']
SELECT "MigrationId", "ProductVersion"
FROM "__EFMigrationsHistory"
ORDER BY "MigrationId";
2026-04-03 15:25:39.799 +03:00 [INF] Applying migration '20260403120230_CanvasLinesAndShoeCatalog'.
2026-04-03 15:25:40.065 +03:00 [INF] Executed DbCommand (209ms) [Parameters=[], CommandType='"Text"', CommandTimeout='30']
ALTER TABLE "Bookings" RENAME COLUMN "OfficialLeatherLines" TO "CanvasLines";
2026-04-03 15:25:40.370 +03:00 [INF] Executed DbCommand (300ms) [Parameters=[], CommandType='"Text"', CommandTimeout='30']
CREATE TABLE "ShoeServiceCategories" (
    "Id" integer GENERATED BY DEFAULT AS IDENTITY,
    "Key" character varying(40) NOT NULL,
    "DisplayName" character varying(120) NOT NULL,
    "Tagline" character varying(300),
    "ThemeColorHex" character varying(20),
    "ImageBeforeUrl" character varying(800),
    "ImageAfterUrl" character varying(800),
    "SortOrder" integer NOT NULL,
    CONSTRAINT "PK_ShoeServiceCategories" PRIMARY KEY ("Id")
);
2026-04-03 15:25:40.694 +03:00 [INF] Executed DbCommand (321ms) [Parameters=[], CommandType='"Text"', CommandTimeout='30']
CREATE TABLE "ShoeServiceTierPrices" (
    "Id" integer GENERATED BY DEFAULT AS IDENTITY,
    "CategoryId" integer NOT NULL,
    "ColorTierKey" character varying(40) NOT NULL,
    "PriceKes" numeric(10,2) NOT NULL,
    "SortOrder" integer NOT NULL,
    CONSTRAINT "PK_ShoeServiceTierPrices" PRIMARY KEY ("Id"),
    CONSTRAINT "FK_ShoeServiceTierPrices_ShoeServiceCategories_CategoryId" FOREIGN KEY ("CategoryId") REFERENCES "ShoeServiceCategories" ("Id") ON DELETE CASCADE
);
2026-04-03 15:25:41.254 +03:00 [INF] Executed DbCommand (555ms) [Parameters=[], CommandType='"Text"', CommandTimeout='30']
CREATE UNIQUE INDEX "IX_ShoeServiceCategories_Key" ON "ShoeServiceCategories" ("Key");
2026-04-03 15:25:41.792 +03:00 [INF] Executed DbCommand (533ms) [Parameters=[], CommandType='"Text"', CommandTimeout='30']
CREATE UNIQUE INDEX "IX_ShoeServiceTierPrices_CategoryId_ColorTierKey" ON "ShoeServiceTierPrices" ("CategoryId", "ColorTierKey");
2026-04-03 15:25:42.036 +03:00 [INF] Executed DbCommand (238ms) [Parameters=[], CommandType='"Text"', CommandTimeout='30']
INSERT INTO "__EFMigrationsHistory" ("MigrationId", "ProductVersion")
VALUES ('20260403120230_CanvasLinesAndShoeCatalog', '9.0.8');
2026-04-03 15:25:42.826 +03:00 [INF] Executed DbCommand (246ms) [Parameters=[], CommandType='"Text"', CommandTimeout='30']
SELECT EXISTS (
    SELECT 1
    FROM "ShoeServiceCategories" AS s)
2026-04-03 15:25:43.355 +03:00 [INF] Executed DbCommand (276ms) [Parameters=[@p0='?', @p1='?', @p2='?', @p3='?', @p4='?' (DbType = Int32), @p5='?', @p6='?', @p7='?', @p8='?', @p9='?', @p10='?', @p11='?' (DbType = Int32), @p12='?', @p13='?', @p14='?', @p15='?', @p16='?', @p17='?', @p18='?' (DbType = Int32), @p19='?', @p20='?', @p21='?', @p22='?', @p23='?', @p24='?', @p25='?' (DbType = Int32), @p26='?', @p27='?'], CommandType='"Text"', CommandTimeout='30']
INSERT INTO "ShoeServiceCategories" ("DisplayName", "ImageAfterUrl", "ImageBeforeUrl", "Key", "SortOrder", "Tagline", "ThemeColorHex")
VALUES (@p0, @p1, @p2, @p3, @p4, @p5, @p6)
RETURNING "Id";
INSERT INTO "ShoeServiceCategories" ("DisplayName", "ImageAfterUrl", "ImageBeforeUrl", "Key", "SortOrder", "Tagline", "ThemeColorHex")
VALUES (@p7, @p8, @p9, @p10, @p11, @p12, @p13)
RETURNING "Id";
INSERT INTO "ShoeServiceCategories" ("DisplayName", "ImageAfterUrl", "ImageBeforeUrl", "Key", "SortOrder", "Tagline", "ThemeColorHex")
VALUES (@p14, @p15, @p16, @p17, @p18, @p19, @p20)
RETURNING "Id";
INSERT INTO "ShoeServiceCategories" ("DisplayName", "ImageAfterUrl", "ImageBeforeUrl", "Key", "SortOrder", "Tagline", "ThemeColorHex")
VALUES (@p21, @p22, @p23, @p24, @p25, @p26, @p27)
RETURNING "Id";
2026-04-03 15:25:43.647 +03:00 [INF] Executed DbCommand (265ms) [Parameters=[@p28='?' (DbType = Int32), @p29='?', @p30='?' (DbType = Decimal), @p31='?' (DbType = Int32), @p32='?' (DbType = Int32), @p33='?', @p34='?' (DbType = Decimal), @p35='?' (DbType = Int32), @p36='?' (DbType = Int32), @p37='?', @p38='?' (DbType = Decimal), @p39='?' (DbType = Int32), @p40='?' (DbType = Int32), @p41='?', @p42='?' (DbType = Decimal), @p43='?' (DbType = Int32), @p44='?' (DbType = Int32), @p45='?', @p46='?' (DbType = Decimal), @p47='?' (DbType = Int32), @p48='?' (DbType = Int32), @p49='?', @p50='?' (DbType = Decimal), @p51='?' (DbType = Int32), @p52='?' (DbType = Int32), @p53='?', @p54='?' (DbType = Decimal), @p55='?' (DbType = Int32), @p56='?' (DbType = Int32), @p57='?', @p58='?' (DbType = Decimal), @p59='?' (DbType = Int32), @p60='?' (DbType = Int32), @p61='?', @p62='?' (DbType = Decimal), @p63='?' (DbType = Int32), @p64='?' (DbType = Int32), @p65='?', @p66='?' (DbType = Decimal), @p67='?' (DbType = Int32), @p68='?' (DbType = Int32), @p69='?', @p70='?' (DbType = Decimal), @p71='?' (DbType = Int32), @p72='?' (DbType = Int32), @p73='?', @p74='?' (DbType = Decimal), @p75='?' (DbType = Int32)], CommandType='"Text"', CommandTimeout='30']
INSERT INTO "ShoeServiceTierPrices" ("CategoryId", "ColorTierKey", "PriceKes", "SortOrder")
VALUES (@p28, @p29, @p30, @p31)
RETURNING "Id";
INSERT INTO "ShoeServiceTierPrices" ("CategoryId", "ColorTierKey", "PriceKes", "SortOrder")
VALUES (@p32, @p33, @p34, @p35)
RETURNING "Id";
INSERT INTO "ShoeServiceTierPrices" ("CategoryId", "ColorTierKey", "PriceKes", "SortOrder")
VALUES (@p36, @p37, @p38, @p39)
RETURNING "Id";
INSERT INTO "ShoeServiceTierPrices" ("CategoryId", "ColorTierKey", "PriceKes", "SortOrder")
VALUES (@p40, @p41, @p42, @p43)
RETURNING "Id";
INSERT INTO "ShoeServiceTierPrices" ("CategoryId", "ColorTierKey", "PriceKes", "SortOrder")
VALUES (@p44, @p45, @p46, @p47)
RETURNING "Id";
INSERT INTO "ShoeServiceTierPrices" ("CategoryId", "ColorTierKey", "PriceKes", "SortOrder")
VALUES (@p48, @p49, @p50, @p51)
RETURNING "Id";
INSERT INTO "ShoeServiceTierPrices" ("CategoryId", "ColorTierKey", "PriceKes", "SortOrder")
VALUES (@p52, @p53, @p54, @p55)
RETURNING "Id";
INSERT INTO "ShoeServiceTierPrices" ("CategoryId", "ColorTierKey", "PriceKes", "SortOrder")
VALUES (@p56, @p57, @p58, @p59)
RETURNING "Id";
INSERT INTO "ShoeServiceTierPrices" ("CategoryId", "ColorTierKey", "PriceKes", "SortOrder")
VALUES (@p60, @p61, @p62, @p63)
RETURNING "Id";
INSERT INTO "ShoeServiceTierPrices" ("CategoryId", "ColorTierKey", "PriceKes", "SortOrder")
VALUES (@p64, @p65, @p66, @p67)
RETURNING "Id";
INSERT INTO "ShoeServiceTierPrices" ("CategoryId", "ColorTierKey", "PriceKes", "SortOrder")
VALUES (@p68, @p69, @p70, @p71)
RETURNING "Id";
INSERT INTO "ShoeServiceTierPrices" ("CategoryId", "ColorTierKey", "PriceKes", "SortOrder")
VALUES (@p72, @p73, @p74, @p75)
RETURNING "Id";
2026-04-03 15:25:44.260 +03:00 [INF] Executed DbCommand (231ms) [Parameters=[@__normalizedEmail_0='?'], CommandType='"Text"', CommandTimeout='30']
SELECT f."Id", f."AccessFailedCount", f."Address", f."ConcurrencyStamp", f."CreatedAt", f."CustomerReference", f."Email", f."EmailConfirmed", f."FullName", f."IsActive", f."LockoutEnabled", f."LockoutEnd", f."NormalizedEmail", f."NormalizedUserName", f."PasswordHash", f."PhoneNumber", f."PhoneNumberConfirmed", f."SecurityStamp", f."TwoFactorEnabled", f."UserName"
FROM "FreshwalkUsers" AS f
WHERE f."NormalizedEmail" = @__normalizedEmail_0
LIMIT 2
2026-04-03 15:25:44.670 +03:00 [INF] Executed DbCommand (312ms) [Parameters=[@__normalizedEmail_0='?'], CommandType='"Text"', CommandTimeout='30']
SELECT f."Id", f."AccessFailedCount", f."Address", f."ConcurrencyStamp", f."CreatedAt", f."CustomerReference", f."Email", f."EmailConfirmed", f."FullName", f."IsActive", f."LockoutEnabled", f."LockoutEnd", f."NormalizedEmail", f."NormalizedUserName", f."PasswordHash", f."PhoneNumber", f."PhoneNumberConfirmed", f."SecurityStamp", f."TwoFactorEnabled", f."UserName"
FROM "FreshwalkUsers" AS f
WHERE f."NormalizedEmail" = @__normalizedEmail_0
LIMIT 2
2026-04-03 15:25:44.981 +03:00 [INF] Executed DbCommand (308ms) [Parameters=[@__normalizedEmail_0='?'], CommandType='"Text"', CommandTimeout='30']
SELECT f."Id", f."AccessFailedCount", f."Address", f."ConcurrencyStamp", f."CreatedAt", f."CustomerReference", f."Email", f."EmailConfirmed", f."FullName", f."IsActive", f."LockoutEnabled", f."LockoutEnd", f."NormalizedEmail", f."NormalizedUserName", f."PasswordHash", f."PhoneNumber", f."PhoneNumberConfirmed", f."SecurityStamp", f."TwoFactorEnabled", f."UserName"
FROM "FreshwalkUsers" AS f
WHERE f."NormalizedEmail" = @__normalizedEmail_0
LIMIT 2
2026-04-03 15:25:45.204 +03:00 [INF] Executed DbCommand (218ms) [Parameters=[@__normalizedEmail_0='?'], CommandType='"Text"', CommandTimeout='30']
SELECT f."Id", f."AccessFailedCount", f."Address", f."ConcurrencyStamp", f."CreatedAt", f."CustomerReference", f."Email", f."EmailConfirmed", f."FullName", f."IsActive", f."LockoutEnabled", f."LockoutEnd", f."NormalizedEmail", f."NormalizedUserName", f."PasswordHash", f."PhoneNumber", f."PhoneNumberConfirmed", f."SecurityStamp", f."TwoFactorEnabled", f."UserName"
FROM "FreshwalkUsers" AS f
WHERE f."NormalizedEmail" = @__normalizedEmail_0
LIMIT 2
2026-04-03 15:25:45.391 +03:00 [INF] Now listening on: http://localhost:5089
2026-04-03 15:25:45.394 +03:00 [INF] Application started. Press Ctrl+C to shut down.
2026-04-03 15:25:45.396 +03:00 [INF] Hosting environment: Development
2026-04-03 15:25:45.397 +03:00 [INF] Content root path: D:\Projects\Freshwalk Shoe Cleaning web app\API\Freshwalk.API
2026-04-03 15:26:51.061 +03:00 [INF] HTTP OPTIONS /api/rider/orders/14b94dc8-2415-48f5-b787-dc381c72f634 responded 204 in 4.1546 ms
2026-04-03 15:26:51.062 +03:00 [INF] HTTP OPTIONS /api/rider/orders/14b94dc8-2415-48f5-b787-dc381c72f634 responded 204 in 4.1676 ms
2026-04-03 15:26:51.642 +03:00 [INF] Executed DbCommand (249ms) [Parameters=[@__orderId_0='?' (DbType = Guid), @__riderId_1='?' (DbType = Guid)], CommandType='"Text"', CommandTimeout='30']
SELECT o."Id", o."AssignedAt", o."AssignmentReference", o."AssignmentType", o."CompletedAt", o."Notes", o."OrderId", o."RiderId", o."Status", o0."Id", o0."AgentId", o0."BookingId", o0."CleaningCompletedAt", o0."CleaningStartedAt", o0."CustomerId", o0."DeliveredAt", o0."DeliveryOtp", o0."DeliveryOtpExpiresAt", o0."DeliveryOtpVerifiedAt", o0."OrderReference", o0."PickedUpAt", o0."PickupOtp", o0."PickupOtpExpiresAt", o0."PickupOtpVerifiedAt", o0."Status", b."Id", b."AddOns", b."BookingReference", b."BundleDiscountPercent", b."CanvasLines", b."CreatedAt", b."CustomerId", b."DiscountAmountKes", b."NubuckLines", b."PickupAddress", b."PickupLatitude", b."PickupLocationUrl", b."PickupLongitude", b."PriceKes", b."SneakersLines", b."Status", b."SubtotalBeforeDiscountKes", b."SuedeLines", b."TotalPairs", f."Id", f."AccessFailedCount", f."Address", f."ConcurrencyStamp", f."CreatedAt", f."CustomerReference", f."Email", f."EmailConfirmed", f."FullName", f."IsActive", f."LockoutEnabled", f."LockoutEnd", f."NormalizedEmail", f."NormalizedUserName", f."PasswordHash", f."PhoneNumber", f."PhoneNumberConfirmed", f."SecurityStamp", f."TwoFactorEnabled", f."UserName", p."Id", p."Amount", p."BookingId", p."CreatedAt", p."MpesaCheckoutRequestId", p."MpesaMerchantRequestId", p."MpesaReceipt", p."PayerPhoneNumber", p."PaymentReference", p."Status"
FROM "OrderRiderAssignments" AS o
INNER JOIN "Orders" AS o0 ON o."OrderId" = o0."Id"
INNER JOIN "Bookings" AS b ON o0."BookingId" = b."Id"
INNER JOIN "FreshwalkUsers" AS f ON b."CustomerId" = f."Id"
LEFT JOIN "Payments" AS p ON b."Id" = p."BookingId"
WHERE o."OrderId" = @__orderId_0 AND o."RiderId" = @__riderId_1
ORDER BY o."AssignedAt" DESC
LIMIT 1
2026-04-03 15:26:52.051 +03:00 [INF] Executed DbCommand (200ms) [Parameters=[@__orderId_0='?' (DbType = Guid), @__riderId_1='?' (DbType = Guid)], CommandType='"Text"', CommandTimeout='30']
SELECT o."Id", o."AssignedAt", o."AssignmentReference", o."AssignmentType", o."CompletedAt", o."Notes", o."OrderId", o."RiderId", o."Status", o0."Id", o0."AgentId", o0."BookingId", o0."CleaningCompletedAt", o0."CleaningStartedAt", o0."CustomerId", o0."DeliveredAt", o0."DeliveryOtp", o0."DeliveryOtpExpiresAt", o0."DeliveryOtpVerifiedAt", o0."OrderReference", o0."PickedUpAt", o0."PickupOtp", o0."PickupOtpExpiresAt", o0."PickupOtpVerifiedAt", o0."Status", b."Id", b."AddOns", b."BookingReference", b."BundleDiscountPercent", b."CanvasLines", b."CreatedAt", b."CustomerId", b."DiscountAmountKes", b."NubuckLines", b."PickupAddress", b."PickupLatitude", b."PickupLocationUrl", b."PickupLongitude", b."PriceKes", b."SneakersLines", b."Status", b."SubtotalBeforeDiscountKes", b."SuedeLines", b."TotalPairs", f."Id", f."AccessFailedCount", f."Address", f."ConcurrencyStamp", f."CreatedAt", f."CustomerReference", f."Email", f."EmailConfirmed", f."FullName", f."IsActive", f."LockoutEnabled", f."LockoutEnd", f."NormalizedEmail", f."NormalizedUserName", f."PasswordHash", f."PhoneNumber", f."PhoneNumberConfirmed", f."SecurityStamp", f."TwoFactorEnabled", f."UserName", p."Id", p."Amount", p."BookingId", p."CreatedAt", p."MpesaCheckoutRequestId", p."MpesaMerchantRequestId", p."MpesaReceipt", p."PayerPhoneNumber", p."PaymentReference", p."Status"
FROM "OrderRiderAssignments" AS o
INNER JOIN "Orders" AS o0 ON o."OrderId" = o0."Id"
INNER JOIN "Bookings" AS b ON o0."BookingId" = b."Id"
INNER JOIN "FreshwalkUsers" AS f ON b."CustomerId" = f."Id"
LEFT JOIN "Payments" AS p ON b."Id" = p."BookingId"
WHERE o."OrderId" = @__orderId_0 AND o."RiderId" = @__riderId_1
ORDER BY o."AssignedAt" DESC
LIMIT 1
2026-04-03 15:26:52.257 +03:00 [INF] Executed DbCommand (193ms) [Parameters=[@__p_0='?' (DbType = Guid)], CommandType='"Text"', CommandTimeout='30']
SELECT f."Id", f."AccessFailedCount", f."Address", f."ConcurrencyStamp", f."CreatedAt", f."CustomerReference", f."Email", f."EmailConfirmed", f."FullName", f."IsActive", f."LockoutEnabled", f."LockoutEnd", f."NormalizedEmail", f."NormalizedUserName", f."PasswordHash", f."PhoneNumber", f."PhoneNumberConfirmed", f."SecurityStamp", f."TwoFactorEnabled", f."UserName"
FROM "FreshwalkUsers" AS f
WHERE f."Id" = @__p_0
LIMIT 1
2026-04-03 15:26:52.274 +03:00 [INF] HTTP GET /api/rider/orders/14b94dc8-2415-48f5-b787-dc381c72f634 responded 200 in 433.2485 ms
2026-04-03 15:26:53.391 +03:00 [INF] Executed DbCommand (201ms) [Parameters=[@__p_0='?' (DbType = Guid)], CommandType='"Text"', CommandTimeout='30']
SELECT f."Id", f."AccessFailedCount", f."Address", f."ConcurrencyStamp", f."CreatedAt", f."CustomerReference", f."Email", f."EmailConfirmed", f."FullName", f."IsActive", f."LockoutEnabled", f."LockoutEnd", f."NormalizedEmail", f."NormalizedUserName", f."PasswordHash", f."PhoneNumber", f."PhoneNumberConfirmed", f."SecurityStamp", f."TwoFactorEnabled", f."UserName"
FROM "FreshwalkUsers" AS f
WHERE f."Id" = @__p_0
LIMIT 1
2026-04-03 15:26:53.423 +03:00 [INF] HTTP GET /api/rider/orders/14b94dc8-2415-48f5-b787-dc381c72f634 responded 200 in 2317.0573 ms
2026-04-03 15:27:04.897 +03:00 [INF] HTTP OPTIONS /api/rider/orders/14b94dc8-2415-48f5-b787-dc381c72f634 responded 204 in 0.3623 ms
2026-04-03 15:27:04.897 +03:00 [INF] HTTP OPTIONS /api/rider/orders/14b94dc8-2415-48f5-b787-dc381c72f634 responded 204 in 0.2387 ms
2026-04-03 15:27:05.162 +03:00 [INF] Executed DbCommand (208ms) [Parameters=[@__orderId_0='?' (DbType = Guid), @__riderId_1='?' (DbType = Guid)], CommandType='"Text"', CommandTimeout='30']
SELECT o."Id", o."AssignedAt", o."AssignmentReference", o."AssignmentType", o."CompletedAt", o."Notes", o."OrderId", o."RiderId", o."Status", o0."Id", o0."AgentId", o0."BookingId", o0."CleaningCompletedAt", o0."CleaningStartedAt", o0."CustomerId", o0."DeliveredAt", o0."DeliveryOtp", o0."DeliveryOtpExpiresAt", o0."DeliveryOtpVerifiedAt", o0."OrderReference", o0."PickedUpAt", o0."PickupOtp", o0."PickupOtpExpiresAt", o0."PickupOtpVerifiedAt", o0."Status", b."Id", b."AddOns", b."BookingReference", b."BundleDiscountPercent", b."CanvasLines", b."CreatedAt", b."CustomerId", b."DiscountAmountKes", b."NubuckLines", b."PickupAddress", b."PickupLatitude", b."PickupLocationUrl", b."PickupLongitude", b."PriceKes", b."SneakersLines", b."Status", b."SubtotalBeforeDiscountKes", b."SuedeLines", b."TotalPairs", f."Id", f."AccessFailedCount", f."Address", f."ConcurrencyStamp", f."CreatedAt", f."CustomerReference", f."Email", f."EmailConfirmed", f."FullName", f."IsActive", f."LockoutEnabled", f."LockoutEnd", f."NormalizedEmail", f."NormalizedUserName", f."PasswordHash", f."PhoneNumber", f."PhoneNumberConfirmed", f."SecurityStamp", f."TwoFactorEnabled", f."UserName", p."Id", p."Amount", p."BookingId", p."CreatedAt", p."MpesaCheckoutRequestId", p."MpesaMerchantRequestId", p."MpesaReceipt", p."PayerPhoneNumber", p."PaymentReference", p."Status"
FROM "OrderRiderAssignments" AS o
INNER JOIN "Orders" AS o0 ON o."OrderId" = o0."Id"
INNER JOIN "Bookings" AS b ON o0."BookingId" = b."Id"
INNER JOIN "FreshwalkUsers" AS f ON b."CustomerId" = f."Id"
LEFT JOIN "Payments" AS p ON b."Id" = p."BookingId"
WHERE o."OrderId" = @__orderId_0 AND o."RiderId" = @__riderId_1
ORDER BY o."AssignedAt" DESC
LIMIT 1
2026-04-03 15:27:05.378 +03:00 [INF] Executed DbCommand (209ms) [Parameters=[@__p_0='?' (DbType = Guid)], CommandType='"Text"', CommandTimeout='30']
SELECT f."Id", f."AccessFailedCount", f."Address", f."ConcurrencyStamp", f."CreatedAt", f."CustomerReference", f."Email", f."EmailConfirmed", f."FullName", f."IsActive", f."LockoutEnabled", f."LockoutEnd", f."NormalizedEmail", f."NormalizedUserName", f."PasswordHash", f."PhoneNumber", f."PhoneNumberConfirmed", f."SecurityStamp", f."TwoFactorEnabled", f."UserName"
FROM "FreshwalkUsers" AS f
WHERE f."Id" = @__p_0
LIMIT 1
2026-04-03 15:27:05.379 +03:00 [INF] Executed DbCommand (201ms) [Parameters=[@__orderId_0='?' (DbType = Guid), @__riderId_1='?' (DbType = Guid)], CommandType='"Text"', CommandTimeout='30']
SELECT o."Id", o."AssignedAt", o."AssignmentReference", o."AssignmentType", o."CompletedAt", o."Notes", o."OrderId", o."RiderId", o."Status", o0."Id", o0."AgentId", o0."BookingId", o0."CleaningCompletedAt", o0."CleaningStartedAt", o0."CustomerId", o0."DeliveredAt", o0."DeliveryOtp", o0."DeliveryOtpExpiresAt", o0."DeliveryOtpVerifiedAt", o0."OrderReference", o0."PickedUpAt", o0."PickupOtp", o0."PickupOtpExpiresAt", o0."PickupOtpVerifiedAt", o0."Status", b."Id", b."AddOns", b."BookingReference", b."BundleDiscountPercent", b."CanvasLines", b."CreatedAt", b."CustomerId", b."DiscountAmountKes", b."NubuckLines", b."PickupAddress", b."PickupLatitude", b."PickupLocationUrl", b."PickupLongitude", b."PriceKes", b."SneakersLines", b."Status", b."SubtotalBeforeDiscountKes", b."SuedeLines", b."TotalPairs", f."Id", f."AccessFailedCount", f."Address", f."ConcurrencyStamp", f."CreatedAt", f."CustomerReference", f."Email", f."EmailConfirmed", f."FullName", f."IsActive", f."LockoutEnabled", f."LockoutEnd", f."NormalizedEmail", f."NormalizedUserName", f."PasswordHash", f."PhoneNumber", f."PhoneNumberConfirmed", f."SecurityStamp", f."TwoFactorEnabled", f."UserName", p."Id", p."Amount", p."BookingId", p."CreatedAt", p."MpesaCheckoutRequestId", p."MpesaMerchantRequestId", p."MpesaReceipt", p."PayerPhoneNumber", p."PaymentReference", p."Status"
FROM "OrderRiderAssignments" AS o
INNER JOIN "Orders" AS o0 ON o."OrderId" = o0."Id"
INNER JOIN "Bookings" AS b ON o0."BookingId" = b."Id"
INNER JOIN "FreshwalkUsers" AS f ON b."CustomerId" = f."Id"
LEFT JOIN "Payments" AS p ON b."Id" = p."BookingId"
WHERE o."OrderId" = @__orderId_0 AND o."RiderId" = @__riderId_1
ORDER BY o."AssignedAt" DESC
LIMIT 1
2026-04-03 15:27:05.385 +03:00 [INF] HTTP GET /api/rider/orders/14b94dc8-2415-48f5-b787-dc381c72f634 responded 200 in 477.9836 ms
2026-04-03 15:27:05.596 +03:00 [INF] Executed DbCommand (206ms) [Parameters=[@__p_0='?' (DbType = Guid)], CommandType='"Text"', CommandTimeout='30']
SELECT f."Id", f."AccessFailedCount", f."Address", f."ConcurrencyStamp", f."CreatedAt", f."CustomerReference", f."Email", f."EmailConfirmed", f."FullName", f."IsActive", f."LockoutEnabled", f."LockoutEnd", f."NormalizedEmail", f."NormalizedUserName", f."PasswordHash", f."PhoneNumber", f."PhoneNumberConfirmed", f."SecurityStamp", f."TwoFactorEnabled", f."UserName"
FROM "FreshwalkUsers" AS f
WHERE f."Id" = @__p_0
LIMIT 1
2026-04-03 15:27:05.602 +03:00 [INF] HTTP GET /api/rider/orders/14b94dc8-2415-48f5-b787-dc381c72f634 responded 200 in 429.4040 ms
2026-04-03 15:27:20.849 +03:00 [INF] HTTP OPTIONS /api/agent/bookings responded 204 in 0.2659 ms
2026-04-03 15:27:20.852 +03:00 [INF] HTTP OPTIONS /api/agent/bookings responded 204 in 0.0992 ms
2026-04-03 15:27:20.893 +03:00 [INF] HTTP GET /api/agent/bookings responded 401 in 37.2067 ms
2026-04-03 15:27:20.901 +03:00 [INF] HTTP GET /api/agent/bookings responded 401 in 0.9102 ms
2026-04-03 15:35:20.539 +03:00 [INF] HTTP OPTIONS /api/auth/login responded 204 in 0.5028 ms
2026-04-03 15:35:22.626 +03:00 [INF] Executed DbCommand (264ms) [Parameters=[@__normalizedEmail_0='?'], CommandType='"Text"', CommandTimeout='30']
SELECT f."Id", f."AccessFailedCount", f."Address", f."ConcurrencyStamp", f."CreatedAt", f."CustomerReference", f."Email", f."EmailConfirmed", f."FullName", f."IsActive", f."LockoutEnabled", f."LockoutEnd", f."NormalizedEmail", f."NormalizedUserName", f."PasswordHash", f."PhoneNumber", f."PhoneNumberConfirmed", f."SecurityStamp", f."TwoFactorEnabled", f."UserName"
FROM "FreshwalkUsers" AS f
WHERE f."NormalizedEmail" = @__normalizedEmail_0
LIMIT 2
2026-04-03 15:35:23.343 +03:00 [INF] Executed DbCommand (347ms) [Parameters=[@__userId_0='?' (DbType = Guid)], CommandType='"Text"', CommandTimeout='30']
SELECT f0."Name"
FROM "FreshwalkUserRoles" AS f
INNER JOIN "FreshwalkRoles" AS f0 ON f."RoleId" = f0."Id"
WHERE f."UserId" = @__userId_0
2026-04-03 15:35:23.418 +03:00 [INF] HTTP POST /api/auth/login responded 200 in 2860.8326 ms
2026-04-03 15:35:23.495 +03:00 [INF] HTTP OPTIONS /api/agent/bookings responded 204 in 0.7141 ms
2026-04-03 15:35:23.498 +03:00 [INF] HTTP OPTIONS /api/agent/bookings responded 204 in 0.1179 ms
2026-04-03 15:35:23.838 +03:00 [INF] Executed DbCommand (221ms) [Parameters=[], CommandType='"Text"', CommandTimeout='30']
SELECT b."Id", b."AddOns", b."BookingReference", b."BundleDiscountPercent", b."CanvasLines", b."CreatedAt", b."CustomerId", b."DiscountAmountKes", b."NubuckLines", b."PickupAddress", b."PickupLatitude", b."PickupLocationUrl", b."PickupLongitude", b."PriceKes", b."SneakersLines", b."Status", b."SubtotalBeforeDiscountKes", b."SuedeLines", b."TotalPairs", f."Id", f."AccessFailedCount", f."Address", f."ConcurrencyStamp", f."CreatedAt", f."CustomerReference", f."Email", f."EmailConfirmed", f."FullName", f."IsActive", f."LockoutEnabled", f."LockoutEnd", f."NormalizedEmail", f."NormalizedUserName", f."PasswordHash", f."PhoneNumber", f."PhoneNumberConfirmed", f."SecurityStamp", f."TwoFactorEnabled", f."UserName", p."Id", p."Amount", p."BookingId", p."CreatedAt", p."MpesaCheckoutRequestId", p."MpesaMerchantRequestId", p."MpesaReceipt", p."PayerPhoneNumber", p."PaymentReference", p."Status", o."Id", o."AgentId", o."BookingId", o."CleaningCompletedAt", o."CleaningStartedAt", o."CustomerId", o."DeliveredAt", o."DeliveryOtp", o."DeliveryOtpExpiresAt", o."DeliveryOtpVerifiedAt", o."OrderReference", o."PickedUpAt", o."PickupOtp", o."PickupOtpExpiresAt", o."PickupOtpVerifiedAt", o."Status"
FROM "Bookings" AS b
INNER JOIN "FreshwalkUsers" AS f ON b."CustomerId" = f."Id"
LEFT JOIN "Payments" AS p ON b."Id" = p."BookingId"
LEFT JOIN "Orders" AS o ON b."Id" = o."BookingId"
ORDER BY b."CreatedAt" DESC
2026-04-03 15:35:24.133 +03:00 [INF] Executed DbCommand (197ms) [Parameters=[@__p_0='?' (DbType = Guid)], CommandType='"Text"', CommandTimeout='30']
SELECT f."Id", f."AccessFailedCount", f."Address", f."ConcurrencyStamp", f."CreatedAt", f."CustomerReference", f."Email", f."EmailConfirmed", f."FullName", f."IsActive", f."LockoutEnabled", f."LockoutEnd", f."NormalizedEmail", f."NormalizedUserName", f."PasswordHash", f."PhoneNumber", f."PhoneNumberConfirmed", f."SecurityStamp", f."TwoFactorEnabled", f."UserName"
FROM "FreshwalkUsers" AS f
WHERE f."Id" = @__p_0
LIMIT 1
2026-04-03 15:35:24.141 +03:00 [INF] HTTP GET /api/agent/bookings responded 200 in 632.6444 ms
2026-04-03 15:35:25.394 +03:00 [INF] Executed DbCommand (205ms) [Parameters=[], CommandType='"Text"', CommandTimeout='30']
SELECT b."Id", b."AddOns", b."BookingReference", b."BundleDiscountPercent", b."CanvasLines", b."CreatedAt", b."CustomerId", b."DiscountAmountKes", b."NubuckLines", b."PickupAddress", b."PickupLatitude", b."PickupLocationUrl", b."PickupLongitude", b."PriceKes", b."SneakersLines", b."Status", b."SubtotalBeforeDiscountKes", b."SuedeLines", b."TotalPairs", f."Id", f."AccessFailedCount", f."Address", f."ConcurrencyStamp", f."CreatedAt", f."CustomerReference", f."Email", f."EmailConfirmed", f."FullName", f."IsActive", f."LockoutEnabled", f."LockoutEnd", f."NormalizedEmail", f."NormalizedUserName", f."PasswordHash", f."PhoneNumber", f."PhoneNumberConfirmed", f."SecurityStamp", f."TwoFactorEnabled", f."UserName", p."Id", p."Amount", p."BookingId", p."CreatedAt", p."MpesaCheckoutRequestId", p."MpesaMerchantRequestId", p."MpesaReceipt", p."PayerPhoneNumber", p."PaymentReference", p."Status", o."Id", o."AgentId", o."BookingId", o."CleaningCompletedAt", o."CleaningStartedAt", o."CustomerId", o."DeliveredAt", o."DeliveryOtp", o."DeliveryOtpExpiresAt", o."DeliveryOtpVerifiedAt", o."OrderReference", o."PickedUpAt", o."PickupOtp", o."PickupOtpExpiresAt", o."PickupOtpVerifiedAt", o."Status"
FROM "Bookings" AS b
INNER JOIN "FreshwalkUsers" AS f ON b."CustomerId" = f."Id"
LEFT JOIN "Payments" AS p ON b."Id" = p."BookingId"
LEFT JOIN "Orders" AS o ON b."Id" = o."BookingId"
ORDER BY b."CreatedAt" DESC
2026-04-03 15:35:25.698 +03:00 [INF] Executed DbCommand (291ms) [Parameters=[@__p_0='?' (DbType = Guid)], CommandType='"Text"', CommandTimeout='30']
SELECT f."Id", f."AccessFailedCount", f."Address", f."ConcurrencyStamp", f."CreatedAt", f."CustomerReference", f."Email", f."EmailConfirmed", f."FullName", f."IsActive", f."LockoutEnabled", f."LockoutEnd", f."NormalizedEmail", f."NormalizedUserName", f."PasswordHash", f."PhoneNumber", f."PhoneNumberConfirmed", f."SecurityStamp", f."TwoFactorEnabled", f."UserName"
FROM "FreshwalkUsers" AS f
WHERE f."Id" = @__p_0
LIMIT 1
2026-04-03 15:35:25.705 +03:00 [INF] HTTP GET /api/agent/bookings responded 200 in 1767.2283 ms
2026-04-03 15:35:26.628 +03:00 [INF] HTTP OPTIONS /api/agent/bookings/8f788335-0a95-48be-a2ba-be910b317642 responded 204 in 0.1565 ms
2026-04-03 15:35:26.638 +03:00 [INF] HTTP OPTIONS /api/agent/riders responded 204 in 0.7002 ms
2026-04-03 15:35:26.640 +03:00 [INF] HTTP OPTIONS /api/agent/bookings/8f788335-0a95-48be-a2ba-be910b317642 responded 204 in 0.0895 ms
2026-04-03 15:35:26.640 +03:00 [INF] HTTP OPTIONS /api/agent/riders responded 204 in 0.2410 ms
2026-04-03 15:35:26.911 +03:00 [INF] Executed DbCommand (191ms) [Parameters=[@__normalizedRoleName_0='?'], CommandType='"Text"', CommandTimeout='30']
SELECT f."Id", f."ConcurrencyStamp", f."Name", f."NormalizedName"
FROM "FreshwalkRoles" AS f
WHERE f."NormalizedName" = @__normalizedRoleName_0
LIMIT 2
2026-04-03 15:35:27.063 +03:00 [INF] Executed DbCommand (217ms) [Parameters=[@__id_0='?' (DbType = Guid)], CommandType='"Text"', CommandTimeout='30']
SELECT s."Id", s."AddOns", s."BookingReference", s."BundleDiscountPercent", s."CanvasLines", s."CreatedAt", s."CustomerId", s."DiscountAmountKes", s."NubuckLines", s."PickupAddress", s."PickupLatitude", s."PickupLocationUrl", s."PickupLongitude", s."PriceKes", s."SneakersLines", s."Status", s."SubtotalBeforeDiscountKes", s."SuedeLines", s."TotalPairs", s."Id0", s."AccessFailedCount", s."Address", s."ConcurrencyStamp", s."CreatedAt0", s."CustomerReference", s."Email", s."EmailConfirmed", s."FullName", s."IsActive", s."LockoutEnabled", s."LockoutEnd", s."NormalizedEmail", s."NormalizedUserName", s."PasswordHash", s."PhoneNumber", s."PhoneNumberConfirmed", s."SecurityStamp", s."TwoFactorEnabled", s."UserName", s."Id1", s."Amount", s."BookingId", s."CreatedAt1", s."MpesaCheckoutRequestId", s."MpesaMerchantRequestId", s."MpesaReceipt", s."PayerPhoneNumber", s."PaymentReference", s."Status0", s."Id2", s."AgentId", s."BookingId0", s."CleaningCompletedAt", s."CleaningStartedAt", s."CustomerId0", s."DeliveredAt", s."DeliveryOtp", s."DeliveryOtpExpiresAt", s."DeliveryOtpVerifiedAt", s."OrderReference", s."PickedUpAt", s."PickupOtp", s."PickupOtpExpiresAt", s."PickupOtpVerifiedAt", s."Status1", s0."Id", s0."AssignedAt", s0."AssignmentReference", s0."AssignmentType", s0."CompletedAt", s0."Notes", s0."OrderId", s0."RiderId", s0."Status", s0."Id0", s0."AccessFailedCount", s0."Address", s0."ConcurrencyStamp", s0."CreatedAt", s0."CustomerReference", s0."Email", s0."EmailConfirmed", s0."FullName", s0."IsActive", s0."LockoutEnabled", s0."LockoutEnd", s0."NormalizedEmail", s0."NormalizedUserName", s0."PasswordHash", s0."PhoneNumber", s0."PhoneNumberConfirmed", s0."SecurityStamp", s0."TwoFactorEnabled", s0."UserName"
FROM (
    SELECT b."Id", b."AddOns", b."BookingReference", b."BundleDiscountPercent", b."CanvasLines", b."CreatedAt", b."CustomerId", b."DiscountAmountKes", b."NubuckLines", b."PickupAddress", b."PickupLatitude", b."PickupLocationUrl", b."PickupLongitude", b."PriceKes", b."SneakersLines", b."Status", b."SubtotalBeforeDiscountKes", b."SuedeLines", b."TotalPairs", f."Id" AS "Id0", f."AccessFailedCount", f."Address", f."ConcurrencyStamp", f."CreatedAt" AS "CreatedAt0", f."CustomerReference", f."Email", f."EmailConfirmed", f."FullName", f."IsActive", f."LockoutEnabled", f."LockoutEnd", f."NormalizedEmail", f."NormalizedUserName", f."PasswordHash", f."PhoneNumber", f."PhoneNumberConfirmed", f."SecurityStamp", f."TwoFactorEnabled", f."UserName", p."Id" AS "Id1", p."Amount", p."BookingId", p."CreatedAt" AS "CreatedAt1", p."MpesaCheckoutRequestId", p."MpesaMerchantRequestId", p."MpesaReceipt", p."PayerPhoneNumber", p."PaymentReference", p."Status" AS "Status0", o."Id" AS "Id2", o."AgentId", o."BookingId" AS "BookingId0", o."CleaningCompletedAt", o."CleaningStartedAt", o."CustomerId" AS "CustomerId0", o."DeliveredAt", o."DeliveryOtp", o."DeliveryOtpExpiresAt", o."DeliveryOtpVerifiedAt", o."OrderReference", o."PickedUpAt", o."PickupOtp", o."PickupOtpExpiresAt", o."PickupOtpVerifiedAt", o."Status" AS "Status1"
    FROM "Bookings" AS b
    INNER JOIN "FreshwalkUsers" AS f ON b."CustomerId" = f."Id"
    LEFT JOIN "Payments" AS p ON b."Id" = p."BookingId"
    LEFT JOIN "Orders" AS o ON b."Id" = o."BookingId"
    WHERE b."Id" = @__id_0
    LIMIT 1
) AS s
LEFT JOIN (
    SELECT o0."Id", o0."AssignedAt", o0."AssignmentReference", o0."AssignmentType", o0."CompletedAt", o0."Notes", o0."OrderId", o0."RiderId", o0."Status", f0."Id" AS "Id0", f0."AccessFailedCount", f0."Address", f0."ConcurrencyStamp", f0."CreatedAt", f0."CustomerReference", f0."Email", f0."EmailConfirmed", f0."FullName", f0."IsActive", f0."LockoutEnabled", f0."LockoutEnd", f0."NormalizedEmail", f0."NormalizedUserName", f0."PasswordHash", f0."PhoneNumber", f0."PhoneNumberConfirmed", f0."SecurityStamp", f0."TwoFactorEnabled", f0."UserName"
    FROM "OrderRiderAssignments" AS o0
    INNER JOIN "FreshwalkUsers" AS f0 ON o0."RiderId" = f0."Id"
) AS s0 ON s."Id2" = s0."OrderId"
ORDER BY s."Id", s."Id0", s."Id1", s."Id2", s0."Id"
2026-04-03 15:35:27.329 +03:00 [INF] Executed DbCommand (200ms) [Parameters=[@__role_Id_0='?' (DbType = Guid)], CommandType='"Text"', CommandTimeout='30']
SELECT f0."Id", f0."AccessFailedCount", f0."Address", f0."ConcurrencyStamp", f0."CreatedAt", f0."CustomerReference", f0."Email", f0."EmailConfirmed", f0."FullName", f0."IsActive", f0."LockoutEnabled", f0."LockoutEnd", f0."NormalizedEmail", f0."NormalizedUserName", f0."PasswordHash", f0."PhoneNumber", f0."PhoneNumberConfirmed", f0."SecurityStamp", f0."TwoFactorEnabled", f0."UserName"
FROM "FreshwalkUserRoles" AS f
INNER JOIN "FreshwalkUsers" AS f0 ON f."UserId" = f0."Id"
WHERE f."RoleId" = @__role_Id_0
2026-04-03 15:35:27.474 +03:00 [INF] Executed DbCommand (201ms) [Parameters=[@__p_0='?' (DbType = Guid)], CommandType='"Text"', CommandTimeout='30']
SELECT f."Id", f."AccessFailedCount", f."Address", f."ConcurrencyStamp", f."CreatedAt", f."CustomerReference", f."Email", f."EmailConfirmed", f."FullName", f."IsActive", f."LockoutEnabled", f."LockoutEnd", f."NormalizedEmail", f."NormalizedUserName", f."PasswordHash", f."PhoneNumber", f."PhoneNumberConfirmed", f."SecurityStamp", f."TwoFactorEnabled", f."UserName"
FROM "FreshwalkUsers" AS f
WHERE f."Id" = @__p_0
LIMIT 1
2026-04-03 15:35:27.483 +03:00 [INF] HTTP GET /api/agent/bookings/8f788335-0a95-48be-a2ba-be910b317642 responded 200 in 834.4636 ms
2026-04-03 15:35:27.646 +03:00 [INF] Executed DbCommand (254ms) [Parameters=[], CommandType='"Text"', CommandTimeout='30']
SELECT r."Id", r."BikeRegistration", r."IsAvailable", r."UserId"
FROM "RiderProfiles" AS r
2026-04-03 15:35:27.932 +03:00 [INF] Executed DbCommand (195ms) [Parameters=[@__normalizedRoleName_0='?'], CommandType='"Text"', CommandTimeout='30']
SELECT f."Id", f."ConcurrencyStamp", f."Name", f."NormalizedName"
FROM "FreshwalkRoles" AS f
WHERE f."NormalizedName" = @__normalizedRoleName_0
LIMIT 2
2026-04-03 15:35:27.934 +03:00 [INF] Executed DbCommand (201ms) [Parameters=[@__p_0='?' (DbType = Guid)], CommandType='"Text"', CommandTimeout='30']
SELECT f."Id", f."AccessFailedCount", f."Address", f."ConcurrencyStamp", f."CreatedAt", f."CustomerReference", f."Email", f."EmailConfirmed", f."FullName", f."IsActive", f."LockoutEnabled", f."LockoutEnd", f."NormalizedEmail", f."NormalizedUserName", f."PasswordHash", f."PhoneNumber", f."PhoneNumberConfirmed", f."SecurityStamp", f."TwoFactorEnabled", f."UserName"
FROM "FreshwalkUsers" AS f
WHERE f."Id" = @__p_0
LIMIT 1
2026-04-03 15:35:27.944 +03:00 [INF] HTTP GET /api/agent/riders responded 200 in 1279.3117 ms
2026-04-03 15:35:27.953 +03:00 [INF] HTTP OPTIONS /api/orders/14b94dc8-2415-48f5-b787-dc381c72f634 responded 204 in 0.1663 ms
2026-04-03 15:35:28.137 +03:00 [INF] Executed DbCommand (197ms) [Parameters=[@__role_Id_0='?' (DbType = Guid)], CommandType='"Text"', CommandTimeout='30']
SELECT f0."Id", f0."AccessFailedCount", f0."Address", f0."ConcurrencyStamp", f0."CreatedAt", f0."CustomerReference", f0."Email", f0."EmailConfirmed", f0."FullName", f0."IsActive", f0."LockoutEnabled", f0."LockoutEnd", f0."NormalizedEmail", f0."NormalizedUserName", f0."PasswordHash", f0."PhoneNumber", f0."PhoneNumberConfirmed", f0."SecurityStamp", f0."TwoFactorEnabled", f0."UserName"
FROM "FreshwalkUserRoles" AS f
INNER JOIN "FreshwalkUsers" AS f0 ON f."UserId" = f0."Id"
WHERE f."RoleId" = @__role_Id_0
2026-04-03 15:35:28.297 +03:00 [INF] Executed DbCommand (215ms) [Parameters=[@__id_0='?' (DbType = Guid)], CommandType='"Text"', CommandTimeout='30']
SELECT s."Id", s."AgentId", s."BookingId", s."CleaningCompletedAt", s."CleaningStartedAt", s."CustomerId", s."DeliveredAt", s."DeliveryOtp", s."DeliveryOtpExpiresAt", s."DeliveryOtpVerifiedAt", s."OrderReference", s."PickedUpAt", s."PickupOtp", s."PickupOtpExpiresAt", s."PickupOtpVerifiedAt", s."Status", s."Id0", s."AddOns", s."BookingReference", s."BundleDiscountPercent", s."CanvasLines", s."CreatedAt", s."CustomerId0", s."DiscountAmountKes", s."NubuckLines", s."PickupAddress", s."PickupLatitude", s."PickupLocationUrl", s."PickupLongitude", s."PriceKes", s."SneakersLines", s."Status0", s."SubtotalBeforeDiscountKes", s."SuedeLines", s."TotalPairs", s."Id1", s."AccessFailedCount", s."Address", s."ConcurrencyStamp", s."CreatedAt0", s."CustomerReference", s."Email", s."EmailConfirmed", s."FullName", s."IsActive", s."LockoutEnabled", s."LockoutEnd", s."NormalizedEmail", s."NormalizedUserName", s."PasswordHash", s."PhoneNumber", s."PhoneNumberConfirmed", s."SecurityStamp", s."TwoFactorEnabled", s."UserName", s."Id2", s."Amount", s."BookingId0", s."CreatedAt1", s."MpesaCheckoutRequestId", s."MpesaMerchantRequestId", s."MpesaReceipt", s."PayerPhoneNumber", s."PaymentReference", s."Status1", s0."Id", s0."AssignedAt", s0."AssignmentReference", s0."AssignmentType", s0."CompletedAt", s0."Notes", s0."OrderId", s0."RiderId", s0."Status", s0."Id0", s0."AccessFailedCount", s0."Address", s0."ConcurrencyStamp", s0."CreatedAt", s0."CustomerReference", s0."Email", s0."EmailConfirmed", s0."FullName", s0."IsActive", s0."LockoutEnabled", s0."LockoutEnd", s0."NormalizedEmail", s0."NormalizedUserName", s0."PasswordHash", s0."PhoneNumber", s0."PhoneNumberConfirmed", s0."SecurityStamp", s0."TwoFactorEnabled", s0."UserName"
FROM (
    SELECT o."Id", o."AgentId", o."BookingId", o."CleaningCompletedAt", o."CleaningStartedAt", o."CustomerId", o."DeliveredAt", o."DeliveryOtp", o."DeliveryOtpExpiresAt", o."DeliveryOtpVerifiedAt", o."OrderReference", o."PickedUpAt", o."PickupOtp", o."PickupOtpExpiresAt", o."PickupOtpVerifiedAt", o."Status", b."Id" AS "Id0", b."AddOns", b."BookingReference", b."BundleDiscountPercent", b."CanvasLines", b."CreatedAt", b."CustomerId" AS "CustomerId0", b."DiscountAmountKes", b."NubuckLines", b."PickupAddress", b."PickupLatitude", b."PickupLocationUrl", b."PickupLongitude", b."PriceKes", b."SneakersLines", b."Status" AS "Status0", b."SubtotalBeforeDiscountKes", b."SuedeLines", b."TotalPairs", f."Id" AS "Id1", f."AccessFailedCount", f."Address", f."ConcurrencyStamp", f."CreatedAt" AS "CreatedAt0", f."CustomerReference", f."Email", f."EmailConfirmed", f."FullName", f."IsActive", f."LockoutEnabled", f."LockoutEnd", f."NormalizedEmail", f."NormalizedUserName", f."PasswordHash", f."PhoneNumber", f."PhoneNumberConfirmed", f."SecurityStamp", f."TwoFactorEnabled", f."UserName", p."Id" AS "Id2", p."Amount", p."BookingId" AS "BookingId0", p."CreatedAt" AS "CreatedAt1", p."MpesaCheckoutRequestId", p."MpesaMerchantRequestId", p."MpesaReceipt", p."PayerPhoneNumber", p."PaymentReference", p."Status" AS "Status1"
    FROM "Orders" AS o
    INNER JOIN "Bookings" AS b ON o."BookingId" = b."Id"
    INNER JOIN "FreshwalkUsers" AS f ON b."CustomerId" = f."Id"
    LEFT JOIN "Payments" AS p ON b."Id" = p."BookingId"
    WHERE o."Id" = @__id_0
    LIMIT 1
) AS s
LEFT JOIN (
    SELECT o0."Id", o0."AssignedAt", o0."AssignmentReference", o0."AssignmentType", o0."CompletedAt", o0."Notes", o0."OrderId", o0."RiderId", o0."Status", f0."Id" AS "Id0", f0."AccessFailedCount", f0."Address", f0."ConcurrencyStamp", f0."CreatedAt", f0."CustomerReference", f0."Email", f0."EmailConfirmed", f0."FullName", f0."IsActive", f0."LockoutEnabled", f0."LockoutEnd", f0."NormalizedEmail", f0."NormalizedUserName", f0."PasswordHash", f0."PhoneNumber", f0."PhoneNumberConfirmed", f0."SecurityStamp", f0."TwoFactorEnabled", f0."UserName"
    FROM "OrderRiderAssignments" AS o0
    INNER JOIN "FreshwalkUsers" AS f0 ON o0."RiderId" = f0."Id"
) AS s0 ON s."Id" = s0."OrderId"
ORDER BY s."Id", s."Id0", s."Id1", s."Id2", s0."Id"
2026-04-03 15:35:28.402 +03:00 [INF] Executed DbCommand (259ms) [Parameters=[], CommandType='"Text"', CommandTimeout='30']
SELECT r."Id", r."BikeRegistration", r."IsAvailable", r."UserId"
FROM "RiderProfiles" AS r
2026-04-03 15:35:28.606 +03:00 [INF] Executed DbCommand (197ms) [Parameters=[@__p_0='?' (DbType = Guid)], CommandType='"Text"', CommandTimeout='30']
SELECT f."Id", f."AccessFailedCount", f."Address", f."ConcurrencyStamp", f."CreatedAt", f."CustomerReference", f."Email", f."EmailConfirmed", f."FullName", f."IsActive", f."LockoutEnabled", f."LockoutEnd", f."NormalizedEmail", f."NormalizedUserName", f."PasswordHash", f."PhoneNumber", f."PhoneNumberConfirmed", f."SecurityStamp", f."TwoFactorEnabled", f."UserName"
FROM "FreshwalkUsers" AS f
WHERE f."Id" = @__p_0
LIMIT 1
2026-04-03 15:35:28.638 +03:00 [INF] HTTP GET /api/agent/riders responded 200 in 904.7940 ms
2026-04-03 15:35:28.798 +03:00 [INF] Executed DbCommand (233ms) [Parameters=[@__id_0='?' (DbType = Guid)], CommandType='"Text"', CommandTimeout='30']
SELECT s."Id", s."AddOns", s."BookingReference", s."BundleDiscountPercent", s."CanvasLines", s."CreatedAt", s."CustomerId", s."DiscountAmountKes", s."NubuckLines", s."PickupAddress", s."PickupLatitude", s."PickupLocationUrl", s."PickupLongitude", s."PriceKes", s."SneakersLines", s."Status", s."SubtotalBeforeDiscountKes", s."SuedeLines", s."TotalPairs", s."Id0", s."AccessFailedCount", s."Address", s."ConcurrencyStamp", s."CreatedAt0", s."CustomerReference", s."Email", s."EmailConfirmed", s."FullName", s."IsActive", s."LockoutEnabled", s."LockoutEnd", s."NormalizedEmail", s."NormalizedUserName", s."PasswordHash", s."PhoneNumber", s."PhoneNumberConfirmed", s."SecurityStamp", s."TwoFactorEnabled", s."UserName", s."Id1", s."Amount", s."BookingId", s."CreatedAt1", s."MpesaCheckoutRequestId", s."MpesaMerchantRequestId", s."MpesaReceipt", s."PayerPhoneNumber", s."PaymentReference", s."Status0", s."Id2", s."AgentId", s."BookingId0", s."CleaningCompletedAt", s."CleaningStartedAt", s."CustomerId0", s."DeliveredAt", s."DeliveryOtp", s."DeliveryOtpExpiresAt", s."DeliveryOtpVerifiedAt", s."OrderReference", s."PickedUpAt", s."PickupOtp", s."PickupOtpExpiresAt", s."PickupOtpVerifiedAt", s."Status1", s0."Id", s0."AssignedAt", s0."AssignmentReference", s0."AssignmentType", s0."CompletedAt", s0."Notes", s0."OrderId", s0."RiderId", s0."Status", s0."Id0", s0."AccessFailedCount", s0."Address", s0."ConcurrencyStamp", s0."CreatedAt", s0."CustomerReference", s0."Email", s0."EmailConfirmed", s0."FullName", s0."IsActive", s0."LockoutEnabled", s0."LockoutEnd", s0."NormalizedEmail", s0."NormalizedUserName", s0."PasswordHash", s0."PhoneNumber", s0."PhoneNumberConfirmed", s0."SecurityStamp", s0."TwoFactorEnabled", s0."UserName"
FROM (
    SELECT b."Id", b."AddOns", b."BookingReference", b."BundleDiscountPercent", b."CanvasLines", b."CreatedAt", b."CustomerId", b."DiscountAmountKes", b."NubuckLines", b."PickupAddress", b."PickupLatitude", b."PickupLocationUrl", b."PickupLongitude", b."PriceKes", b."SneakersLines", b."Status", b."SubtotalBeforeDiscountKes", b."SuedeLines", b."TotalPairs", f."Id" AS "Id0", f."AccessFailedCount", f."Address", f."ConcurrencyStamp", f."CreatedAt" AS "CreatedAt0", f."CustomerReference", f."Email", f."EmailConfirmed", f."FullName", f."IsActive", f."LockoutEnabled", f."LockoutEnd", f."NormalizedEmail", f."NormalizedUserName", f."PasswordHash", f."PhoneNumber", f."PhoneNumberConfirmed", f."SecurityStamp", f."TwoFactorEnabled", f."UserName", p."Id" AS "Id1", p."Amount", p."BookingId", p."CreatedAt" AS "CreatedAt1", p."MpesaCheckoutRequestId", p."MpesaMerchantRequestId", p."MpesaReceipt", p."PayerPhoneNumber", p."PaymentReference", p."Status" AS "Status0", o."Id" AS "Id2", o."AgentId", o."BookingId" AS "BookingId0", o."CleaningCompletedAt", o."CleaningStartedAt", o."CustomerId" AS "CustomerId0", o."DeliveredAt", o."DeliveryOtp", o."DeliveryOtpExpiresAt", o."DeliveryOtpVerifiedAt", o."OrderReference", o."PickedUpAt", o."PickupOtp", o."PickupOtpExpiresAt", o."PickupOtpVerifiedAt", o."Status" AS "Status1"
    FROM "Bookings" AS b
    INNER JOIN "FreshwalkUsers" AS f ON b."CustomerId" = f."Id"
    LEFT JOIN "Payments" AS p ON b."Id" = p."BookingId"
    LEFT JOIN "Orders" AS o ON b."Id" = o."BookingId"
    WHERE b."Id" = @__id_0
    LIMIT 1
) AS s
LEFT JOIN (
    SELECT o0."Id", o0."AssignedAt", o0."AssignmentReference", o0."AssignmentType", o0."CompletedAt", o0."Notes", o0."OrderId", o0."RiderId", o0."Status", f0."Id" AS "Id0", f0."AccessFailedCount", f0."Address", f0."ConcurrencyStamp", f0."CreatedAt", f0."CustomerReference", f0."Email", f0."EmailConfirmed", f0."FullName", f0."IsActive", f0."LockoutEnabled", f0."LockoutEnd", f0."NormalizedEmail", f0."NormalizedUserName", f0."PasswordHash", f0."PhoneNumber", f0."PhoneNumberConfirmed", f0."SecurityStamp", f0."TwoFactorEnabled", f0."UserName"
    FROM "OrderRiderAssignments" AS o0
    INNER JOIN "FreshwalkUsers" AS f0 ON o0."RiderId" = f0."Id"
) AS s0 ON s."Id2" = s0."OrderId"
ORDER BY s."Id", s."Id0", s."Id1", s."Id2", s0."Id"
2026-04-03 15:35:29.070 +03:00 [INF] Executed DbCommand (273ms) [Parameters=[@__p_0='?' (DbType = Guid)], CommandType='"Text"', CommandTimeout='30']
SELECT f."Id", f."AccessFailedCount", f."Address", f."ConcurrencyStamp", f."CreatedAt", f."CustomerReference", f."Email", f."EmailConfirmed", f."FullName", f."IsActive", f."LockoutEnabled", f."LockoutEnd", f."NormalizedEmail", f."NormalizedUserName", f."PasswordHash", f."PhoneNumber", f."PhoneNumberConfirmed", f."SecurityStamp", f."TwoFactorEnabled", f."UserName"
FROM "FreshwalkUsers" AS f
WHERE f."Id" = @__p_0
LIMIT 1
2026-04-03 15:35:29.070 +03:00 [INF] Executed DbCommand (256ms) [Parameters=[@__p_0='?' (DbType = Guid)], CommandType='"Text"', CommandTimeout='30']
SELECT f."Id", f."AccessFailedCount", f."Address", f."ConcurrencyStamp", f."CreatedAt", f."CustomerReference", f."Email", f."EmailConfirmed", f."FullName", f."IsActive", f."LockoutEnabled", f."LockoutEnd", f."NormalizedEmail", f."NormalizedUserName", f."PasswordHash", f."PhoneNumber", f."PhoneNumberConfirmed", f."SecurityStamp", f."TwoFactorEnabled", f."UserName"
FROM "FreshwalkUsers" AS f
WHERE f."Id" = @__p_0
LIMIT 1
2026-04-03 15:35:29.080 +03:00 [INF] HTTP GET /api/agent/bookings/8f788335-0a95-48be-a2ba-be910b317642 responded 200 in 1805.2498 ms
2026-04-03 15:35:29.117 +03:00 [ERR] HTTP GET /api/orders/14b94dc8-2415-48f5-b787-dc381c72f634 responded 500 in 1155.3434 ms
System.Text.Json.JsonException: A possible object cycle was detected. This can either be due to a cycle or if the object depth is larger than the maximum allowed depth of 32. Consider using ReferenceHandler.Preserve on JsonSerializerOptions to support cycles. Path: $.Booking.Customer.Bookings.Customer.Bookings.Customer.Bookings.Customer.Bookings.Customer.Bookings.Customer.Bookings.Customer.Bookings.Customer.Bookings.Customer.Bookings.Customer.Bookings.Id.
   at System.Text.Json.ThrowHelper.ThrowJsonException_SerializerCycleDetected(Int32 maxDepth)
   at System.Text.Json.Serialization.JsonConverter`1.TryWrite(Utf8JsonWriter writer, T& value, JsonSerializerOptions options, WriteStack& state)
   at System.Text.Json.Serialization.Metadata.JsonPropertyInfo`1.GetMemberAndWriteJson(Object obj, WriteStack& state, Utf8JsonWriter writer)
   at System.Text.Json.Serialization.Converters.ObjectDefaultConverter`1.OnTryWrite(Utf8JsonWriter writer, T value, JsonSerializerOptions options, WriteStack& state)
   at System.Text.Json.Serialization.JsonConverter`1.TryWrite(Utf8JsonWriter writer, T& value, JsonSerializerOptions options, WriteStack& state)
   at System.Text.Json.Serialization.Converters.IEnumerableDefaultConverter`2.OnWriteResume(Utf8JsonWriter writer, TCollection value, JsonSerializerOptions options, WriteStack& state)
   at System.Text.Json.Serialization.JsonCollectionConverter`2.OnTryWrite(Utf8JsonWriter writer, TCollection value, JsonSerializerOptions options, WriteStack& state)
   at System.Text.Json.Serialization.Metadata.JsonPropertyInfo`1.GetMemberAndWriteJson(Object obj, WriteStack& state, Utf8JsonWriter writer)
   at System.Text.Json.Serialization.Converters.ObjectDefaultConverter`1.OnTryWrite(Utf8JsonWriter writer, T value, JsonSerializerOptions options, WriteStack& state)
   at System.Text.Json.Serialization.Metadata.JsonPropertyInfo`1.GetMemberAndWriteJson(Object obj, WriteStack& state, Utf8JsonWriter writer)
   at System.Text.Json.Serialization.Converters.ObjectDefaultConverter`1.OnTryWrite(Utf8JsonWriter writer, T value, JsonSerializerOptions options, WriteStack& state)
   at System.Text.Json.Serialization.JsonConverter`1.TryWrite(Utf8JsonWriter writer, T& value, JsonSerializerOptions options, WriteStack& state)
   at System.Text.Json.Serialization.Converters.IEnumerableDefaultConverter`2.OnWriteResume(Utf8JsonWriter writer, TCollection value, JsonSerializerOptions options, WriteStack& state)
   at System.Text.Json.Serialization.JsonCollectionConverter`2.OnTryWrite(Utf8JsonWriter writer, TCollection value, JsonSerializerOptions options, WriteStack& state)
   at System.Text.Json.Serialization.Metadata.JsonPropertyInfo`1.GetMemberAndWriteJson(Object obj, WriteStack& state, Utf8JsonWriter writer)
   at System.Text.Json.Serialization.Converters.ObjectDefaultConverter`1.OnTryWrite(Utf8JsonWriter writer, T value, JsonSerializerOptions options, WriteStack& state)
   at System.Text.Json.Serialization.Metadata.JsonPropertyInfo`1.GetMemberAndWriteJson(Object obj, WriteStack& state, Utf8JsonWriter writer)
   at System.Text.Json.Serialization.Converters.ObjectDefaultConverter`1.OnTryWrite(Utf8JsonWriter writer, T value, JsonSerializerOptions options, WriteStack& state)
   at System.Text.Json.Serialization.JsonConverter`1.TryWrite(Utf8JsonWriter writer, T& value, JsonSerializerOptions options, WriteStack& state)
   at System.Text.Json.Serialization.Converters.IEnumerableDefaultConverter`2.OnWriteResume(Utf8JsonWriter writer, TCollection value, JsonSerializerOptions options, WriteStack& state)
   at System.Text.Json.Serialization.JsonCollectionConverter`2.OnTryWrite(Utf8JsonWriter writer, TCollection value, JsonSerializerOptions options, WriteStack& state)
   at System.Text.Json.Serialization.Metadata.JsonPropertyInfo`1.GetMemberAndWriteJson(Object obj, WriteStack& state, Utf8JsonWriter writer)
   at System.Text.Json.Serialization.Converters.ObjectDefaultConverter`1.OnTryWrite(Utf8JsonWriter writer, T value, JsonSerializerOptions options, WriteStack& state)
   at System.Text.Json.Serialization.Metadata.JsonPropertyInfo`1.GetMemberAndWriteJson(Object obj, WriteStack& state, Utf8JsonWriter writer)
   at System.Text.Json.Serialization.Converters.ObjectDefaultConverter`1.OnTryWrite(Utf8JsonWriter writer, T value, JsonSerializerOptions options, WriteStack& state)
   at System.Text.Json.Serialization.JsonConverter`1.TryWrite(Utf8JsonWriter writer, T& value, JsonSerializerOptions options, WriteStack& state)
   at System.Text.Json.Serialization.Converters.IEnumerableDefaultConverter`2.OnWriteResume(Utf8JsonWriter writer, TCollection value, JsonSerializerOptions options, WriteStack& state)
   at System.Text.Json.Serialization.JsonCollectionConverter`2.OnTryWrite(Utf8JsonWriter writer, TCollection value, JsonSerializerOptions options, WriteStack& state)
   at System.Text.Json.Serialization.Metadata.JsonPropertyInfo`1.GetMemberAndWriteJson(Object obj, WriteStack& state, Utf8JsonWriter writer)
   at System.Text.Json.Serialization.Converters.ObjectDefaultConverter`1.OnTryWrite(Utf8JsonWriter writer, T value, JsonSerializerOptions options, WriteStack& state)
   at System.Text.Json.Serialization.Metadata.JsonPropertyInfo`1.GetMemberAndWriteJson(Object obj, WriteStack& state, Utf8JsonWriter writer)
   at System.Text.Json.Serialization.Converters.ObjectDefaultConverter`1.OnTryWrite(Utf8JsonWriter writer, T value, JsonSerializerOptions options, WriteStack& state)
   at System.Text.Json.Serialization.JsonConverter`1.TryWrite(Utf8JsonWriter writer, T& value, JsonSerializerOptions options, WriteStack& state)
   at System.Text.Json.Serialization.Converters.IEnumerableDefaultConverter`2.OnWriteResume(Utf8JsonWriter writer, TCollection value, JsonSerializerOptions options, WriteStack& state)
   at System.Text.Json.Serialization.JsonCollectionConverter`2.OnTryWrite(Utf8JsonWriter writer, TCollection value, JsonSerializerOptions options, WriteStack& state)
   at System.Text.Json.Serialization.Metadata.JsonPropertyInfo`1.GetMemberAndWriteJson(Object obj, WriteStack& state, Utf8JsonWriter writer)
   at System.Text.Json.Serialization.Converters.ObjectDefaultConverter`1.OnTryWrite(Utf8JsonWriter writer, T value, JsonSerializerOptions options, WriteStack& state)
   at System.Text.Json.Serialization.Metadata.JsonPropertyInfo`1.GetMemberAndWriteJson(Object obj, WriteStack& state, Utf8JsonWriter writer)
   at System.Text.Json.Serialization.Converters.ObjectDefaultConverter`1.OnTryWrite(Utf8JsonWriter writer, T value, JsonSerializerOptions options, WriteStack& state)
   at System.Text.Json.Serialization.JsonConverter`1.TryWrite(Utf8JsonWriter writer, T& value, JsonSerializerOptions options, WriteStack& state)
   at System.Text.Json.Serialization.Converters.IEnumerableDefaultConverter`2.OnWriteResume(Utf8JsonWriter writer, TCollection value, JsonSerializerOptions options, WriteStack& state)
   at System.Text.Json.Serialization.JsonCollectionConverter`2.OnTryWrite(Utf8JsonWriter writer, TCollection value, JsonSerializerOptions options, WriteStack& state)
   at System.Text.Json.Serialization.Metadata.JsonPropertyInfo`1.GetMemberAndWriteJson(Object obj, WriteStack& state, Utf8JsonWriter writer)
   at System.Text.Json.Serialization.Converters.ObjectDefaultConverter`1.OnTryWrite(Utf8JsonWriter writer, T value, JsonSerializerOptions options, WriteStack& state)
   at System.Text.Json.Serialization.Metadata.JsonPropertyInfo`1.GetMemberAndWriteJson(Object obj, WriteStack& state, Utf8JsonWriter writer)
   at System.Text.Json.Serialization.Converters.ObjectDefaultConverter`1.OnTryWrite(Utf8JsonWriter writer, T value, JsonSerializerOptions options, WriteStack& state)
   at System.Text.Json.Serialization.JsonConverter`1.TryWrite(Utf8JsonWriter writer, T& value, JsonSerializerOptions options, WriteStack& state)
   at System.Text.Json.Serialization.Converters.IEnumerableDefaultConverter`2.OnWriteResume(Utf8JsonWriter writer, TCollection value, JsonSerializerOptions options, WriteStack& state)
   at System.Text.Json.Serialization.JsonCollectionConverter`2.OnTryWrite(Utf8JsonWriter writer, TCollection value, JsonSerializerOptions options, WriteStack& state)
   at System.Text.Json.Serialization.Metadata.JsonPropertyInfo`1.GetMemberAndWriteJson(Object obj, WriteStack& state, Utf8JsonWriter writer)
   at System.Text.Json.Serialization.Converters.ObjectDefaultConverter`1.OnTryWrite(Utf8JsonWriter writer, T value, JsonSerializerOptions options, WriteStack& state)
   at System.Text.Json.Serialization.Metadata.JsonPropertyInfo`1.GetMemberAndWriteJson(Object obj, WriteStack& state, Utf8JsonWriter writer)
   at System.Text.Json.Serialization.Converters.ObjectDefaultConverter`1.OnTryWrite(Utf8JsonWriter writer, T value, JsonSerializerOptions options, WriteStack& state)
   at System.Text.Json.Serialization.JsonConverter`1.TryWrite(Utf8JsonWriter writer, T& value, JsonSerializerOptions options, WriteStack& state)
   at System.Text.Json.Serialization.Converters.IEnumerableDefaultConverter`2.OnWriteResume(Utf8JsonWriter writer, TCollection value, JsonSerializerOptions options, WriteStack& state)
   at System.Text.Json.Serialization.JsonCollectionConverter`2.OnTryWrite(Utf8JsonWriter writer, TCollection value, JsonSerializerOptions options, WriteStack& state)
   at System.Text.Json.Serialization.Metadata.JsonPropertyInfo`1.GetMemberAndWriteJson(Object obj, WriteStack& state, Utf8JsonWriter writer)
   at System.Text.Json.Serialization.Converters.ObjectDefaultConverter`1.OnTryWrite(Utf8JsonWriter writer, T value, JsonSerializerOptions options, WriteStack& state)
   at System.Text.Json.Serialization.Metadata.JsonPropertyInfo`1.GetMemberAndWriteJson(Object obj, WriteStack& state, Utf8JsonWriter writer)
   at System.Text.Json.Serialization.Converters.ObjectDefaultConverter`1.OnTryWrite(Utf8JsonWriter writer, T value, JsonSerializerOptions options, WriteStack& state)
   at System.Text.Json.Serialization.JsonConverter`1.TryWrite(Utf8JsonWriter writer, T& value, JsonSerializerOptions options, WriteStack& state)
   at System.Text.Json.Serialization.Converters.IEnumerableDefaultConverter`2.OnWriteResume(Utf8JsonWriter writer, TCollection value, JsonSerializerOptions options, WriteStack& state)
   at System.Text.Json.Serialization.JsonCollectionConverter`2.OnTryWrite(Utf8JsonWriter writer, TCollection value, JsonSerializerOptions options, WriteStack& state)
   at System.Text.Json.Serialization.Metadata.JsonPropertyInfo`1.GetMemberAndWriteJson(Object obj, WriteStack& state, Utf8JsonWriter writer)
   at System.Text.Json.Serialization.Converters.ObjectDefaultConverter`1.OnTryWrite(Utf8JsonWriter writer, T value, JsonSerializerOptions options, WriteStack& state)
   at System.Text.Json.Serialization.Metadata.JsonPropertyInfo`1.GetMemberAndWriteJson(Object obj, WriteStack& state, Utf8JsonWriter writer)
   at System.Text.Json.Serialization.Converters.ObjectDefaultConverter`1.OnTryWrite(Utf8JsonWriter writer, T value, JsonSerializerOptions options, WriteStack& state)
   at System.Text.Json.Serialization.JsonConverter`1.TryWrite(Utf8JsonWriter writer, T& value, JsonSerializerOptions options, WriteStack& state)
   at System.Text.Json.Serialization.Converters.IEnumerableDefaultConverter`2.OnWriteResume(Utf8JsonWriter writer, TCollection value, JsonSerializerOptions options, WriteStack& state)
   at System.Text.Json.Serialization.JsonCollectionConverter`2.OnTryWrite(Utf8JsonWriter writer, TCollection value, JsonSerializerOptions options, WriteStack& state)
   at System.Text.Json.Serialization.Metadata.JsonPropertyInfo`1.GetMemberAndWriteJson(Object obj, WriteStack& state, Utf8JsonWriter writer)
   at System.Text.Json.Serialization.Converters.ObjectDefaultConverter`1.OnTryWrite(Utf8JsonWriter writer, T value, JsonSerializerOptions options, WriteStack& state)
   at System.Text.Json.Serialization.Metadata.JsonPropertyInfo`1.GetMemberAndWriteJson(Object obj, WriteStack& state, Utf8JsonWriter writer)
   at System.Text.Json.Serialization.Converters.ObjectDefaultConverter`1.OnTryWrite(Utf8JsonWriter writer, T value, JsonSerializerOptions options, WriteStack& state)
   at System.Text.Json.Serialization.Metadata.JsonPropertyInfo`1.GetMemberAndWriteJson(Object obj, WriteStack& state, Utf8JsonWriter writer)
   at System.Text.Json.Serialization.Converters.ObjectDefaultConverter`1.OnTryWrite(Utf8JsonWriter writer, T value, JsonSerializerOptions options, WriteStack& state)
   at System.Text.Json.Serialization.JsonConverter`1.TryWrite(Utf8JsonWriter writer, T& value, JsonSerializerOptions options, WriteStack& state)
   at System.Text.Json.Serialization.JsonConverter`1.WriteCore(Utf8JsonWriter writer, T& value, JsonSerializerOptions options, WriteStack& state)
   at System.Text.Json.Serialization.Metadata.JsonTypeInfo`1.SerializeAsync(PipeWriter pipeWriter, T rootValue, Int32 flushThreshold, CancellationToken cancellationToken, Object rootValueBoxed)
   at System.Text.Json.Serialization.Metadata.JsonTypeInfo`1.SerializeAsync(PipeWriter pipeWriter, T rootValue, Int32 flushThreshold, CancellationToken cancellationToken, Object rootValueBoxed)
   at System.Text.Json.Serialization.Metadata.JsonTypeInfo`1.SerializeAsync(PipeWriter pipeWriter, T rootValue, Int32 flushThreshold, CancellationToken cancellationToken, Object rootValueBoxed)
   at Microsoft.AspNetCore.Mvc.Formatters.SystemTextJsonOutputFormatter.WriteResponseBodyAsync(OutputFormatterWriteContext context, Encoding selectedEncoding)
   at Microsoft.AspNetCore.Mvc.Infrastructure.ResourceInvoker.<InvokeNextResultFilterAsync>g__Awaited|30_0[TFilter,TFilterAsync](ResourceInvoker invoker, Task lastTask, State next, Scope scope, Object state, Boolean isCompleted)
   at Microsoft.AspNetCore.Mvc.Infrastructure.ResourceInvoker.Rethrow(ResultExecutedContextSealed context)
   at Microsoft.AspNetCore.Mvc.Infrastructure.ResourceInvoker.ResultNext[TFilter,TFilterAsync](State& next, Scope& scope, Object& state, Boolean& isCompleted)
   at Microsoft.AspNetCore.Mvc.Infrastructure.ResourceInvoker.InvokeResultFilters()
--- End of stack trace from previous location ---
   at Microsoft.AspNetCore.Mvc.Infrastructure.ResourceInvoker.<InvokeFilterPipelineAsync>g__Awaited|20_0(ResourceInvoker invoker, Task lastTask, State next, Scope scope, Object state, Boolean isCompleted)
   at Microsoft.AspNetCore.Mvc.Infrastructure.ResourceInvoker.<InvokeAsync>g__Awaited|17_0(ResourceInvoker invoker, Task task, IDisposable scope)
   at Microsoft.AspNetCore.Mvc.Infrastructure.ResourceInvoker.<InvokeAsync>g__Awaited|17_0(ResourceInvoker invoker, Task task, IDisposable scope)
   at Freshwalk.API.Logging.AuditRequestLoggingMiddleware.InvokeAsync(HttpContext context, RequestDelegate next) in D:\Projects\Freshwalk Shoe Cleaning web app\API\Freshwalk.API\Logging\AuditRequestLoggingMiddleware.cs:line 63
   at Freshwalk.API.Logging.AuditRequestLoggingMiddleware.InvokeAsync(HttpContext context, RequestDelegate next) in D:\Projects\Freshwalk Shoe Cleaning web app\API\Freshwalk.API\Logging\AuditRequestLoggingMiddleware.cs:line 91
   at Freshwalk.API.Logging.AuditRequestLoggingMiddleware.InvokeAsync(HttpContext context, RequestDelegate next) in D:\Projects\Freshwalk Shoe Cleaning web app\API\Freshwalk.API\Logging\AuditRequestLoggingMiddleware.cs:line 91
   at Microsoft.AspNetCore.Builder.UseMiddlewareExtensions.InterfaceMiddlewareBinder.<>c__DisplayClass2_0.<<CreateMiddleware>b__0>d.MoveNext()
--- End of stack trace from previous location ---
   at Microsoft.AspNetCore.Authorization.AuthorizationMiddleware.Invoke(HttpContext context)
   at Microsoft.AspNetCore.Authentication.AuthenticationMiddleware.Invoke(HttpContext context)
   at Serilog.AspNetCore.RequestLoggingMiddleware.Invoke(HttpContext httpContext)
2026-04-03 15:35:29.191 +03:00 [ERR] An unhandled exception has occurred while executing the request.
System.Text.Json.JsonException: A possible object cycle was detected. This can either be due to a cycle or if the object depth is larger than the maximum allowed depth of 32. Consider using ReferenceHandler.Preserve on JsonSerializerOptions to support cycles. Path: $.Booking.Customer.Bookings.Customer.Bookings.Customer.Bookings.Customer.Bookings.Customer.Bookings.Customer.Bookings.Customer.Bookings.Customer.Bookings.Customer.Bookings.Customer.Bookings.Id.
   at System.Text.Json.ThrowHelper.ThrowJsonException_SerializerCycleDetected(Int32 maxDepth)
   at System.Text.Json.Serialization.JsonConverter`1.TryWrite(Utf8JsonWriter writer, T& value, JsonSerializerOptions options, WriteStack& state)
   at System.Text.Json.Serialization.Metadata.JsonPropertyInfo`1.GetMemberAndWriteJson(Object obj, WriteStack& state, Utf8JsonWriter writer)
   at System.Text.Json.Serialization.Converters.ObjectDefaultConverter`1.OnTryWrite(Utf8JsonWriter writer, T value, JsonSerializerOptions options, WriteStack& state)
   at System.Text.Json.Serialization.JsonConverter`1.TryWrite(Utf8JsonWriter writer, T& value, JsonSerializerOptions options, WriteStack& state)
   at System.Text.Json.Serialization.Converters.IEnumerableDefaultConverter`2.OnWriteResume(Utf8JsonWriter writer, TCollection value, JsonSerializerOptions options, WriteStack& state)
   at System.Text.Json.Serialization.JsonCollectionConverter`2.OnTryWrite(Utf8JsonWriter writer, TCollection value, JsonSerializerOptions options, WriteStack& state)
   at System.Text.Json.Serialization.Metadata.JsonPropertyInfo`1.GetMemberAndWriteJson(Object obj, WriteStack& state, Utf8JsonWriter writer)
   at System.Text.Json.Serialization.Converters.ObjectDefaultConverter`1.OnTryWrite(Utf8JsonWriter writer, T value, JsonSerializerOptions options, WriteStack& state)
   at System.Text.Json.Serialization.Metadata.JsonPropertyInfo`1.GetMemberAndWriteJson(Object obj, WriteStack& state, Utf8JsonWriter writer)
   at System.Text.Json.Serialization.Converters.ObjectDefaultConverter`1.OnTryWrite(Utf8JsonWriter writer, T value, JsonSerializerOptions options, WriteStack& state)
   at System.Text.Json.Serialization.JsonConverter`1.TryWrite(Utf8JsonWriter writer, T& value, JsonSerializerOptions options, WriteStack& state)
   at System.Text.Json.Serialization.Converters.IEnumerableDefaultConverter`2.OnWriteResume(Utf8JsonWriter writer, TCollection value, JsonSerializerOptions options, WriteStack& state)
   at System.Text.Json.Serialization.JsonCollectionConverter`2.OnTryWrite(Utf8JsonWriter writer, TCollection value, JsonSerializerOptions options, WriteStack& state)
   at System.Text.Json.Serialization.Metadata.JsonPropertyInfo`1.GetMemberAndWriteJson(Object obj, WriteStack& state, Utf8JsonWriter writer)
   at System.Text.Json.Serialization.Converters.ObjectDefaultConverter`1.OnTryWrite(Utf8JsonWriter writer, T value, JsonSerializerOptions options, WriteStack& state)
   at System.Text.Json.Serialization.Metadata.JsonPropertyInfo`1.GetMemberAndWriteJson(Object obj, WriteStack& state, Utf8JsonWriter writer)
   at System.Text.Json.Serialization.Converters.ObjectDefaultConverter`1.OnTryWrite(Utf8JsonWriter writer, T value, JsonSerializerOptions options, WriteStack& state)
   at System.Text.Json.Serialization.JsonConverter`1.TryWrite(Utf8JsonWriter writer, T& value, JsonSerializerOptions options, WriteStack& state)
   at System.Text.Json.Serialization.Converters.IEnumerableDefaultConverter`2.OnWriteResume(Utf8JsonWriter writer, TCollection value, JsonSerializerOptions options, WriteStack& state)
   at System.Text.Json.Serialization.JsonCollectionConverter`2.OnTryWrite(Utf8JsonWriter writer, TCollection value, JsonSerializerOptions options, WriteStack& state)
   at System.Text.Json.Serialization.Metadata.JsonPropertyInfo`1.GetMemberAndWriteJson(Object obj, WriteStack& state, Utf8JsonWriter writer)
   at System.Text.Json.Serialization.Converters.ObjectDefaultConverter`1.OnTryWrite(Utf8JsonWriter writer, T value, JsonSerializerOptions options, WriteStack& state)
   at System.Text.Json.Serialization.Metadata.JsonPropertyInfo`1.GetMemberAndWriteJson(Object obj, WriteStack& state, Utf8JsonWriter writer)
   at System.Text.Json.Serialization.Converters.ObjectDefaultConverter`1.OnTryWrite(Utf8JsonWriter writer, T value, JsonSerializerOptions options, WriteStack& state)
   at System.Text.Json.Serialization.JsonConverter`1.TryWrite(Utf8JsonWriter writer, T& value, JsonSerializerOptions options, WriteStack& state)
   at System.Text.Json.Serialization.Converters.IEnumerableDefaultConverter`2.OnWriteResume(Utf8JsonWriter writer, TCollection value, JsonSerializerOptions options, WriteStack& state)
   at System.Text.Json.Serialization.JsonCollectionConverter`2.OnTryWrite(Utf8JsonWriter writer, TCollection value, JsonSerializerOptions options, WriteStack& state)
   at System.Text.Json.Serialization.Metadata.JsonPropertyInfo`1.GetMemberAndWriteJson(Object obj, WriteStack& state, Utf8JsonWriter writer)
   at System.Text.Json.Serialization.Converters.ObjectDefaultConverter`1.OnTryWrite(Utf8JsonWriter writer, T value, JsonSerializerOptions options, WriteStack& state)
   at System.Text.Json.Serialization.Metadata.JsonPropertyInfo`1.GetMemberAndWriteJson(Object obj, WriteStack& state, Utf8JsonWriter writer)
   at System.Text.Json.Serialization.Converters.ObjectDefaultConverter`1.OnTryWrite(Utf8JsonWriter writer, T value, JsonSerializerOptions options, WriteStack& state)
   at System.Text.Json.Serialization.JsonConverter`1.TryWrite(Utf8JsonWriter writer, T& value, JsonSerializerOptions options, WriteStack& state)
   at System.Text.Json.Serialization.Converters.IEnumerableDefaultConverter`2.OnWriteResume(Utf8JsonWriter writer, TCollection value, JsonSerializerOptions options, WriteStack& state)
   at System.Text.Json.Serialization.JsonCollectionConverter`2.OnTryWrite(Utf8JsonWriter writer, TCollection value, JsonSerializerOptions options, WriteStack& state)
   at System.Text.Json.Serialization.Metadata.JsonPropertyInfo`1.GetMemberAndWriteJson(Object obj, WriteStack& state, Utf8JsonWriter writer)
   at System.Text.Json.Serialization.Converters.ObjectDefaultConverter`1.OnTryWrite(Utf8JsonWriter writer, T value, JsonSerializerOptions options, WriteStack& state)
   at System.Text.Json.Serialization.Metadata.JsonPropertyInfo`1.GetMemberAndWriteJson(Object obj, WriteStack& state, Utf8JsonWriter writer)
   at System.Text.Json.Serialization.Converters.ObjectDefaultConverter`1.OnTryWrite(Utf8JsonWriter writer, T value, JsonSerializerOptions options, WriteStack& state)
   at System.Text.Json.Serialization.JsonConverter`1.TryWrite(Utf8JsonWriter writer, T& value, JsonSerializerOptions options, WriteStack& state)
   at System.Text.Json.Serialization.Converters.IEnumerableDefaultConverter`2.OnWriteResume(Utf8JsonWriter writer, TCollection value, JsonSerializerOptions options, WriteStack& state)
   at System.Text.Json.Serialization.JsonCollectionConverter`2.OnTryWrite(Utf8JsonWriter writer, TCollection value, JsonSerializerOptions options, WriteStack& state)
   at System.Text.Json.Serialization.Metadata.JsonPropertyInfo`1.GetMemberAndWriteJson(Object obj, WriteStack& state, Utf8JsonWriter writer)
   at System.Text.Json.Serialization.Converters.ObjectDefaultConverter`1.OnTryWrite(Utf8JsonWriter writer, T value, JsonSerializerOptions options, WriteStack& state)
   at System.Text.Json.Serialization.Metadata.JsonPropertyInfo`1.GetMemberAndWriteJson(Object obj, WriteStack& state, Utf8JsonWriter writer)
   at System.Text.Json.Serialization.Converters.ObjectDefaultConverter`1.OnTryWrite(Utf8JsonWriter writer, T value, JsonSerializerOptions options, WriteStack& state)
   at System.Text.Json.Serialization.JsonConverter`1.TryWrite(Utf8JsonWriter writer, T& value, JsonSerializerOptions options, WriteStack& state)
   at System.Text.Json.Serialization.Converters.IEnumerableDefaultConverter`2.OnWriteResume(Utf8JsonWriter writer, TCollection value, JsonSerializerOptions options, WriteStack& state)
   at System.Text.Json.Serialization.JsonCollectionConverter`2.OnTryWrite(Utf8JsonWriter writer, TCollection value, JsonSerializerOptions options, WriteStack& state)
   at System.Text.Json.Serialization.Metadata.JsonPropertyInfo`1.GetMemberAndWriteJson(Object obj, WriteStack& state, Utf8JsonWriter writer)
   at System.Text.Json.Serialization.Converters.ObjectDefaultConverter`1.OnTryWrite(Utf8JsonWriter writer, T value, JsonSerializerOptions options, WriteStack& state)
   at System.Text.Json.Serialization.Metadata.JsonPropertyInfo`1.GetMemberAndWriteJson(Object obj, WriteStack& state, Utf8JsonWriter writer)
   at System.Text.Json.Serialization.Converters.ObjectDefaultConverter`1.OnTryWrite(Utf8JsonWriter writer, T value, JsonSerializerOptions options, WriteStack& state)
   at System.Text.Json.Serialization.JsonConverter`1.TryWrite(Utf8JsonWriter writer, T& value, JsonSerializerOptions options, WriteStack& state)
   at System.Text.Json.Serialization.Converters.IEnumerableDefaultConverter`2.OnWriteResume(Utf8JsonWriter writer, TCollection value, JsonSerializerOptions options, WriteStack& state)
   at System.Text.Json.Serialization.JsonCollectionConverter`2.OnTryWrite(Utf8JsonWriter writer, TCollection value, JsonSerializerOptions options, WriteStack& state)
   at System.Text.Json.Serialization.Metadata.JsonPropertyInfo`1.GetMemberAndWriteJson(Object obj, WriteStack& state, Utf8JsonWriter writer)
   at System.Text.Json.Serialization.Converters.ObjectDefaultConverter`1.OnTryWrite(Utf8JsonWriter writer, T value, JsonSerializerOptions options, WriteStack& state)
   at System.Text.Json.Serialization.Metadata.JsonPropertyInfo`1.GetMemberAndWriteJson(Object obj, WriteStack& state, Utf8JsonWriter writer)
   at System.Text.Json.Serialization.Converters.ObjectDefaultConverter`1.OnTryWrite(Utf8JsonWriter writer, T value, JsonSerializerOptions options, WriteStack& state)
   at System.Text.Json.Serialization.JsonConverter`1.TryWrite(Utf8JsonWriter writer, T& value, JsonSerializerOptions options, WriteStack& state)
   at System.Text.Json.Serialization.Converters.IEnumerableDefaultConverter`2.OnWriteResume(Utf8JsonWriter writer, TCollection value, JsonSerializerOptions options, WriteStack& state)
   at System.Text.Json.Serialization.JsonCollectionConverter`2.OnTryWrite(Utf8JsonWriter writer, TCollection value, JsonSerializerOptions options, WriteStack& state)
   at System.Text.Json.Serialization.Metadata.JsonPropertyInfo`1.GetMemberAndWriteJson(Object obj, WriteStack& state, Utf8JsonWriter writer)
   at System.Text.Json.Serialization.Converters.ObjectDefaultConverter`1.OnTryWrite(Utf8JsonWriter writer, T value, JsonSerializerOptions options, WriteStack& state)
   at System.Text.Json.Serialization.Metadata.JsonPropertyInfo`1.GetMemberAndWriteJson(Object obj, WriteStack& state, Utf8JsonWriter writer)
   at System.Text.Json.Serialization.Converters.ObjectDefaultConverter`1.OnTryWrite(Utf8JsonWriter writer, T value, JsonSerializerOptions options, WriteStack& state)
   at System.Text.Json.Serialization.JsonConverter`1.TryWrite(Utf8JsonWriter writer, T& value, JsonSerializerOptions options, WriteStack& state)
   at System.Text.Json.Serialization.Converters.IEnumerableDefaultConverter`2.OnWriteResume(Utf8JsonWriter writer, TCollection value, JsonSerializerOptions options, WriteStack& state)
   at System.Text.Json.Serialization.JsonCollectionConverter`2.OnTryWrite(Utf8JsonWriter writer, TCollection value, JsonSerializerOptions options, WriteStack& state)
   at System.Text.Json.Serialization.Metadata.JsonPropertyInfo`1.GetMemberAndWriteJson(Object obj, WriteStack& state, Utf8JsonWriter writer)
   at System.Text.Json.Serialization.Converters.ObjectDefaultConverter`1.OnTryWrite(Utf8JsonWriter writer, T value, JsonSerializerOptions options, WriteStack& state)
   at System.Text.Json.Serialization.Metadata.JsonPropertyInfo`1.GetMemberAndWriteJson(Object obj, WriteStack& state, Utf8JsonWriter writer)
   at System.Text.Json.Serialization.Converters.ObjectDefaultConverter`1.OnTryWrite(Utf8JsonWriter writer, T value, JsonSerializerOptions options, WriteStack& state)
   at System.Text.Json.Serialization.Metadata.JsonPropertyInfo`1.GetMemberAndWriteJson(Object obj, WriteStack& state, Utf8JsonWriter writer)
   at System.Text.Json.Serialization.Converters.ObjectDefaultConverter`1.OnTryWrite(Utf8JsonWriter writer, T value, JsonSerializerOptions options, WriteStack& state)
   at System.Text.Json.Serialization.JsonConverter`1.TryWrite(Utf8JsonWriter writer, T& value, JsonSerializerOptions options, WriteStack& state)
   at System.Text.Json.Serialization.JsonConverter`1.WriteCore(Utf8JsonWriter writer, T& value, JsonSerializerOptions options, WriteStack& state)
   at System.Text.Json.Serialization.Metadata.JsonTypeInfo`1.SerializeAsync(PipeWriter pipeWriter, T rootValue, Int32 flushThreshold, CancellationToken cancellationToken, Object rootValueBoxed)
   at System.Text.Json.Serialization.Metadata.JsonTypeInfo`1.SerializeAsync(PipeWriter pipeWriter, T rootValue, Int32 flushThreshold, CancellationToken cancellationToken, Object rootValueBoxed)
   at System.Text.Json.Serialization.Metadata.JsonTypeInfo`1.SerializeAsync(PipeWriter pipeWriter, T rootValue, Int32 flushThreshold, CancellationToken cancellationToken, Object rootValueBoxed)
   at Microsoft.AspNetCore.Mvc.Formatters.SystemTextJsonOutputFormatter.WriteResponseBodyAsync(OutputFormatterWriteContext context, Encoding selectedEncoding)
   at Microsoft.AspNetCore.Mvc.Infrastructure.ResourceInvoker.<InvokeNextResultFilterAsync>g__Awaited|30_0[TFilter,TFilterAsync](ResourceInvoker invoker, Task lastTask, State next, Scope scope, Object state, Boolean isCompleted)
   at Microsoft.AspNetCore.Mvc.Infrastructure.ResourceInvoker.Rethrow(ResultExecutedContextSealed context)
   at Microsoft.AspNetCore.Mvc.Infrastructure.ResourceInvoker.ResultNext[TFilter,TFilterAsync](State& next, Scope& scope, Object& state, Boolean& isCompleted)
   at Microsoft.AspNetCore.Mvc.Infrastructure.ResourceInvoker.InvokeResultFilters()
--- End of stack trace from previous location ---
   at Microsoft.AspNetCore.Mvc.Infrastructure.ResourceInvoker.<InvokeFilterPipelineAsync>g__Awaited|20_0(ResourceInvoker invoker, Task lastTask, State next, Scope scope, Object state, Boolean isCompleted)
   at Microsoft.AspNetCore.Mvc.Infrastructure.ResourceInvoker.<InvokeAsync>g__Awaited|17_0(ResourceInvoker invoker, Task task, IDisposable scope)
   at Microsoft.AspNetCore.Mvc.Infrastructure.ResourceInvoker.<InvokeAsync>g__Awaited|17_0(ResourceInvoker invoker, Task task, IDisposable scope)
   at Freshwalk.API.Logging.AuditRequestLoggingMiddleware.InvokeAsync(HttpContext context, RequestDelegate next) in D:\Projects\Freshwalk Shoe Cleaning web app\API\Freshwalk.API\Logging\AuditRequestLoggingMiddleware.cs:line 63
   at Freshwalk.API.Logging.AuditRequestLoggingMiddleware.InvokeAsync(HttpContext context, RequestDelegate next) in D:\Projects\Freshwalk Shoe Cleaning web app\API\Freshwalk.API\Logging\AuditRequestLoggingMiddleware.cs:line 91
   at Freshwalk.API.Logging.AuditRequestLoggingMiddleware.InvokeAsync(HttpContext context, RequestDelegate next) in D:\Projects\Freshwalk Shoe Cleaning web app\API\Freshwalk.API\Logging\AuditRequestLoggingMiddleware.cs:line 91
   at Microsoft.AspNetCore.Builder.UseMiddlewareExtensions.InterfaceMiddlewareBinder.<>c__DisplayClass2_0.<<CreateMiddleware>b__0>d.MoveNext()
--- End of stack trace from previous location ---
   at Microsoft.AspNetCore.Authorization.AuthorizationMiddleware.Invoke(HttpContext context)
   at Microsoft.AspNetCore.Authentication.AuthenticationMiddleware.Invoke(HttpContext context)
   at Serilog.AspNetCore.RequestLoggingMiddleware.Invoke(HttpContext httpContext)
   at Swashbuckle.AspNetCore.SwaggerUI.SwaggerUIMiddleware.Invoke(HttpContext httpContext)
   at Swashbuckle.AspNetCore.Swagger.SwaggerMiddleware.Invoke(HttpContext httpContext, ISwaggerProvider swaggerProvider)
   at Microsoft.AspNetCore.Diagnostics.DeveloperExceptionPageMiddlewareImpl.Invoke(HttpContext context)
2026-04-03 15:35:29.487 +03:00 [INF] Executed DbCommand (200ms) [Parameters=[@__id_0='?' (DbType = Guid)], CommandType='"Text"', CommandTimeout='30']
SELECT s."Id", s."AgentId", s."BookingId", s."CleaningCompletedAt", s."CleaningStartedAt", s."CustomerId", s."DeliveredAt", s."DeliveryOtp", s."DeliveryOtpExpiresAt", s."DeliveryOtpVerifiedAt", s."OrderReference", s."PickedUpAt", s."PickupOtp", s."PickupOtpExpiresAt", s."PickupOtpVerifiedAt", s."Status", s."Id0", s."AddOns", s."BookingReference", s."BundleDiscountPercent", s."CanvasLines", s."CreatedAt", s."CustomerId0", s."DiscountAmountKes", s."NubuckLines", s."PickupAddress", s."PickupLatitude", s."PickupLocationUrl", s."PickupLongitude", s."PriceKes", s."SneakersLines", s."Status0", s."SubtotalBeforeDiscountKes", s."SuedeLines", s."TotalPairs", s."Id1", s."AccessFailedCount", s."Address", s."ConcurrencyStamp", s."CreatedAt0", s."CustomerReference", s."Email", s."EmailConfirmed", s."FullName", s."IsActive", s."LockoutEnabled", s."LockoutEnd", s."NormalizedEmail", s."NormalizedUserName", s."PasswordHash", s."PhoneNumber", s."PhoneNumberConfirmed", s."SecurityStamp", s."TwoFactorEnabled", s."UserName", s."Id2", s."Amount", s."BookingId0", s."CreatedAt1", s."MpesaCheckoutRequestId", s."MpesaMerchantRequestId", s."MpesaReceipt", s."PayerPhoneNumber", s."PaymentReference", s."Status1", s0."Id", s0."AssignedAt", s0."AssignmentReference", s0."AssignmentType", s0."CompletedAt", s0."Notes", s0."OrderId", s0."RiderId", s0."Status", s0."Id0", s0."AccessFailedCount", s0."Address", s0."ConcurrencyStamp", s0."CreatedAt", s0."CustomerReference", s0."Email", s0."EmailConfirmed", s0."FullName", s0."IsActive", s0."LockoutEnabled", s0."LockoutEnd", s0."NormalizedEmail", s0."NormalizedUserName", s0."PasswordHash", s0."PhoneNumber", s0."PhoneNumberConfirmed", s0."SecurityStamp", s0."TwoFactorEnabled", s0."UserName"
FROM (
    SELECT o."Id", o."AgentId", o."BookingId", o."CleaningCompletedAt", o."CleaningStartedAt", o."CustomerId", o."DeliveredAt", o."DeliveryOtp", o."DeliveryOtpExpiresAt", o."DeliveryOtpVerifiedAt", o."OrderReference", o."PickedUpAt", o."PickupOtp", o."PickupOtpExpiresAt", o."PickupOtpVerifiedAt", o."Status", b."Id" AS "Id0", b."AddOns", b."BookingReference", b."BundleDiscountPercent", b."CanvasLines", b."CreatedAt", b."CustomerId" AS "CustomerId0", b."DiscountAmountKes", b."NubuckLines", b."PickupAddress", b."PickupLatitude", b."PickupLocationUrl", b."PickupLongitude", b."PriceKes", b."SneakersLines", b."Status" AS "Status0", b."SubtotalBeforeDiscountKes", b."SuedeLines", b."TotalPairs", f."Id" AS "Id1", f."AccessFailedCount", f."Address", f."ConcurrencyStamp", f."CreatedAt" AS "CreatedAt0", f."CustomerReference", f."Email", f."EmailConfirmed", f."FullName", f."IsActive", f."LockoutEnabled", f."LockoutEnd", f."NormalizedEmail", f."NormalizedUserName", f."PasswordHash", f."PhoneNumber", f."PhoneNumberConfirmed", f."SecurityStamp", f."TwoFactorEnabled", f."UserName", p."Id" AS "Id2", p."Amount", p."BookingId" AS "BookingId0", p."CreatedAt" AS "CreatedAt1", p."MpesaCheckoutRequestId", p."MpesaMerchantRequestId", p."MpesaReceipt", p."PayerPhoneNumber", p."PaymentReference", p."Status" AS "Status1"
    FROM "Orders" AS o
    INNER JOIN "Bookings" AS b ON o."BookingId" = b."Id"
    INNER JOIN "FreshwalkUsers" AS f ON b."CustomerId" = f."Id"
    LEFT JOIN "Payments" AS p ON b."Id" = p."BookingId"
    WHERE o."Id" = @__id_0
    LIMIT 1
) AS s
LEFT JOIN (
    SELECT o0."Id", o0."AssignedAt", o0."AssignmentReference", o0."AssignmentType", o0."CompletedAt", o0."Notes", o0."OrderId", o0."RiderId", o0."Status", f0."Id" AS "Id0", f0."AccessFailedCount", f0."Address", f0."ConcurrencyStamp", f0."CreatedAt", f0."CustomerReference", f0."Email", f0."EmailConfirmed", f0."FullName", f0."IsActive", f0."LockoutEnabled", f0."LockoutEnd", f0."NormalizedEmail", f0."NormalizedUserName", f0."PasswordHash", f0."PhoneNumber", f0."PhoneNumberConfirmed", f0."SecurityStamp", f0."TwoFactorEnabled", f0."UserName"
    FROM "OrderRiderAssignments" AS o0
    INNER JOIN "FreshwalkUsers" AS f0 ON o0."RiderId" = f0."Id"
) AS s0 ON s."Id" = s0."OrderId"
ORDER BY s."Id", s."Id0", s."Id1", s."Id2", s0."Id"
2026-04-03 15:35:29.796 +03:00 [INF] Executed DbCommand (296ms) [Parameters=[@__p_0='?' (DbType = Guid)], CommandType='"Text"', CommandTimeout='30']
SELECT f."Id", f."AccessFailedCount", f."Address", f."ConcurrencyStamp", f."CreatedAt", f."CustomerReference", f."Email", f."EmailConfirmed", f."FullName", f."IsActive", f."LockoutEnabled", f."LockoutEnd", f."NormalizedEmail", f."NormalizedUserName", f."PasswordHash", f."PhoneNumber", f."PhoneNumberConfirmed", f."SecurityStamp", f."TwoFactorEnabled", f."UserName"
FROM "FreshwalkUsers" AS f
WHERE f."Id" = @__p_0
LIMIT 1
2026-04-03 15:35:29.807 +03:00 [ERR] HTTP GET /api/orders/14b94dc8-2415-48f5-b787-dc381c72f634 responded 500 in 522.9837 ms
System.Text.Json.JsonException: A possible object cycle was detected. This can either be due to a cycle or if the object depth is larger than the maximum allowed depth of 32. Consider using ReferenceHandler.Preserve on JsonSerializerOptions to support cycles. Path: $.Booking.Customer.Bookings.Customer.Bookings.Customer.Bookings.Customer.Bookings.Customer.Bookings.Customer.Bookings.Customer.Bookings.Customer.Bookings.Customer.Bookings.Customer.Bookings.Id.
   at System.Text.Json.ThrowHelper.ThrowJsonException_SerializerCycleDetected(Int32 maxDepth)
   at System.Text.Json.Serialization.JsonConverter`1.TryWrite(Utf8JsonWriter writer, T& value, JsonSerializerOptions options, WriteStack& state)
   at System.Text.Json.Serialization.Metadata.JsonPropertyInfo`1.GetMemberAndWriteJson(Object obj, WriteStack& state, Utf8JsonWriter writer)
   at System.Text.Json.Serialization.Converters.ObjectDefaultConverter`1.OnTryWrite(Utf8JsonWriter writer, T value, JsonSerializerOptions options, WriteStack& state)
   at System.Text.Json.Serialization.JsonConverter`1.TryWrite(Utf8JsonWriter writer, T& value, JsonSerializerOptions options, WriteStack& state)
   at System.Text.Json.Serialization.Converters.IEnumerableDefaultConverter`2.OnWriteResume(Utf8JsonWriter writer, TCollection value, JsonSerializerOptions options, WriteStack& state)
   at System.Text.Json.Serialization.JsonCollectionConverter`2.OnTryWrite(Utf8JsonWriter writer, TCollection value, JsonSerializerOptions options, WriteStack& state)
   at System.Text.Json.Serialization.Metadata.JsonPropertyInfo`1.GetMemberAndWriteJson(Object obj, WriteStack& state, Utf8JsonWriter writer)
   at System.Text.Json.Serialization.Converters.ObjectDefaultConverter`1.OnTryWrite(Utf8JsonWriter writer, T value, JsonSerializerOptions options, WriteStack& state)
   at System.Text.Json.Serialization.Metadata.JsonPropertyInfo`1.GetMemberAndWriteJson(Object obj, WriteStack& state, Utf8JsonWriter writer)
   at System.Text.Json.Serialization.Converters.ObjectDefaultConverter`1.OnTryWrite(Utf8JsonWriter writer, T value, JsonSerializerOptions options, WriteStack& state)
   at System.Text.Json.Serialization.JsonConverter`1.TryWrite(Utf8JsonWriter writer, T& value, JsonSerializerOptions options, WriteStack& state)
   at System.Text.Json.Serialization.Converters.IEnumerableDefaultConverter`2.OnWriteResume(Utf8JsonWriter writer, TCollection value, JsonSerializerOptions options, WriteStack& state)
   at System.Text.Json.Serialization.JsonCollectionConverter`2.OnTryWrite(Utf8JsonWriter writer, TCollection value, JsonSerializerOptions options, WriteStack& state)
   at System.Text.Json.Serialization.Metadata.JsonPropertyInfo`1.GetMemberAndWriteJson(Object obj, WriteStack& state, Utf8JsonWriter writer)
   at System.Text.Json.Serialization.Converters.ObjectDefaultConverter`1.OnTryWrite(Utf8JsonWriter writer, T value, JsonSerializerOptions options, WriteStack& state)
   at System.Text.Json.Serialization.Metadata.JsonPropertyInfo`1.GetMemberAndWriteJson(Object obj, WriteStack& state, Utf8JsonWriter writer)
   at System.Text.Json.Serialization.Converters.ObjectDefaultConverter`1.OnTryWrite(Utf8JsonWriter writer, T value, JsonSerializerOptions options, WriteStack& state)
   at System.Text.Json.Serialization.JsonConverter`1.TryWrite(Utf8JsonWriter writer, T& value, JsonSerializerOptions options, WriteStack& state)
   at System.Text.Json.Serialization.Converters.IEnumerableDefaultConverter`2.OnWriteResume(Utf8JsonWriter writer, TCollection value, JsonSerializerOptions options, WriteStack& state)
   at System.Text.Json.Serialization.JsonCollectionConverter`2.OnTryWrite(Utf8JsonWriter writer, TCollection value, JsonSerializerOptions options, WriteStack& state)
   at System.Text.Json.Serialization.Metadata.JsonPropertyInfo`1.GetMemberAndWriteJson(Object obj, WriteStack& state, Utf8JsonWriter writer)
   at System.Text.Json.Serialization.Converters.ObjectDefaultConverter`1.OnTryWrite(Utf8JsonWriter writer, T value, JsonSerializerOptions options, WriteStack& state)
   at System.Text.Json.Serialization.Metadata.JsonPropertyInfo`1.GetMemberAndWriteJson(Object obj, WriteStack& state, Utf8JsonWriter writer)
   at System.Text.Json.Serialization.Converters.ObjectDefaultConverter`1.OnTryWrite(Utf8JsonWriter writer, T value, JsonSerializerOptions options, WriteStack& state)
   at System.Text.Json.Serialization.JsonConverter`1.TryWrite(Utf8JsonWriter writer, T& value, JsonSerializerOptions options, WriteStack& state)
   at System.Text.Json.Serialization.Converters.IEnumerableDefaultConverter`2.OnWriteResume(Utf8JsonWriter writer, TCollection value, JsonSerializerOptions options, WriteStack& state)
   at System.Text.Json.Serialization.JsonCollectionConverter`2.OnTryWrite(Utf8JsonWriter writer, TCollection value, JsonSerializerOptions options, WriteStack& state)
   at System.Text.Json.Serialization.Metadata.JsonPropertyInfo`1.GetMemberAndWriteJson(Object obj, WriteStack& state, Utf8JsonWriter writer)
   at System.Text.Json.Serialization.Converters.ObjectDefaultConverter`1.OnTryWrite(Utf8JsonWriter writer, T value, JsonSerializerOptions options, WriteStack& state)
   at System.Text.Json.Serialization.Metadata.JsonPropertyInfo`1.GetMemberAndWriteJson(Object obj, WriteStack& state, Utf8JsonWriter writer)
   at System.Text.Json.Serialization.Converters.ObjectDefaultConverter`1.OnTryWrite(Utf8JsonWriter writer, T value, JsonSerializerOptions options, WriteStack& state)
   at System.Text.Json.Serialization.JsonConverter`1.TryWrite(Utf8JsonWriter writer, T& value, JsonSerializerOptions options, WriteStack& state)
   at System.Text.Json.Serialization.Converters.IEnumerableDefaultConverter`2.OnWriteResume(Utf8JsonWriter writer, TCollection value, JsonSerializerOptions options, WriteStack& state)
   at System.Text.Json.Serialization.JsonCollectionConverter`2.OnTryWrite(Utf8JsonWriter writer, TCollection value, JsonSerializerOptions options, WriteStack& state)
   at System.Text.Json.Serialization.Metadata.JsonPropertyInfo`1.GetMemberAndWriteJson(Object obj, WriteStack& state, Utf8JsonWriter writer)
   at System.Text.Json.Serialization.Converters.ObjectDefaultConverter`1.OnTryWrite(Utf8JsonWriter writer, T value, JsonSerializerOptions options, WriteStack& state)
   at System.Text.Json.Serialization.Metadata.JsonPropertyInfo`1.GetMemberAndWriteJson(Object obj, WriteStack& state, Utf8JsonWriter writer)
   at System.Text.Json.Serialization.Converters.ObjectDefaultConverter`1.OnTryWrite(Utf8JsonWriter writer, T value, JsonSerializerOptions options, WriteStack& state)
   at System.Text.Json.Serialization.JsonConverter`1.TryWrite(Utf8JsonWriter writer, T& value, JsonSerializerOptions options, WriteStack& state)
   at System.Text.Json.Serialization.Converters.IEnumerableDefaultConverter`2.OnWriteResume(Utf8JsonWriter writer, TCollection value, JsonSerializerOptions options, WriteStack& state)
   at System.Text.Json.Serialization.JsonCollectionConverter`2.OnTryWrite(Utf8JsonWriter writer, TCollection value, JsonSerializerOptions options, WriteStack& state)
   at System.Text.Json.Serialization.Metadata.JsonPropertyInfo`1.GetMemberAndWriteJson(Object obj, WriteStack& state, Utf8JsonWriter writer)
   at System.Text.Json.Serialization.Converters.ObjectDefaultConverter`1.OnTryWrite(Utf8JsonWriter writer, T value, JsonSerializerOptions options, WriteStack& state)
   at System.Text.Json.Serialization.Metadata.JsonPropertyInfo`1.GetMemberAndWriteJson(Object obj, WriteStack& state, Utf8JsonWriter writer)
   at System.Text.Json.Serialization.Converters.ObjectDefaultConverter`1.OnTryWrite(Utf8JsonWriter writer, T value, JsonSerializerOptions options, WriteStack& state)
   at System.Text.Json.Serialization.JsonConverter`1.TryWrite(Utf8JsonWriter writer, T& value, JsonSerializerOptions options, WriteStack& state)
   at System.Text.Json.Serialization.Converters.IEnumerableDefaultConverter`2.OnWriteResume(Utf8JsonWriter writer, TCollection value, JsonSerializerOptions options, WriteStack& state)
   at System.Text.Json.Serialization.JsonCollectionConverter`2.OnTryWrite(Utf8JsonWriter writer, TCollection value, JsonSerializerOptions options, WriteStack& state)
   at System.Text.Json.Serialization.Metadata.JsonPropertyInfo`1.GetMemberAndWriteJson(Object obj, WriteStack& state, Utf8JsonWriter writer)
   at System.Text.Json.Serialization.Converters.ObjectDefaultConverter`1.OnTryWrite(Utf8JsonWriter writer, T value, JsonSerializerOptions options, WriteStack& state)
   at System.Text.Json.Serialization.Metadata.JsonPropertyInfo`1.GetMemberAndWriteJson(Object obj, WriteStack& state, Utf8JsonWriter writer)
   at System.Text.Json.Serialization.Converters.ObjectDefaultConverter`1.OnTryWrite(Utf8JsonWriter writer, T value, JsonSerializerOptions options, WriteStack& state)
   at System.Text.Json.Serialization.JsonConverter`1.TryWrite(Utf8JsonWriter writer, T& value, JsonSerializerOptions options, WriteStack& state)
   at System.Text.Json.Serialization.Converters.IEnumerableDefaultConverter`2.OnWriteResume(Utf8JsonWriter writer, TCollection value, JsonSerializerOptions options, WriteStack& state)
   at System.Text.Json.Serialization.JsonCollectionConverter`2.OnTryWrite(Utf8JsonWriter writer, TCollection value, JsonSerializerOptions options, WriteStack& state)
   at System.Text.Json.Serialization.Metadata.JsonPropertyInfo`1.GetMemberAndWriteJson(Object obj, WriteStack& state, Utf8JsonWriter writer)
   at System.Text.Json.Serialization.Converters.ObjectDefaultConverter`1.OnTryWrite(Utf8JsonWriter writer, T value, JsonSerializerOptions options, WriteStack& state)
   at System.Text.Json.Serialization.Metadata.JsonPropertyInfo`1.GetMemberAndWriteJson(Object obj, WriteStack& state, Utf8JsonWriter writer)
   at System.Text.Json.Serialization.Converters.ObjectDefaultConverter`1.OnTryWrite(Utf8JsonWriter writer, T value, JsonSerializerOptions options, WriteStack& state)
   at System.Text.Json.Serialization.JsonConverter`1.TryWrite(Utf8JsonWriter writer, T& value, JsonSerializerOptions options, WriteStack& state)
   at System.Text.Json.Serialization.Converters.IEnumerableDefaultConverter`2.OnWriteResume(Utf8JsonWriter writer, TCollection value, JsonSerializerOptions options, WriteStack& state)
   at System.Text.Json.Serialization.JsonCollectionConverter`2.OnTryWrite(Utf8JsonWriter writer, TCollection value, JsonSerializerOptions options, WriteStack& state)
   at System.Text.Json.Serialization.Metadata.JsonPropertyInfo`1.GetMemberAndWriteJson(Object obj, WriteStack& state, Utf8JsonWriter writer)
   at System.Text.Json.Serialization.Converters.ObjectDefaultConverter`1.OnTryWrite(Utf8JsonWriter writer, T value, JsonSerializerOptions options, WriteStack& state)
   at System.Text.Json.Serialization.Metadata.JsonPropertyInfo`1.GetMemberAndWriteJson(Object obj, WriteStack& state, Utf8JsonWriter writer)
   at System.Text.Json.Serialization.Converters.ObjectDefaultConverter`1.OnTryWrite(Utf8JsonWriter writer, T value, JsonSerializerOptions options, WriteStack& state)
   at System.Text.Json.Serialization.JsonConverter`1.TryWrite(Utf8JsonWriter writer, T& value, JsonSerializerOptions options, WriteStack& state)
   at System.Text.Json.Serialization.Converters.IEnumerableDefaultConverter`2.OnWriteResume(Utf8JsonWriter writer, TCollection value, JsonSerializerOptions options, WriteStack& state)
   at System.Text.Json.Serialization.JsonCollectionConverter`2.OnTryWrite(Utf8JsonWriter writer, TCollection value, JsonSerializerOptions options, WriteStack& state)
   at System.Text.Json.Serialization.Metadata.JsonPropertyInfo`1.GetMemberAndWriteJson(Object obj, WriteStack& state, Utf8JsonWriter writer)
   at System.Text.Json.Serialization.Converters.ObjectDefaultConverter`1.OnTryWrite(Utf8JsonWriter writer, T value, JsonSerializerOptions options, WriteStack& state)
   at System.Text.Json.Serialization.Metadata.JsonPropertyInfo`1.GetMemberAndWriteJson(Object obj, WriteStack& state, Utf8JsonWriter writer)
   at System.Text.Json.Serialization.Converters.ObjectDefaultConverter`1.OnTryWrite(Utf8JsonWriter writer, T value, JsonSerializerOptions options, WriteStack& state)
   at System.Text.Json.Serialization.Metadata.JsonPropertyInfo`1.GetMemberAndWriteJson(Object obj, WriteStack& state, Utf8JsonWriter writer)
   at System.Text.Json.Serialization.Converters.ObjectDefaultConverter`1.OnTryWrite(Utf8JsonWriter writer, T value, JsonSerializerOptions options, WriteStack& state)
   at System.Text.Json.Serialization.JsonConverter`1.TryWrite(Utf8JsonWriter writer, T& value, JsonSerializerOptions options, WriteStack& state)
   at System.Text.Json.Serialization.JsonConverter`1.WriteCore(Utf8JsonWriter writer, T& value, JsonSerializerOptions options, WriteStack& state)
   at System.Text.Json.Serialization.Metadata.JsonTypeInfo`1.SerializeAsync(PipeWriter pipeWriter, T rootValue, Int32 flushThreshold, CancellationToken cancellationToken, Object rootValueBoxed)
   at System.Text.Json.Serialization.Metadata.JsonTypeInfo`1.SerializeAsync(PipeWriter pipeWriter, T rootValue, Int32 flushThreshold, CancellationToken cancellationToken, Object rootValueBoxed)
   at System.Text.Json.Serialization.Metadata.JsonTypeInfo`1.SerializeAsync(PipeWriter pipeWriter, T rootValue, Int32 flushThreshold, CancellationToken cancellationToken, Object rootValueBoxed)
   at Microsoft.AspNetCore.Mvc.Formatters.SystemTextJsonOutputFormatter.WriteResponseBodyAsync(OutputFormatterWriteContext context, Encoding selectedEncoding)
   at Microsoft.AspNetCore.Mvc.Infrastructure.ResourceInvoker.<InvokeNextResultFilterAsync>g__Awaited|30_0[TFilter,TFilterAsync](ResourceInvoker invoker, Task lastTask, State next, Scope scope, Object state, Boolean isCompleted)
   at Microsoft.AspNetCore.Mvc.Infrastructure.ResourceInvoker.Rethrow(ResultExecutedContextSealed context)
   at Microsoft.AspNetCore.Mvc.Infrastructure.ResourceInvoker.ResultNext[TFilter,TFilterAsync](State& next, Scope& scope, Object& state, Boolean& isCompleted)
   at Microsoft.AspNetCore.Mvc.Infrastructure.ResourceInvoker.InvokeResultFilters()
--- End of stack trace from previous location ---
   at Microsoft.AspNetCore.Mvc.Infrastructure.ResourceInvoker.<InvokeFilterPipelineAsync>g__Awaited|20_0(ResourceInvoker invoker, Task lastTask, State next, Scope scope, Object state, Boolean isCompleted)
   at Microsoft.AspNetCore.Mvc.Infrastructure.ResourceInvoker.<InvokeAsync>g__Awaited|17_0(ResourceInvoker invoker, Task task, IDisposable scope)
   at Microsoft.AspNetCore.Mvc.Infrastructure.ResourceInvoker.<InvokeAsync>g__Awaited|17_0(ResourceInvoker invoker, Task task, IDisposable scope)
   at Freshwalk.API.Logging.AuditRequestLoggingMiddleware.InvokeAsync(HttpContext context, RequestDelegate next) in D:\Projects\Freshwalk Shoe Cleaning web app\API\Freshwalk.API\Logging\AuditRequestLoggingMiddleware.cs:line 63
   at Freshwalk.API.Logging.AuditRequestLoggingMiddleware.InvokeAsync(HttpContext context, RequestDelegate next) in D:\Projects\Freshwalk Shoe Cleaning web app\API\Freshwalk.API\Logging\AuditRequestLoggingMiddleware.cs:line 91
   at Freshwalk.API.Logging.AuditRequestLoggingMiddleware.InvokeAsync(HttpContext context, RequestDelegate next) in D:\Projects\Freshwalk Shoe Cleaning web app\API\Freshwalk.API\Logging\AuditRequestLoggingMiddleware.cs:line 91
   at Microsoft.AspNetCore.Builder.UseMiddlewareExtensions.InterfaceMiddlewareBinder.<>c__DisplayClass2_0.<<CreateMiddleware>b__0>d.MoveNext()
--- End of stack trace from previous location ---
   at Microsoft.AspNetCore.Authorization.AuthorizationMiddleware.Invoke(HttpContext context)
   at Microsoft.AspNetCore.Authentication.AuthenticationMiddleware.Invoke(HttpContext context)
   at Serilog.AspNetCore.RequestLoggingMiddleware.Invoke(HttpContext httpContext)
2026-04-03 15:35:29.875 +03:00 [ERR] An unhandled exception has occurred while executing the request.
System.Text.Json.JsonException: A possible object cycle was detected. This can either be due to a cycle or if the object depth is larger than the maximum allowed depth of 32. Consider using ReferenceHandler.Preserve on JsonSerializerOptions to support cycles. Path: $.Booking.Customer.Bookings.Customer.Bookings.Customer.Bookings.Customer.Bookings.Customer.Bookings.Customer.Bookings.Customer.Bookings.Customer.Bookings.Customer.Bookings.Customer.Bookings.Id.
   at System.Text.Json.ThrowHelper.ThrowJsonException_SerializerCycleDetected(Int32 maxDepth)
   at System.Text.Json.Serialization.JsonConverter`1.TryWrite(Utf8JsonWriter writer, T& value, JsonSerializerOptions options, WriteStack& state)
   at System.Text.Json.Serialization.Metadata.JsonPropertyInfo`1.GetMemberAndWriteJson(Object obj, WriteStack& state, Utf8JsonWriter writer)
   at System.Text.Json.Serialization.Converters.ObjectDefaultConverter`1.OnTryWrite(Utf8JsonWriter writer, T value, JsonSerializerOptions options, WriteStack& state)
   at System.Text.Json.Serialization.JsonConverter`1.TryWrite(Utf8JsonWriter writer, T& value, JsonSerializerOptions options, WriteStack& state)
   at System.Text.Json.Serialization.Converters.IEnumerableDefaultConverter`2.OnWriteResume(Utf8JsonWriter writer, TCollection value, JsonSerializerOptions options, WriteStack& state)
   at System.Text.Json.Serialization.JsonCollectionConverter`2.OnTryWrite(Utf8JsonWriter writer, TCollection value, JsonSerializerOptions options, WriteStack& state)
   at System.Text.Json.Serialization.Metadata.JsonPropertyInfo`1.GetMemberAndWriteJson(Object obj, WriteStack& state, Utf8JsonWriter writer)
   at System.Text.Json.Serialization.Converters.ObjectDefaultConverter`1.OnTryWrite(Utf8JsonWriter writer, T value, JsonSerializerOptions options, WriteStack& state)
   at System.Text.Json.Serialization.Metadata.JsonPropertyInfo`1.GetMemberAndWriteJson(Object obj, WriteStack& state, Utf8JsonWriter writer)
   at System.Text.Json.Serialization.Converters.ObjectDefaultConverter`1.OnTryWrite(Utf8JsonWriter writer, T value, JsonSerializerOptions options, WriteStack& state)
   at System.Text.Json.Serialization.JsonConverter`1.TryWrite(Utf8JsonWriter writer, T& value, JsonSerializerOptions options, WriteStack& state)
   at System.Text.Json.Serialization.Converters.IEnumerableDefaultConverter`2.OnWriteResume(Utf8JsonWriter writer, TCollection value, JsonSerializerOptions options, WriteStack& state)
   at System.Text.Json.Serialization.JsonCollectionConverter`2.OnTryWrite(Utf8JsonWriter writer, TCollection value, JsonSerializerOptions options, WriteStack& state)
   at System.Text.Json.Serialization.Metadata.JsonPropertyInfo`1.GetMemberAndWriteJson(Object obj, WriteStack& state, Utf8JsonWriter writer)
   at System.Text.Json.Serialization.Converters.ObjectDefaultConverter`1.OnTryWrite(Utf8JsonWriter writer, T value, JsonSerializerOptions options, WriteStack& state)
   at System.Text.Json.Serialization.Metadata.JsonPropertyInfo`1.GetMemberAndWriteJson(Object obj, WriteStack& state, Utf8JsonWriter writer)
   at System.Text.Json.Serialization.Converters.ObjectDefaultConverter`1.OnTryWrite(Utf8JsonWriter writer, T value, JsonSerializerOptions options, WriteStack& state)
   at System.Text.Json.Serialization.JsonConverter`1.TryWrite(Utf8JsonWriter writer, T& value, JsonSerializerOptions options, WriteStack& state)
   at System.Text.Json.Serialization.Converters.IEnumerableDefaultConverter`2.OnWriteResume(Utf8JsonWriter writer, TCollection value, JsonSerializerOptions options, WriteStack& state)
   at System.Text.Json.Serialization.JsonCollectionConverter`2.OnTryWrite(Utf8JsonWriter writer, TCollection value, JsonSerializerOptions options, WriteStack& state)
   at System.Text.Json.Serialization.Metadata.JsonPropertyInfo`1.GetMemberAndWriteJson(Object obj, WriteStack& state, Utf8JsonWriter writer)
   at System.Text.Json.Serialization.Converters.ObjectDefaultConverter`1.OnTryWrite(Utf8JsonWriter writer, T value, JsonSerializerOptions options, WriteStack& state)
   at System.Text.Json.Serialization.Metadata.JsonPropertyInfo`1.GetMemberAndWriteJson(Object obj, WriteStack& state, Utf8JsonWriter writer)
   at System.Text.Json.Serialization.Converters.ObjectDefaultConverter`1.OnTryWrite(Utf8JsonWriter writer, T value, JsonSerializerOptions options, WriteStack& state)
   at System.Text.Json.Serialization.JsonConverter`1.TryWrite(Utf8JsonWriter writer, T& value, JsonSerializerOptions options, WriteStack& state)
   at System.Text.Json.Serialization.Converters.IEnumerableDefaultConverter`2.OnWriteResume(Utf8JsonWriter writer, TCollection value, JsonSerializerOptions options, WriteStack& state)
   at System.Text.Json.Serialization.JsonCollectionConverter`2.OnTryWrite(Utf8JsonWriter writer, TCollection value, JsonSerializerOptions options, WriteStack& state)
   at System.Text.Json.Serialization.Metadata.JsonPropertyInfo`1.GetMemberAndWriteJson(Object obj, WriteStack& state, Utf8JsonWriter writer)
   at System.Text.Json.Serialization.Converters.ObjectDefaultConverter`1.OnTryWrite(Utf8JsonWriter writer, T value, JsonSerializerOptions options, WriteStack& state)
   at System.Text.Json.Serialization.Metadata.JsonPropertyInfo`1.GetMemberAndWriteJson(Object obj, WriteStack& state, Utf8JsonWriter writer)
   at System.Text.Json.Serialization.Converters.ObjectDefaultConverter`1.OnTryWrite(Utf8JsonWriter writer, T value, JsonSerializerOptions options, WriteStack& state)
   at System.Text.Json.Serialization.JsonConverter`1.TryWrite(Utf8JsonWriter writer, T& value, JsonSerializerOptions options, WriteStack& state)
   at System.Text.Json.Serialization.Converters.IEnumerableDefaultConverter`2.OnWriteResume(Utf8JsonWriter writer, TCollection value, JsonSerializerOptions options, WriteStack& state)
   at System.Text.Json.Serialization.JsonCollectionConverter`2.OnTryWrite(Utf8JsonWriter writer, TCollection value, JsonSerializerOptions options, WriteStack& state)
   at System.Text.Json.Serialization.Metadata.JsonPropertyInfo`1.GetMemberAndWriteJson(Object obj, WriteStack& state, Utf8JsonWriter writer)
   at System.Text.Json.Serialization.Converters.ObjectDefaultConverter`1.OnTryWrite(Utf8JsonWriter writer, T value, JsonSerializerOptions options, WriteStack& state)
   at System.Text.Json.Serialization.Metadata.JsonPropertyInfo`1.GetMemberAndWriteJson(Object obj, WriteStack& state, Utf8JsonWriter writer)
   at System.Text.Json.Serialization.Converters.ObjectDefaultConverter`1.OnTryWrite(Utf8JsonWriter writer, T value, JsonSerializerOptions options, WriteStack& state)
   at System.Text.Json.Serialization.JsonConverter`1.TryWrite(Utf8JsonWriter writer, T& value, JsonSerializerOptions options, WriteStack& state)
   at System.Text.Json.Serialization.Converters.IEnumerableDefaultConverter`2.OnWriteResume(Utf8JsonWriter writer, TCollection value, JsonSerializerOptions options, WriteStack& state)
   at System.Text.Json.Serialization.JsonCollectionConverter`2.OnTryWrite(Utf8JsonWriter writer, TCollection value, JsonSerializerOptions options, WriteStack& state)
   at System.Text.Json.Serialization.Metadata.JsonPropertyInfo`1.GetMemberAndWriteJson(Object obj, WriteStack& state, Utf8JsonWriter writer)
   at System.Text.Json.Serialization.Converters.ObjectDefaultConverter`1.OnTryWrite(Utf8JsonWriter writer, T value, JsonSerializerOptions options, WriteStack& state)
   at System.Text.Json.Serialization.Metadata.JsonPropertyInfo`1.GetMemberAndWriteJson(Object obj, WriteStack& state, Utf8JsonWriter writer)
   at System.Text.Json.Serialization.Converters.ObjectDefaultConverter`1.OnTryWrite(Utf8JsonWriter writer, T value, JsonSerializerOptions options, WriteStack& state)
   at System.Text.Json.Serialization.JsonConverter`1.TryWrite(Utf8JsonWriter writer, T& value, JsonSerializerOptions options, WriteStack& state)
   at System.Text.Json.Serialization.Converters.IEnumerableDefaultConverter`2.OnWriteResume(Utf8JsonWriter writer, TCollection value, JsonSerializerOptions options, WriteStack& state)
   at System.Text.Json.Serialization.JsonCollectionConverter`2.OnTryWrite(Utf8JsonWriter writer, TCollection value, JsonSerializerOptions options, WriteStack& state)
   at System.Text.Json.Serialization.Metadata.JsonPropertyInfo`1.GetMemberAndWriteJson(Object obj, WriteStack& state, Utf8JsonWriter writer)
   at System.Text.Json.Serialization.Converters.ObjectDefaultConverter`1.OnTryWrite(Utf8JsonWriter writer, T value, JsonSerializerOptions options, WriteStack& state)
   at System.Text.Json.Serialization.Metadata.JsonPropertyInfo`1.GetMemberAndWriteJson(Object obj, WriteStack& state, Utf8JsonWriter writer)
   at System.Text.Json.Serialization.Converters.ObjectDefaultConverter`1.OnTryWrite(Utf8JsonWriter writer, T value, JsonSerializerOptions options, WriteStack& state)
   at System.Text.Json.Serialization.JsonConverter`1.TryWrite(Utf8JsonWriter writer, T& value, JsonSerializerOptions options, WriteStack& state)
   at System.Text.Json.Serialization.Converters.IEnumerableDefaultConverter`2.OnWriteResume(Utf8JsonWriter writer, TCollection value, JsonSerializerOptions options, WriteStack& state)
   at System.Text.Json.Serialization.JsonCollectionConverter`2.OnTryWrite(Utf8JsonWriter writer, TCollection value, JsonSerializerOptions options, WriteStack& state)
   at System.Text.Json.Serialization.Metadata.JsonPropertyInfo`1.GetMemberAndWriteJson(Object obj, WriteStack& state, Utf8JsonWriter writer)
   at System.Text.Json.Serialization.Converters.ObjectDefaultConverter`1.OnTryWrite(Utf8JsonWriter writer, T value, JsonSerializerOptions options, WriteStack& state)
   at System.Text.Json.Serialization.Metadata.JsonPropertyInfo`1.GetMemberAndWriteJson(Object obj, WriteStack& state, Utf8JsonWriter writer)
   at System.Text.Json.Serialization.Converters.ObjectDefaultConverter`1.OnTryWrite(Utf8JsonWriter writer, T value, JsonSerializerOptions options, WriteStack& state)
   at System.Text.Json.Serialization.JsonConverter`1.TryWrite(Utf8JsonWriter writer, T& value, JsonSerializerOptions options, WriteStack& state)
   at System.Text.Json.Serialization.Converters.IEnumerableDefaultConverter`2.OnWriteResume(Utf8JsonWriter writer, TCollection value, JsonSerializerOptions options, WriteStack& state)
   at System.Text.Json.Serialization.JsonCollectionConverter`2.OnTryWrite(Utf8JsonWriter writer, TCollection value, JsonSerializerOptions options, WriteStack& state)
   at System.Text.Json.Serialization.Metadata.JsonPropertyInfo`1.GetMemberAndWriteJson(Object obj, WriteStack& state, Utf8JsonWriter writer)
   at System.Text.Json.Serialization.Converters.ObjectDefaultConverter`1.OnTryWrite(Utf8JsonWriter writer, T value, JsonSerializerOptions options, WriteStack& state)
   at System.Text.Json.Serialization.Metadata.JsonPropertyInfo`1.GetMemberAndWriteJson(Object obj, WriteStack& state, Utf8JsonWriter writer)
   at System.Text.Json.Serialization.Converters.ObjectDefaultConverter`1.OnTryWrite(Utf8JsonWriter writer, T value, JsonSerializerOptions options, WriteStack& state)
   at System.Text.Json.Serialization.JsonConverter`1.TryWrite(Utf8JsonWriter writer, T& value, JsonSerializerOptions options, WriteStack& state)
   at System.Text.Json.Serialization.Converters.IEnumerableDefaultConverter`2.OnWriteResume(Utf8JsonWriter writer, TCollection value, JsonSerializerOptions options, WriteStack& state)
   at System.Text.Json.Serialization.JsonCollectionConverter`2.OnTryWrite(Utf8JsonWriter writer, TCollection value, JsonSerializerOptions options, WriteStack& state)
   at System.Text.Json.Serialization.Metadata.JsonPropertyInfo`1.GetMemberAndWriteJson(Object obj, WriteStack& state, Utf8JsonWriter writer)
   at System.Text.Json.Serialization.Converters.ObjectDefaultConverter`1.OnTryWrite(Utf8JsonWriter writer, T value, JsonSerializerOptions options, WriteStack& state)
   at System.Text.Json.Serialization.Metadata.JsonPropertyInfo`1.GetMemberAndWriteJson(Object obj, WriteStack& state, Utf8JsonWriter writer)
   at System.Text.Json.Serialization.Converters.ObjectDefaultConverter`1.OnTryWrite(Utf8JsonWriter writer, T value, JsonSerializerOptions options, WriteStack& state)
   at System.Text.Json.Serialization.Metadata.JsonPropertyInfo`1.GetMemberAndWriteJson(Object obj, WriteStack& state, Utf8JsonWriter writer)
   at System.Text.Json.Serialization.Converters.ObjectDefaultConverter`1.OnTryWrite(Utf8JsonWriter writer, T value, JsonSerializerOptions options, WriteStack& state)
   at System.Text.Json.Serialization.JsonConverter`1.TryWrite(Utf8JsonWriter writer, T& value, JsonSerializerOptions options, WriteStack& state)
   at System.Text.Json.Serialization.JsonConverter`1.WriteCore(Utf8JsonWriter writer, T& value, JsonSerializerOptions options, WriteStack& state)
   at System.Text.Json.Serialization.Metadata.JsonTypeInfo`1.SerializeAsync(PipeWriter pipeWriter, T rootValue, Int32 flushThreshold, CancellationToken cancellationToken, Object rootValueBoxed)
   at System.Text.Json.Serialization.Metadata.JsonTypeInfo`1.SerializeAsync(PipeWriter pipeWriter, T rootValue, Int32 flushThreshold, CancellationToken cancellationToken, Object rootValueBoxed)
   at System.Text.Json.Serialization.Metadata.JsonTypeInfo`1.SerializeAsync(PipeWriter pipeWriter, T rootValue, Int32 flushThreshold, CancellationToken cancellationToken, Object rootValueBoxed)
   at Microsoft.AspNetCore.Mvc.Formatters.SystemTextJsonOutputFormatter.WriteResponseBodyAsync(OutputFormatterWriteContext context, Encoding selectedEncoding)
   at Microsoft.AspNetCore.Mvc.Infrastructure.ResourceInvoker.<InvokeNextResultFilterAsync>g__Awaited|30_0[TFilter,TFilterAsync](ResourceInvoker invoker, Task lastTask, State next, Scope scope, Object state, Boolean isCompleted)
   at Microsoft.AspNetCore.Mvc.Infrastructure.ResourceInvoker.Rethrow(ResultExecutedContextSealed context)
   at Microsoft.AspNetCore.Mvc.Infrastructure.ResourceInvoker.ResultNext[TFilter,TFilterAsync](State& next, Scope& scope, Object& state, Boolean& isCompleted)
   at Microsoft.AspNetCore.Mvc.Infrastructure.ResourceInvoker.InvokeResultFilters()
--- End of stack trace from previous location ---
   at Microsoft.AspNetCore.Mvc.Infrastructure.ResourceInvoker.<InvokeFilterPipelineAsync>g__Awaited|20_0(ResourceInvoker invoker, Task lastTask, State next, Scope scope, Object state, Boolean isCompleted)
   at Microsoft.AspNetCore.Mvc.Infrastructure.ResourceInvoker.<InvokeAsync>g__Awaited|17_0(ResourceInvoker invoker, Task task, IDisposable scope)
   at Microsoft.AspNetCore.Mvc.Infrastructure.ResourceInvoker.<InvokeAsync>g__Awaited|17_0(ResourceInvoker invoker, Task task, IDisposable scope)
   at Freshwalk.API.Logging.AuditRequestLoggingMiddleware.InvokeAsync(HttpContext context, RequestDelegate next) in D:\Projects\Freshwalk Shoe Cleaning web app\API\Freshwalk.API\Logging\AuditRequestLoggingMiddleware.cs:line 63
   at Freshwalk.API.Logging.AuditRequestLoggingMiddleware.InvokeAsync(HttpContext context, RequestDelegate next) in D:\Projects\Freshwalk Shoe Cleaning web app\API\Freshwalk.API\Logging\AuditRequestLoggingMiddleware.cs:line 91
   at Freshwalk.API.Logging.AuditRequestLoggingMiddleware.InvokeAsync(HttpContext context, RequestDelegate next) in D:\Projects\Freshwalk Shoe Cleaning web app\API\Freshwalk.API\Logging\AuditRequestLoggingMiddleware.cs:line 91
   at Microsoft.AspNetCore.Builder.UseMiddlewareExtensions.InterfaceMiddlewareBinder.<>c__DisplayClass2_0.<<CreateMiddleware>b__0>d.MoveNext()
--- End of stack trace from previous location ---
   at Microsoft.AspNetCore.Authorization.AuthorizationMiddleware.Invoke(HttpContext context)
   at Microsoft.AspNetCore.Authentication.AuthenticationMiddleware.Invoke(HttpContext context)
   at Serilog.AspNetCore.RequestLoggingMiddleware.Invoke(HttpContext httpContext)
   at Swashbuckle.AspNetCore.SwaggerUI.SwaggerUIMiddleware.Invoke(HttpContext httpContext)
   at Swashbuckle.AspNetCore.Swagger.SwaggerMiddleware.Invoke(HttpContext httpContext, ISwaggerProvider swaggerProvider)
   at Microsoft.AspNetCore.Diagnostics.DeveloperExceptionPageMiddlewareImpl.Invoke(HttpContext context)
2026-04-03 15:43:35.287 +03:00 [INF] Application is shutting down...
2026-04-03 16:51:23.691 +03:00 [INF] Executed DbCommand (223ms) [Parameters=[], CommandType='"Text"', CommandTimeout='30']
SELECT "MigrationId", "ProductVersion"
FROM "__EFMigrationsHistory"
ORDER BY "MigrationId";
2026-04-03 16:51:25.698 +03:00 [INF] Executed DbCommand (288ms) [Parameters=[], CommandType='"Text"', CommandTimeout='30']
CREATE TABLE IF NOT EXISTS "__EFMigrationsHistory" (
    "MigrationId" character varying(150) NOT NULL,
    "ProductVersion" character varying(32) NOT NULL,
    CONSTRAINT "PK___EFMigrationsHistory" PRIMARY KEY ("MigrationId")
);
2026-04-03 16:51:26.069 +03:00 [INF] Executed DbCommand (355ms) [Parameters=[], CommandType='"Text"', CommandTimeout='30']
LOCK TABLE "__EFMigrationsHistory" IN ACCESS EXCLUSIVE MODE
2026-04-03 16:51:26.715 +03:00 [INF] Executed DbCommand (640ms) [Parameters=[], CommandType='"Text"', CommandTimeout='30']
SELECT "MigrationId", "ProductVersion"
FROM "__EFMigrationsHistory"
ORDER BY "MigrationId";
2026-04-03 16:51:26.740 +03:00 [INF] Applying migration '20260403134215_ShoePromotionsAndBookingPricingFields'.
2026-04-03 16:51:27.310 +03:00 [INF] Executed DbCommand (517ms) [Parameters=[], CommandType='"Text"', CommandTimeout='30']
ALTER TABLE "Bookings" ADD "AppliedPromotions" jsonb NOT NULL DEFAULT ('[]'::jsonb);
2026-04-03 16:51:27.514 +03:00 [INF] Executed DbCommand (201ms) [Parameters=[], CommandType='"Text"', CommandTimeout='30']
ALTER TABLE "Bookings" ADD "PromotionalDiscountKes" numeric(10,2) NOT NULL DEFAULT 0.0;
2026-04-03 16:51:27.722 +03:00 [INF] Executed DbCommand (202ms) [Parameters=[], CommandType='"Text"', CommandTimeout='30']
ALTER TABLE "Bookings" ADD "ShoesSubtotalGrossKes" numeric(10,2) NOT NULL DEFAULT 0.0;
2026-04-03 16:51:27.964 +03:00 [INF] Executed DbCommand (240ms) [Parameters=[], CommandType='"Text"', CommandTimeout='30']
CREATE TABLE "ShoeServicePromotions" (
    "Id" integer GENERATED BY DEFAULT AS IDENTITY,
    "CategoryId" integer NOT NULL,
    "Label" character varying(120) NOT NULL,
    "DiscountKind" character varying(40) NOT NULL,
    "PercentOff" numeric(6,2),
    "FixedOffPerPairKes" numeric(10,2),
    "ValidFrom" timestamp with time zone,
    "ValidTo" timestamp with time zone,
    "IsActive" boolean NOT NULL,
    "Priority" integer NOT NULL,
    CONSTRAINT "PK_ShoeServicePromotions" PRIMARY KEY ("Id"),
    CONSTRAINT "FK_ShoeServicePromotions_ShoeServiceCategories_CategoryId" FOREIGN KEY ("CategoryId") REFERENCES "ShoeServiceCategories" ("Id") ON DELETE CASCADE
);
2026-04-03 16:51:28.173 +03:00 [INF] Executed DbCommand (204ms) [Parameters=[], CommandType='"Text"', CommandTimeout='30']
CREATE INDEX "IX_ShoeServicePromotions_CategoryId" ON "ShoeServicePromotions" ("CategoryId");
2026-04-03 16:51:28.383 +03:00 [INF] Executed DbCommand (206ms) [Parameters=[], CommandType='"Text"', CommandTimeout='30']
INSERT INTO "__EFMigrationsHistory" ("MigrationId", "ProductVersion")
VALUES ('20260403134215_ShoePromotionsAndBookingPricingFields', '9.0.8');
2026-04-03 16:51:28.955 +03:00 [INF] Executed DbCommand (197ms) [Parameters=[], CommandType='"Text"', CommandTimeout='30']
SELECT EXISTS (
    SELECT 1
    FROM "ShoeServiceCategories" AS s)
2026-04-03 16:51:29.221 +03:00 [INF] Executed DbCommand (202ms) [Parameters=[], CommandType='"Text"', CommandTimeout='30']
SELECT EXISTS (
    SELECT 1
    FROM "ShoeServicePromotions" AS s)
2026-04-03 16:51:29.488 +03:00 [INF] Executed DbCommand (203ms) [Parameters=[], CommandType='"Text"', CommandTimeout='30']
SELECT s."Id", s."DisplayName", s."ImageAfterUrl", s."ImageBeforeUrl", s."Key", s."SortOrder", s."Tagline", s."ThemeColorHex"
FROM "ShoeServiceCategories" AS s
WHERE s."Key" = 'Sneakers'
LIMIT 1
2026-04-03 16:51:29.861 +03:00 [INF] Executed DbCommand (215ms) [Parameters=[@p0='?' (DbType = Int32), @p1='?', @p2='?' (DbType = Decimal), @p3='?' (DbType = Boolean), @p4='?', @p5='?' (DbType = Decimal), @p6='?' (DbType = Int32), @p7='?' (DbType = DateTime), @p8='?' (DbType = DateTime)], CommandType='"Text"', CommandTimeout='30']
INSERT INTO "ShoeServicePromotions" ("CategoryId", "DiscountKind", "FixedOffPerPairKes", "IsActive", "Label", "PercentOff", "Priority", "ValidFrom", "ValidTo")
VALUES (@p0, @p1, @p2, @p3, @p4, @p5, @p6, @p7, @p8)
RETURNING "Id";
2026-04-03 16:51:30.127 +03:00 [INF] Executed DbCommand (200ms) [Parameters=[@__normalizedEmail_0='?'], CommandType='"Text"', CommandTimeout='30']
SELECT f."Id", f."AccessFailedCount", f."Address", f."ConcurrencyStamp", f."CreatedAt", f."CustomerReference", f."Email", f."EmailConfirmed", f."FullName", f."IsActive", f."LockoutEnabled", f."LockoutEnd", f."NormalizedEmail", f."NormalizedUserName", f."PasswordHash", f."PhoneNumber", f."PhoneNumberConfirmed", f."SecurityStamp", f."TwoFactorEnabled", f."UserName"
FROM "FreshwalkUsers" AS f
WHERE f."NormalizedEmail" = @__normalizedEmail_0
LIMIT 2
2026-04-03 16:51:30.379 +03:00 [INF] Executed DbCommand (201ms) [Parameters=[@__normalizedEmail_0='?'], CommandType='"Text"', CommandTimeout='30']
SELECT f."Id", f."AccessFailedCount", f."Address", f."ConcurrencyStamp", f."CreatedAt", f."CustomerReference", f."Email", f."EmailConfirmed", f."FullName", f."IsActive", f."LockoutEnabled", f."LockoutEnd", f."NormalizedEmail", f."NormalizedUserName", f."PasswordHash", f."PhoneNumber", f."PhoneNumberConfirmed", f."SecurityStamp", f."TwoFactorEnabled", f."UserName"
FROM "FreshwalkUsers" AS f
WHERE f."NormalizedEmail" = @__normalizedEmail_0
LIMIT 2
2026-04-03 16:51:30.584 +03:00 [INF] Executed DbCommand (201ms) [Parameters=[@__normalizedEmail_0='?'], CommandType='"Text"', CommandTimeout='30']
SELECT f."Id", f."AccessFailedCount", f."Address", f."ConcurrencyStamp", f."CreatedAt", f."CustomerReference", f."Email", f."EmailConfirmed", f."FullName", f."IsActive", f."LockoutEnabled", f."LockoutEnd", f."NormalizedEmail", f."NormalizedUserName", f."PasswordHash", f."PhoneNumber", f."PhoneNumberConfirmed", f."SecurityStamp", f."TwoFactorEnabled", f."UserName"
FROM "FreshwalkUsers" AS f
WHERE f."NormalizedEmail" = @__normalizedEmail_0
LIMIT 2
2026-04-03 16:51:30.793 +03:00 [INF] Executed DbCommand (203ms) [Parameters=[@__normalizedEmail_0='?'], CommandType='"Text"', CommandTimeout='30']
SELECT f."Id", f."AccessFailedCount", f."Address", f."ConcurrencyStamp", f."CreatedAt", f."CustomerReference", f."Email", f."EmailConfirmed", f."FullName", f."IsActive", f."LockoutEnabled", f."LockoutEnd", f."NormalizedEmail", f."NormalizedUserName", f."PasswordHash", f."PhoneNumber", f."PhoneNumberConfirmed", f."SecurityStamp", f."TwoFactorEnabled", f."UserName"
FROM "FreshwalkUsers" AS f
WHERE f."NormalizedEmail" = @__normalizedEmail_0
LIMIT 2
2026-04-03 16:51:30.918 +03:00 [INF] Now listening on: http://localhost:5089
2026-04-03 16:51:30.923 +03:00 [INF] Application started. Press Ctrl+C to shut down.
2026-04-03 16:51:30.926 +03:00 [INF] Hosting environment: Development
2026-04-03 16:51:30.927 +03:00 [INF] Content root path: D:\Projects\Freshwalk Shoe Cleaning web app\API\Freshwalk.API
2026-04-03 16:52:59.482 +03:00 [INF] HTTP OPTIONS /api/agent/bookings/8f788335-0a95-48be-a2ba-be910b317642 responded 204 in 3.9810 ms
2026-04-03 16:52:59.482 +03:00 [INF] HTTP OPTIONS /api/agent/bookings/8f788335-0a95-48be-a2ba-be910b317642 responded 204 in 3.9847 ms
2026-04-03 16:52:59.482 +03:00 [INF] HTTP OPTIONS /api/agent/riders responded 204 in 3.9909 ms
2026-04-03 16:52:59.482 +03:00 [INF] HTTP OPTIONS /api/agent/riders responded 204 in 4.0134 ms
2026-04-03 16:52:59.660 +03:00 [INF] HTTP GET /api/agent/riders responded 401 in 130.1029 ms
2026-04-03 16:52:59.660 +03:00 [INF] HTTP GET /api/agent/bookings/8f788335-0a95-48be-a2ba-be910b317642 responded 401 in 130.2037 ms
2026-04-03 16:52:59.679 +03:00 [INF] HTTP GET /api/agent/bookings/8f788335-0a95-48be-a2ba-be910b317642 responded 401 in 10.9583 ms
2026-04-03 16:52:59.679 +03:00 [INF] HTTP GET /api/agent/riders responded 401 in 11.4359 ms
2026-04-03 16:53:18.597 +03:00 [INF] HTTP OPTIONS /api/auth/login responded 204 in 0.1193 ms
2026-04-03 16:53:18.995 +03:00 [INF] Executed DbCommand (271ms) [Parameters=[@__normalizedEmail_0='?'], CommandType='"Text"', CommandTimeout='30']
SELECT f."Id", f."AccessFailedCount", f."Address", f."ConcurrencyStamp", f."CreatedAt", f."CustomerReference", f."Email", f."EmailConfirmed", f."FullName", f."IsActive", f."LockoutEnabled", f."LockoutEnd", f."NormalizedEmail", f."NormalizedUserName", f."PasswordHash", f."PhoneNumber", f."PhoneNumberConfirmed", f."SecurityStamp", f."TwoFactorEnabled", f."UserName"
FROM "FreshwalkUsers" AS f
WHERE f."NormalizedEmail" = @__normalizedEmail_0
LIMIT 2
2026-04-03 16:53:19.452 +03:00 [INF] Executed DbCommand (243ms) [Parameters=[@__userId_0='?' (DbType = Guid)], CommandType='"Text"', CommandTimeout='30']
SELECT f0."Name"
FROM "FreshwalkUserRoles" AS f
INNER JOIN "FreshwalkRoles" AS f0 ON f."RoleId" = f0."Id"
WHERE f."UserId" = @__userId_0
2026-04-03 16:53:19.545 +03:00 [INF] HTTP POST /api/auth/login responded 200 in 938.6793 ms
2026-04-03 16:53:19.604 +03:00 [INF] HTTP OPTIONS /api/agent/bookings responded 204 in 0.2540 ms
2026-04-03 16:53:19.604 +03:00 [INF] HTTP OPTIONS /api/agent/bookings responded 204 in 0.0624 ms
2026-04-03 16:53:20.189 +03:00 [INF] Executed DbCommand (483ms) [Parameters=[], CommandType='"Text"', CommandTimeout='30']
SELECT b."Id", b."AddOns", b."AppliedPromotions", b."BookingReference", b."BundleDiscountPercent", b."CanvasLines", b."CreatedAt", b."CustomerId", b."DiscountAmountKes", b."NubuckLines", b."PickupAddress", b."PickupLatitude", b."PickupLocationUrl", b."PickupLongitude", b."PriceKes", b."PromotionalDiscountKes", b."ShoesSubtotalGrossKes", b."SneakersLines", b."Status", b."SubtotalBeforeDiscountKes", b."SuedeLines", b."TotalPairs", f."Id", f."AccessFailedCount", f."Address", f."ConcurrencyStamp", f."CreatedAt", f."CustomerReference", f."Email", f."EmailConfirmed", f."FullName", f."IsActive", f."LockoutEnabled", f."LockoutEnd", f."NormalizedEmail", f."NormalizedUserName", f."PasswordHash", f."PhoneNumber", f."PhoneNumberConfirmed", f."SecurityStamp", f."TwoFactorEnabled", f."UserName", p."Id", p."Amount", p."BookingId", p."CreatedAt", p."MpesaCheckoutRequestId", p."MpesaMerchantRequestId", p."MpesaReceipt", p."PayerPhoneNumber", p."PaymentReference", p."Status", o."Id", o."AgentId", o."BookingId", o."CleaningCompletedAt", o."CleaningStartedAt", o."CustomerId", o."DeliveredAt", o."DeliveryOtp", o."DeliveryOtpExpiresAt", o."DeliveryOtpVerifiedAt", o."OrderReference", o."PickedUpAt", o."PickupOtp", o."PickupOtpExpiresAt", o."PickupOtpVerifiedAt", o."Status"
FROM "Bookings" AS b
INNER JOIN "FreshwalkUsers" AS f ON b."CustomerId" = f."Id"
LEFT JOIN "Payments" AS p ON b."Id" = p."BookingId"
LEFT JOIN "Orders" AS o ON b."Id" = o."BookingId"
ORDER BY b."CreatedAt" DESC
2026-04-03 16:53:20.522 +03:00 [INF] Executed DbCommand (216ms) [Parameters=[], CommandType='"Text"', CommandTimeout='30']
SELECT b."Id", b."AddOns", b."AppliedPromotions", b."BookingReference", b."BundleDiscountPercent", b."CanvasLines", b."CreatedAt", b."CustomerId", b."DiscountAmountKes", b."NubuckLines", b."PickupAddress", b."PickupLatitude", b."PickupLocationUrl", b."PickupLongitude", b."PriceKes", b."PromotionalDiscountKes", b."ShoesSubtotalGrossKes", b."SneakersLines", b."Status", b."SubtotalBeforeDiscountKes", b."SuedeLines", b."TotalPairs", f."Id", f."AccessFailedCount", f."Address", f."ConcurrencyStamp", f."CreatedAt", f."CustomerReference", f."Email", f."EmailConfirmed", f."FullName", f."IsActive", f."LockoutEnabled", f."LockoutEnd", f."NormalizedEmail", f."NormalizedUserName", f."PasswordHash", f."PhoneNumber", f."PhoneNumberConfirmed", f."SecurityStamp", f."TwoFactorEnabled", f."UserName", p."Id", p."Amount", p."BookingId", p."CreatedAt", p."MpesaCheckoutRequestId", p."MpesaMerchantRequestId", p."MpesaReceipt", p."PayerPhoneNumber", p."PaymentReference", p."Status", o."Id", o."AgentId", o."BookingId", o."CleaningCompletedAt", o."CleaningStartedAt", o."CustomerId", o."DeliveredAt", o."DeliveryOtp", o."DeliveryOtpExpiresAt", o."DeliveryOtpVerifiedAt", o."OrderReference", o."PickedUpAt", o."PickupOtp", o."PickupOtpExpiresAt", o."PickupOtpVerifiedAt", o."Status"
FROM "Bookings" AS b
INNER JOIN "FreshwalkUsers" AS f ON b."CustomerId" = f."Id"
LEFT JOIN "Payments" AS p ON b."Id" = p."BookingId"
LEFT JOIN "Orders" AS o ON b."Id" = o."BookingId"
ORDER BY b."CreatedAt" DESC
2026-04-03 16:53:20.946 +03:00 [INF] Executed DbCommand (211ms) [Parameters=[@__p_0='?' (DbType = Guid)], CommandType='"Text"', CommandTimeout='30']
SELECT f."Id", f."AccessFailedCount", f."Address", f."ConcurrencyStamp", f."CreatedAt", f."CustomerReference", f."Email", f."EmailConfirmed", f."FullName", f."IsActive", f."LockoutEnabled", f."LockoutEnd", f."NormalizedEmail", f."NormalizedUserName", f."PasswordHash", f."PhoneNumber", f."PhoneNumberConfirmed", f."SecurityStamp", f."TwoFactorEnabled", f."UserName"
FROM "FreshwalkUsers" AS f
WHERE f."Id" = @__p_0
LIMIT 1
2026-04-03 16:53:20.956 +03:00 [INF] HTTP GET /api/agent/bookings responded 200 in 658.5667 ms
2026-04-03 16:53:21.877 +03:00 [INF] Executed DbCommand (209ms) [Parameters=[@__p_0='?' (DbType = Guid)], CommandType='"Text"', CommandTimeout='30']
SELECT f."Id", f."AccessFailedCount", f."Address", f."ConcurrencyStamp", f."CreatedAt", f."CustomerReference", f."Email", f."EmailConfirmed", f."FullName", f."IsActive", f."LockoutEnabled", f."LockoutEnd", f."NormalizedEmail", f."NormalizedUserName", f."PasswordHash", f."PhoneNumber", f."PhoneNumberConfirmed", f."SecurityStamp", f."TwoFactorEnabled", f."UserName"
FROM "FreshwalkUsers" AS f
WHERE f."Id" = @__p_0
LIMIT 1
2026-04-03 16:53:21.885 +03:00 [INF] HTTP GET /api/agent/bookings responded 200 in 2273.4475 ms
2026-04-03 16:53:24.490 +03:00 [INF] HTTP OPTIONS /api/agent/bookings/8f788335-0a95-48be-a2ba-be910b317642 responded 204 in 0.2933 ms
2026-04-03 16:53:24.494 +03:00 [INF] HTTP OPTIONS /api/agent/riders responded 204 in 0.0782 ms
2026-04-03 16:53:24.494 +03:00 [INF] HTTP OPTIONS /api/agent/riders responded 204 in 0.0654 ms
2026-04-03 16:53:24.495 +03:00 [INF] HTTP OPTIONS /api/agent/bookings/8f788335-0a95-48be-a2ba-be910b317642 responded 204 in 0.1473 ms
2026-04-03 16:53:24.744 +03:00 [INF] Executed DbCommand (201ms) [Parameters=[@__normalizedRoleName_0='?'], CommandType='"Text"', CommandTimeout='30']
SELECT f."Id", f."ConcurrencyStamp", f."Name", f."NormalizedName"
FROM "FreshwalkRoles" AS f
WHERE f."NormalizedName" = @__normalizedRoleName_0
LIMIT 2
2026-04-03 16:53:24.820 +03:00 [INF] Executed DbCommand (214ms) [Parameters=[@__id_0='?' (DbType = Guid)], CommandType='"Text"', CommandTimeout='30']
SELECT s."Id", s."AddOns", s."AppliedPromotions", s."BookingReference", s."BundleDiscountPercent", s."CanvasLines", s."CreatedAt", s."CustomerId", s."DiscountAmountKes", s."NubuckLines", s."PickupAddress", s."PickupLatitude", s."PickupLocationUrl", s."PickupLongitude", s."PriceKes", s."PromotionalDiscountKes", s."ShoesSubtotalGrossKes", s."SneakersLines", s."Status", s."SubtotalBeforeDiscountKes", s."SuedeLines", s."TotalPairs", s."Id0", s."AccessFailedCount", s."Address", s."ConcurrencyStamp", s."CreatedAt0", s."CustomerReference", s."Email", s."EmailConfirmed", s."FullName", s."IsActive", s."LockoutEnabled", s."LockoutEnd", s."NormalizedEmail", s."NormalizedUserName", s."PasswordHash", s."PhoneNumber", s."PhoneNumberConfirmed", s."SecurityStamp", s."TwoFactorEnabled", s."UserName", s."Id1", s."Amount", s."BookingId", s."CreatedAt1", s."MpesaCheckoutRequestId", s."MpesaMerchantRequestId", s."MpesaReceipt", s."PayerPhoneNumber", s."PaymentReference", s."Status0", s."Id2", s."AgentId", s."BookingId0", s."CleaningCompletedAt", s."CleaningStartedAt", s."CustomerId0", s."DeliveredAt", s."DeliveryOtp", s."DeliveryOtpExpiresAt", s."DeliveryOtpVerifiedAt", s."OrderReference", s."PickedUpAt", s."PickupOtp", s."PickupOtpExpiresAt", s."PickupOtpVerifiedAt", s."Status1", s0."Id", s0."AssignedAt", s0."AssignmentReference", s0."AssignmentType", s0."CompletedAt", s0."Notes", s0."OrderId", s0."RiderId", s0."Status", s0."Id0", s0."AccessFailedCount", s0."Address", s0."ConcurrencyStamp", s0."CreatedAt", s0."CustomerReference", s0."Email", s0."EmailConfirmed", s0."FullName", s0."IsActive", s0."LockoutEnabled", s0."LockoutEnd", s0."NormalizedEmail", s0."NormalizedUserName", s0."PasswordHash", s0."PhoneNumber", s0."PhoneNumberConfirmed", s0."SecurityStamp", s0."TwoFactorEnabled", s0."UserName"
FROM (
    SELECT b."Id", b."AddOns", b."AppliedPromotions", b."BookingReference", b."BundleDiscountPercent", b."CanvasLines", b."CreatedAt", b."CustomerId", b."DiscountAmountKes", b."NubuckLines", b."PickupAddress", b."PickupLatitude", b."PickupLocationUrl", b."PickupLongitude", b."PriceKes", b."PromotionalDiscountKes", b."ShoesSubtotalGrossKes", b."SneakersLines", b."Status", b."SubtotalBeforeDiscountKes", b."SuedeLines", b."TotalPairs", f."Id" AS "Id0", f."AccessFailedCount", f."Address", f."ConcurrencyStamp", f."CreatedAt" AS "CreatedAt0", f."CustomerReference", f."Email", f."EmailConfirmed", f."FullName", f."IsActive", f."LockoutEnabled", f."LockoutEnd", f."NormalizedEmail", f."NormalizedUserName", f."PasswordHash", f."PhoneNumber", f."PhoneNumberConfirmed", f."SecurityStamp", f."TwoFactorEnabled", f."UserName", p."Id" AS "Id1", p."Amount", p."BookingId", p."CreatedAt" AS "CreatedAt1", p."MpesaCheckoutRequestId", p."MpesaMerchantRequestId", p."MpesaReceipt", p."PayerPhoneNumber", p."PaymentReference", p."Status" AS "Status0", o."Id" AS "Id2", o."AgentId", o."BookingId" AS "BookingId0", o."CleaningCompletedAt", o."CleaningStartedAt", o."CustomerId" AS "CustomerId0", o."DeliveredAt", o."DeliveryOtp", o."DeliveryOtpExpiresAt", o."DeliveryOtpVerifiedAt", o."OrderReference", o."PickedUpAt", o."PickupOtp", o."PickupOtpExpiresAt", o."PickupOtpVerifiedAt", o."Status" AS "Status1"
    FROM "Bookings" AS b
    INNER JOIN "FreshwalkUsers" AS f ON b."CustomerId" = f."Id"
    LEFT JOIN "Payments" AS p ON b."Id" = p."BookingId"
    LEFT JOIN "Orders" AS o ON b."Id" = o."BookingId"
    WHERE b."Id" = @__id_0
    LIMIT 1
) AS s
LEFT JOIN (
    SELECT o0."Id", o0."AssignedAt", o0."AssignmentReference", o0."AssignmentType", o0."CompletedAt", o0."Notes", o0."OrderId", o0."RiderId", o0."Status", f0."Id" AS "Id0", f0."AccessFailedCount", f0."Address", f0."ConcurrencyStamp", f0."CreatedAt", f0."CustomerReference", f0."Email", f0."EmailConfirmed", f0."FullName", f0."IsActive", f0."LockoutEnabled", f0."LockoutEnd", f0."NormalizedEmail", f0."NormalizedUserName", f0."PasswordHash", f0."PhoneNumber", f0."PhoneNumberConfirmed", f0."SecurityStamp", f0."TwoFactorEnabled", f0."UserName"
    FROM "OrderRiderAssignments" AS o0
    INNER JOIN "FreshwalkUsers" AS f0 ON o0."RiderId" = f0."Id"
) AS s0 ON s."Id2" = s0."OrderId"
ORDER BY s."Id", s."Id0", s."Id1", s."Id2", s0."Id"
2026-04-03 16:53:24.996 +03:00 [INF] Executed DbCommand (203ms) [Parameters=[@__role_Id_0='?' (DbType = Guid)], CommandType='"Text"', CommandTimeout='30']
SELECT f0."Id", f0."AccessFailedCount", f0."Address", f0."ConcurrencyStamp", f0."CreatedAt", f0."CustomerReference", f0."Email", f0."EmailConfirmed", f0."FullName", f0."IsActive", f0."LockoutEnabled", f0."LockoutEnd", f0."NormalizedEmail", f0."NormalizedUserName", f0."PasswordHash", f0."PhoneNumber", f0."PhoneNumberConfirmed", f0."SecurityStamp", f0."TwoFactorEnabled", f0."UserName"
FROM "FreshwalkUserRoles" AS f
INNER JOIN "FreshwalkUsers" AS f0 ON f."UserId" = f0."Id"
WHERE f."RoleId" = @__role_Id_0
2026-04-03 16:53:25.103 +03:00 [INF] Executed DbCommand (208ms) [Parameters=[@__p_0='?' (DbType = Guid)], CommandType='"Text"', CommandTimeout='30']
SELECT f."Id", f."AccessFailedCount", f."Address", f."ConcurrencyStamp", f."CreatedAt", f."CustomerReference", f."Email", f."EmailConfirmed", f."FullName", f."IsActive", f."LockoutEnabled", f."LockoutEnd", f."NormalizedEmail", f."NormalizedUserName", f."PasswordHash", f."PhoneNumber", f."PhoneNumberConfirmed", f."SecurityStamp", f."TwoFactorEnabled", f."UserName"
FROM "FreshwalkUsers" AS f
WHERE f."Id" = @__p_0
LIMIT 1
2026-04-03 16:53:25.107 +03:00 [INF] HTTP GET /api/agent/bookings/8f788335-0a95-48be-a2ba-be910b317642 responded 200 in 594.4766 ms
2026-04-03 16:53:25.272 +03:00 [INF] Executed DbCommand (210ms) [Parameters=[], CommandType='"Text"', CommandTimeout='30']
SELECT r."Id", r."BikeRegistration", r."IsAvailable", r."UserId"
FROM "RiderProfiles" AS r
2026-04-03 16:53:25.493 +03:00 [INF] Executed DbCommand (209ms) [Parameters=[@__normalizedRoleName_0='?'], CommandType='"Text"', CommandTimeout='30']
SELECT f."Id", f."ConcurrencyStamp", f."Name", f."NormalizedName"
FROM "FreshwalkRoles" AS f
WHERE f."NormalizedName" = @__normalizedRoleName_0
LIMIT 2
2026-04-03 16:53:25.493 +03:00 [INF] Executed DbCommand (211ms) [Parameters=[@__p_0='?' (DbType = Guid)], CommandType='"Text"', CommandTimeout='30']
SELECT f."Id", f."AccessFailedCount", f."Address", f."ConcurrencyStamp", f."CreatedAt", f."CustomerReference", f."Email", f."EmailConfirmed", f."FullName", f."IsActive", f."LockoutEnabled", f."LockoutEnd", f."NormalizedEmail", f."NormalizedUserName", f."PasswordHash", f."PhoneNumber", f."PhoneNumberConfirmed", f."SecurityStamp", f."TwoFactorEnabled", f."UserName"
FROM "FreshwalkUsers" AS f
WHERE f."Id" = @__p_0
LIMIT 1
2026-04-03 16:53:25.506 +03:00 [INF] HTTP GET /api/agent/riders responded 200 in 984.2410 ms
2026-04-03 16:53:25.518 +03:00 [INF] HTTP OPTIONS /api/orders/14b94dc8-2415-48f5-b787-dc381c72f634 responded 204 in 0.1579 ms
2026-04-03 16:53:25.715 +03:00 [INF] Executed DbCommand (213ms) [Parameters=[@__role_Id_0='?' (DbType = Guid)], CommandType='"Text"', CommandTimeout='30']
SELECT f0."Id", f0."AccessFailedCount", f0."Address", f0."ConcurrencyStamp", f0."CreatedAt", f0."CustomerReference", f0."Email", f0."EmailConfirmed", f0."FullName", f0."IsActive", f0."LockoutEnabled", f0."LockoutEnd", f0."NormalizedEmail", f0."NormalizedUserName", f0."PasswordHash", f0."PhoneNumber", f0."PhoneNumberConfirmed", f0."SecurityStamp", f0."TwoFactorEnabled", f0."UserName"
FROM "FreshwalkUserRoles" AS f
INNER JOIN "FreshwalkUsers" AS f0 ON f."UserId" = f0."Id"
WHERE f."RoleId" = @__role_Id_0
2026-04-03 16:53:25.823 +03:00 [INF] Executed DbCommand (210ms) [Parameters=[@__id_0='?' (DbType = Guid)], CommandType='"Text"', CommandTimeout='30']
SELECT s."Id", s."AgentId", s."BookingId", s."CleaningCompletedAt", s."CleaningStartedAt", s."CustomerId", s."DeliveredAt", s."DeliveryOtp", s."DeliveryOtpExpiresAt", s."DeliveryOtpVerifiedAt", s."OrderReference", s."PickedUpAt", s."PickupOtp", s."PickupOtpExpiresAt", s."PickupOtpVerifiedAt", s."Status", s."Id0", s."AddOns", s."AppliedPromotions", s."BookingReference", s."BundleDiscountPercent", s."CanvasLines", s."CreatedAt", s."CustomerId0", s."DiscountAmountKes", s."NubuckLines", s."PickupAddress", s."PickupLatitude", s."PickupLocationUrl", s."PickupLongitude", s."PriceKes", s."PromotionalDiscountKes", s."ShoesSubtotalGrossKes", s."SneakersLines", s."Status0", s."SubtotalBeforeDiscountKes", s."SuedeLines", s."TotalPairs", s."Id1", s."AccessFailedCount", s."Address", s."ConcurrencyStamp", s."CreatedAt0", s."CustomerReference", s."Email", s."EmailConfirmed", s."FullName", s."IsActive", s."LockoutEnabled", s."LockoutEnd", s."NormalizedEmail", s."NormalizedUserName", s."PasswordHash", s."PhoneNumber", s."PhoneNumberConfirmed", s."SecurityStamp", s."TwoFactorEnabled", s."UserName", s."Id2", s."Amount", s."BookingId0", s."CreatedAt1", s."MpesaCheckoutRequestId", s."MpesaMerchantRequestId", s."MpesaReceipt", s."PayerPhoneNumber", s."PaymentReference", s."Status1", s0."Id", s0."AssignedAt", s0."AssignmentReference", s0."AssignmentType", s0."CompletedAt", s0."Notes", s0."OrderId", s0."RiderId", s0."Status", s0."Id0", s0."AccessFailedCount", s0."Address", s0."ConcurrencyStamp", s0."CreatedAt", s0."CustomerReference", s0."Email", s0."EmailConfirmed", s0."FullName", s0."IsActive", s0."LockoutEnabled", s0."LockoutEnd", s0."NormalizedEmail", s0."NormalizedUserName", s0."PasswordHash", s0."PhoneNumber", s0."PhoneNumberConfirmed", s0."SecurityStamp", s0."TwoFactorEnabled", s0."UserName"
FROM (
    SELECT o."Id", o."AgentId", o."BookingId", o."CleaningCompletedAt", o."CleaningStartedAt", o."CustomerId", o."DeliveredAt", o."DeliveryOtp", o."DeliveryOtpExpiresAt", o."DeliveryOtpVerifiedAt", o."OrderReference", o."PickedUpAt", o."PickupOtp", o."PickupOtpExpiresAt", o."PickupOtpVerifiedAt", o."Status", b."Id" AS "Id0", b."AddOns", b."AppliedPromotions", b."BookingReference", b."BundleDiscountPercent", b."CanvasLines", b."CreatedAt", b."CustomerId" AS "CustomerId0", b."DiscountAmountKes", b."NubuckLines", b."PickupAddress", b."PickupLatitude", b."PickupLocationUrl", b."PickupLongitude", b."PriceKes", b."PromotionalDiscountKes", b."ShoesSubtotalGrossKes", b."SneakersLines", b."Status" AS "Status0", b."SubtotalBeforeDiscountKes", b."SuedeLines", b."TotalPairs", f."Id" AS "Id1", f."AccessFailedCount", f."Address", f."ConcurrencyStamp", f."CreatedAt" AS "CreatedAt0", f."CustomerReference", f."Email", f."EmailConfirmed", f."FullName", f."IsActive", f."LockoutEnabled", f."LockoutEnd", f."NormalizedEmail", f."NormalizedUserName", f."PasswordHash", f."PhoneNumber", f."PhoneNumberConfirmed", f."SecurityStamp", f."TwoFactorEnabled", f."UserName", p."Id" AS "Id2", p."Amount", p."BookingId" AS "BookingId0", p."CreatedAt" AS "CreatedAt1", p."MpesaCheckoutRequestId", p."MpesaMerchantRequestId", p."MpesaReceipt", p."PayerPhoneNumber", p."PaymentReference", p."Status" AS "Status1"
    FROM "Orders" AS o
    INNER JOIN "Bookings" AS b ON o."BookingId" = b."Id"
    INNER JOIN "FreshwalkUsers" AS f ON b."CustomerId" = f."Id"
    LEFT JOIN "Payments" AS p ON b."Id" = p."BookingId"
    WHERE o."Id" = @__id_0
    LIMIT 1
) AS s
LEFT JOIN (
    SELECT o0."Id", o0."AssignedAt", o0."AssignmentReference", o0."AssignmentType", o0."CompletedAt", o0."Notes", o0."OrderId", o0."RiderId", o0."Status", f0."Id" AS "Id0", f0."AccessFailedCount", f0."Address", f0."ConcurrencyStamp", f0."CreatedAt", f0."CustomerReference", f0."Email", f0."EmailConfirmed", f0."FullName", f0."IsActive", f0."LockoutEnabled", f0."LockoutEnd", f0."NormalizedEmail", f0."NormalizedUserName", f0."PasswordHash", f0."PhoneNumber", f0."PhoneNumberConfirmed", f0."SecurityStamp", f0."TwoFactorEnabled", f0."UserName"
    FROM "OrderRiderAssignments" AS o0
    INNER JOIN "FreshwalkUsers" AS f0 ON o0."RiderId" = f0."Id"
) AS s0 ON s."Id" = s0."OrderId"
ORDER BY s."Id", s."Id0", s."Id1", s."Id2", s0."Id"
2026-04-03 16:53:25.935 +03:00 [INF] Executed DbCommand (209ms) [Parameters=[], CommandType='"Text"', CommandTimeout='30']
SELECT r."Id", r."BikeRegistration", r."IsAvailable", r."UserId"
FROM "RiderProfiles" AS r
2026-04-03 16:53:26.146 +03:00 [INF] Executed DbCommand (205ms) [Parameters=[@__p_0='?' (DbType = Guid)], CommandType='"Text"', CommandTimeout='30']
SELECT f."Id", f."AccessFailedCount", f."Address", f."ConcurrencyStamp", f."CreatedAt", f."CustomerReference", f."Email", f."EmailConfirmed", f."FullName", f."IsActive", f."LockoutEnabled", f."LockoutEnd", f."NormalizedEmail", f."NormalizedUserName", f."PasswordHash", f."PhoneNumber", f."PhoneNumberConfirmed", f."SecurityStamp", f."TwoFactorEnabled", f."UserName"
FROM "FreshwalkUsers" AS f
WHERE f."Id" = @__p_0
LIMIT 1
2026-04-03 16:53:26.153 +03:00 [INF] HTTP GET /api/agent/riders responded 200 in 870.3240 ms
2026-04-03 16:53:26.267 +03:00 [INF] Executed DbCommand (208ms) [Parameters=[@__p_0='?' (DbType = Guid)], CommandType='"Text"', CommandTimeout='30']
SELECT f."Id", f."AccessFailedCount", f."Address", f."ConcurrencyStamp", f."CreatedAt", f."CustomerReference", f."Email", f."EmailConfirmed", f."FullName", f."IsActive", f."LockoutEnabled", f."LockoutEnd", f."NormalizedEmail", f."NormalizedUserName", f."PasswordHash", f."PhoneNumber", f."PhoneNumberConfirmed", f."SecurityStamp", f."TwoFactorEnabled", f."UserName"
FROM "FreshwalkUsers" AS f
WHERE f."Id" = @__p_0
LIMIT 1
2026-04-03 16:53:26.284 +03:00 [ERR] HTTP GET /api/orders/14b94dc8-2415-48f5-b787-dc381c72f634 responded 500 in 757.1778 ms
System.Text.Json.JsonException: A possible object cycle was detected. This can either be due to a cycle or if the object depth is larger than the maximum allowed depth of 32. Consider using ReferenceHandler.Preserve on JsonSerializerOptions to support cycles. Path: $.Booking.Customer.Bookings.Customer.Bookings.Customer.Bookings.Customer.Bookings.Customer.Bookings.Customer.Bookings.Customer.Bookings.Customer.Bookings.Customer.Bookings.Customer.Bookings.Id.
   at System.Text.Json.ThrowHelper.ThrowJsonException_SerializerCycleDetected(Int32 maxDepth)
   at System.Text.Json.Serialization.JsonConverter`1.TryWrite(Utf8JsonWriter writer, T& value, JsonSerializerOptions options, WriteStack& state)
   at System.Text.Json.Serialization.Metadata.JsonPropertyInfo`1.GetMemberAndWriteJson(Object obj, WriteStack& state, Utf8JsonWriter writer)
   at System.Text.Json.Serialization.Converters.ObjectDefaultConverter`1.OnTryWrite(Utf8JsonWriter writer, T value, JsonSerializerOptions options, WriteStack& state)
   at System.Text.Json.Serialization.JsonConverter`1.TryWrite(Utf8JsonWriter writer, T& value, JsonSerializerOptions options, WriteStack& state)
   at System.Text.Json.Serialization.Converters.IEnumerableDefaultConverter`2.OnWriteResume(Utf8JsonWriter writer, TCollection value, JsonSerializerOptions options, WriteStack& state)
   at System.Text.Json.Serialization.JsonCollectionConverter`2.OnTryWrite(Utf8JsonWriter writer, TCollection value, JsonSerializerOptions options, WriteStack& state)
   at System.Text.Json.Serialization.JsonConverter`1.TryWrite(Utf8JsonWriter writer, T& value, JsonSerializerOptions options, WriteStack& state)
   at System.Text.Json.Serialization.Metadata.JsonPropertyInfo`1.GetMemberAndWriteJson(Object obj, WriteStack& state, Utf8JsonWriter writer)
   at System.Text.Json.Serialization.Converters.ObjectDefaultConverter`1.OnTryWrite(Utf8JsonWriter writer, T value, JsonSerializerOptions options, WriteStack& state)
   at System.Text.Json.Serialization.JsonConverter`1.TryWrite(Utf8JsonWriter writer, T& value, JsonSerializerOptions options, WriteStack& state)
   at System.Text.Json.Serialization.Metadata.JsonPropertyInfo`1.GetMemberAndWriteJson(Object obj, WriteStack& state, Utf8JsonWriter writer)
   at System.Text.Json.Serialization.Converters.ObjectDefaultConverter`1.OnTryWrite(Utf8JsonWriter writer, T value, JsonSerializerOptions options, WriteStack& state)
   at System.Text.Json.Serialization.JsonConverter`1.TryWrite(Utf8JsonWriter writer, T& value, JsonSerializerOptions options, WriteStack& state)
   at System.Text.Json.Serialization.Converters.IEnumerableDefaultConverter`2.OnWriteResume(Utf8JsonWriter writer, TCollection value, JsonSerializerOptions options, WriteStack& state)
   at System.Text.Json.Serialization.JsonCollectionConverter`2.OnTryWrite(Utf8JsonWriter writer, TCollection value, JsonSerializerOptions options, WriteStack& state)
   at System.Text.Json.Serialization.JsonConverter`1.TryWrite(Utf8JsonWriter writer, T& value, JsonSerializerOptions options, WriteStack& state)
   at System.Text.Json.Serialization.Metadata.JsonPropertyInfo`1.GetMemberAndWriteJson(Object obj, WriteStack& state, Utf8JsonWriter writer)
   at System.Text.Json.Serialization.Converters.ObjectDefaultConverter`1.OnTryWrite(Utf8JsonWriter writer, T value, JsonSerializerOptions options, WriteStack& state)
   at System.Text.Json.Serialization.JsonConverter`1.TryWrite(Utf8JsonWriter writer, T& value, JsonSerializerOptions options, WriteStack& state)
   at System.Text.Json.Serialization.Metadata.JsonPropertyInfo`1.GetMemberAndWriteJson(Object obj, WriteStack& state, Utf8JsonWriter writer)
   at System.Text.Json.Serialization.Converters.ObjectDefaultConverter`1.OnTryWrite(Utf8JsonWriter writer, T value, JsonSerializerOptions options, WriteStack& state)
   at System.Text.Json.Serialization.JsonConverter`1.TryWrite(Utf8JsonWriter writer, T& value, JsonSerializerOptions options, WriteStack& state)
   at System.Text.Json.Serialization.Converters.IEnumerableDefaultConverter`2.OnWriteResume(Utf8JsonWriter writer, TCollection value, JsonSerializerOptions options, WriteStack& state)
   at System.Text.Json.Serialization.JsonCollectionConverter`2.OnTryWrite(Utf8JsonWriter writer, TCollection value, JsonSerializerOptions options, WriteStack& state)
   at System.Text.Json.Serialization.JsonConverter`1.TryWrite(Utf8JsonWriter writer, T& value, JsonSerializerOptions options, WriteStack& state)
   at System.Text.Json.Serialization.Metadata.JsonPropertyInfo`1.GetMemberAndWriteJson(Object obj, WriteStack& state, Utf8JsonWriter writer)
   at System.Text.Json.Serialization.Converters.ObjectDefaultConverter`1.OnTryWrite(Utf8JsonWriter writer, T value, JsonSerializerOptions options, WriteStack& state)
   at System.Text.Json.Serialization.JsonConverter`1.TryWrite(Utf8JsonWriter writer, T& value, JsonSerializerOptions options, WriteStack& state)
   at System.Text.Json.Serialization.Metadata.JsonPropertyInfo`1.GetMemberAndWriteJson(Object obj, WriteStack& state, Utf8JsonWriter writer)
   at System.Text.Json.Serialization.Converters.ObjectDefaultConverter`1.OnTryWrite(Utf8JsonWriter writer, T value, JsonSerializerOptions options, WriteStack& state)
   at System.Text.Json.Serialization.JsonConverter`1.TryWrite(Utf8JsonWriter writer, T& value, JsonSerializerOptions options, WriteStack& state)
   at System.Text.Json.Serialization.Converters.IEnumerableDefaultConverter`2.OnWriteResume(Utf8JsonWriter writer, TCollection value, JsonSerializerOptions options, WriteStack& state)
   at System.Text.Json.Serialization.JsonCollectionConverter`2.OnTryWrite(Utf8JsonWriter writer, TCollection value, JsonSerializerOptions options, WriteStack& state)
   at System.Text.Json.Serialization.JsonConverter`1.TryWrite(Utf8JsonWriter writer, T& value, JsonSerializerOptions options, WriteStack& state)
   at System.Text.Json.Serialization.Metadata.JsonPropertyInfo`1.GetMemberAndWriteJson(Object obj, WriteStack& state, Utf8JsonWriter writer)
   at System.Text.Json.Serialization.Converters.ObjectDefaultConverter`1.OnTryWrite(Utf8JsonWriter writer, T value, JsonSerializerOptions options, WriteStack& state)
   at System.Text.Json.Serialization.JsonConverter`1.TryWrite(Utf8JsonWriter writer, T& value, JsonSerializerOptions options, WriteStack& state)
   at System.Text.Json.Serialization.Metadata.JsonPropertyInfo`1.GetMemberAndWriteJson(Object obj, WriteStack& state, Utf8JsonWriter writer)
   at System.Text.Json.Serialization.Converters.ObjectDefaultConverter`1.OnTryWrite(Utf8JsonWriter writer, T value, JsonSerializerOptions options, WriteStack& state)
   at System.Text.Json.Serialization.JsonConverter`1.TryWrite(Utf8JsonWriter writer, T& value, JsonSerializerOptions options, WriteStack& state)
   at System.Text.Json.Serialization.Converters.IEnumerableDefaultConverter`2.OnWriteResume(Utf8JsonWriter writer, TCollection value, JsonSerializerOptions options, WriteStack& state)
   at System.Text.Json.Serialization.JsonCollectionConverter`2.OnTryWrite(Utf8JsonWriter writer, TCollection value, JsonSerializerOptions options, WriteStack& state)
   at System.Text.Json.Serialization.JsonConverter`1.TryWrite(Utf8JsonWriter writer, T& value, JsonSerializerOptions options, WriteStack& state)
   at System.Text.Json.Serialization.Metadata.JsonPropertyInfo`1.GetMemberAndWriteJson(Object obj, WriteStack& state, Utf8JsonWriter writer)
   at System.Text.Json.Serialization.Converters.ObjectDefaultConverter`1.OnTryWrite(Utf8JsonWriter writer, T value, JsonSerializerOptions options, WriteStack& state)
   at System.Text.Json.Serialization.JsonConverter`1.TryWrite(Utf8JsonWriter writer, T& value, JsonSerializerOptions options, WriteStack& state)
   at System.Text.Json.Serialization.Metadata.JsonPropertyInfo`1.GetMemberAndWriteJson(Object obj, WriteStack& state, Utf8JsonWriter writer)
   at System.Text.Json.Serialization.Converters.ObjectDefaultConverter`1.OnTryWrite(Utf8JsonWriter writer, T value, JsonSerializerOptions options, WriteStack& state)
   at System.Text.Json.Serialization.JsonConverter`1.TryWrite(Utf8JsonWriter writer, T& value, JsonSerializerOptions options, WriteStack& state)
   at System.Text.Json.Serialization.Converters.IEnumerableDefaultConverter`2.OnWriteResume(Utf8JsonWriter writer, TCollection value, JsonSerializerOptions options, WriteStack& state)
   at System.Text.Json.Serialization.JsonCollectionConverter`2.OnTryWrite(Utf8JsonWriter writer, TCollection value, JsonSerializerOptions options, WriteStack& state)
   at System.Text.Json.Serialization.JsonConverter`1.TryWrite(Utf8JsonWriter writer, T& value, JsonSerializerOptions options, WriteStack& state)
   at System.Text.Json.Serialization.Metadata.JsonPropertyInfo`1.GetMemberAndWriteJson(Object obj, WriteStack& state, Utf8JsonWriter writer)
   at System.Text.Json.Serialization.Converters.ObjectDefaultConverter`1.OnTryWrite(Utf8JsonWriter writer, T value, JsonSerializerOptions options, WriteStack& state)
   at System.Text.Json.Serialization.JsonConverter`1.TryWrite(Utf8JsonWriter writer, T& value, JsonSerializerOptions options, WriteStack& state)
   at System.Text.Json.Serialization.Metadata.JsonPropertyInfo`1.GetMemberAndWriteJson(Object obj, WriteStack& state, Utf8JsonWriter writer)
   at System.Text.Json.Serialization.Converters.ObjectDefaultConverter`1.OnTryWrite(Utf8JsonWriter writer, T value, JsonSerializerOptions options, WriteStack& state)
   at System.Text.Json.Serialization.JsonConverter`1.TryWrite(Utf8JsonWriter writer, T& value, JsonSerializerOptions options, WriteStack& state)
   at System.Text.Json.Serialization.Converters.IEnumerableDefaultConverter`2.OnWriteResume(Utf8JsonWriter writer, TCollection value, JsonSerializerOptions options, WriteStack& state)
   at System.Text.Json.Serialization.JsonCollectionConverter`2.OnTryWrite(Utf8JsonWriter writer, TCollection value, JsonSerializerOptions options, WriteStack& state)
   at System.Text.Json.Serialization.JsonConverter`1.TryWrite(Utf8JsonWriter writer, T& value, JsonSerializerOptions options, WriteStack& state)
   at System.Text.Json.Serialization.Metadata.JsonPropertyInfo`1.GetMemberAndWriteJson(Object obj, WriteStack& state, Utf8JsonWriter writer)
   at System.Text.Json.Serialization.Converters.ObjectDefaultConverter`1.OnTryWrite(Utf8JsonWriter writer, T value, JsonSerializerOptions options, WriteStack& state)
   at System.Text.Json.Serialization.JsonConverter`1.TryWrite(Utf8JsonWriter writer, T& value, JsonSerializerOptions options, WriteStack& state)
   at System.Text.Json.Serialization.Metadata.JsonPropertyInfo`1.GetMemberAndWriteJson(Object obj, WriteStack& state, Utf8JsonWriter writer)
   at System.Text.Json.Serialization.Converters.ObjectDefaultConverter`1.OnTryWrite(Utf8JsonWriter writer, T value, JsonSerializerOptions options, WriteStack& state)
   at System.Text.Json.Serialization.JsonConverter`1.TryWrite(Utf8JsonWriter writer, T& value, JsonSerializerOptions options, WriteStack& state)
   at System.Text.Json.Serialization.Converters.IEnumerableDefaultConverter`2.OnWriteResume(Utf8JsonWriter writer, TCollection value, JsonSerializerOptions options, WriteStack& state)
   at System.Text.Json.Serialization.JsonCollectionConverter`2.OnTryWrite(Utf8JsonWriter writer, TCollection value, JsonSerializerOptions options, WriteStack& state)
   at System.Text.Json.Serialization.JsonConverter`1.TryWrite(Utf8JsonWriter writer, T& value, JsonSerializerOptions options, WriteStack& state)
   at System.Text.Json.Serialization.Metadata.JsonPropertyInfo`1.GetMemberAndWriteJson(Object obj, WriteStack& state, Utf8JsonWriter writer)
   at System.Text.Json.Serialization.Converters.ObjectDefaultConverter`1.OnTryWrite(Utf8JsonWriter writer, T value, JsonSerializerOptions options, WriteStack& state)
   at System.Text.Json.Serialization.JsonConverter`1.TryWrite(Utf8JsonWriter writer, T& value, JsonSerializerOptions options, WriteStack& state)
   at System.Text.Json.Serialization.Metadata.JsonPropertyInfo`1.GetMemberAndWriteJson(Object obj, WriteStack& state, Utf8JsonWriter writer)
   at System.Text.Json.Serialization.Converters.ObjectDefaultConverter`1.OnTryWrite(Utf8JsonWriter writer, T value, JsonSerializerOptions options, WriteStack& state)
   at System.Text.Json.Serialization.JsonConverter`1.TryWrite(Utf8JsonWriter writer, T& value, JsonSerializerOptions options, WriteStack& state)
   at System.Text.Json.Serialization.Converters.IEnumerableDefaultConverter`2.OnWriteResume(Utf8JsonWriter writer, TCollection value, JsonSerializerOptions options, WriteStack& state)
   at System.Text.Json.Serialization.JsonCollectionConverter`2.OnTryWrite(Utf8JsonWriter writer, TCollection value, JsonSerializerOptions options, WriteStack& state)
   at System.Text.Json.Serialization.JsonConverter`1.TryWrite(Utf8JsonWriter writer, T& value, JsonSerializerOptions options, WriteStack& state)
   at System.Text.Json.Serialization.Metadata.JsonPropertyInfo`1.GetMemberAndWriteJson(Object obj, WriteStack& state, Utf8JsonWriter writer)
   at System.Text.Json.Serialization.Converters.ObjectDefaultConverter`1.OnTryWrite(Utf8JsonWriter writer, T value, JsonSerializerOptions options, WriteStack& state)
   at System.Text.Json.Serialization.JsonConverter`1.TryWrite(Utf8JsonWriter writer, T& value, JsonSerializerOptions options, WriteStack& state)
   at System.Text.Json.Serialization.Metadata.JsonPropertyInfo`1.GetMemberAndWriteJson(Object obj, WriteStack& state, Utf8JsonWriter writer)
   at System.Text.Json.Serialization.Converters.ObjectDefaultConverter`1.OnTryWrite(Utf8JsonWriter writer, T value, JsonSerializerOptions options, WriteStack& state)
   at System.Text.Json.Serialization.JsonConverter`1.TryWrite(Utf8JsonWriter writer, T& value, JsonSerializerOptions options, WriteStack& state)
   at System.Text.Json.Serialization.Converters.IEnumerableDefaultConverter`2.OnWriteResume(Utf8JsonWriter writer, TCollection value, JsonSerializerOptions options, WriteStack& state)
   at System.Text.Json.Serialization.JsonCollectionConverter`2.OnTryWrite(Utf8JsonWriter writer, TCollection value, JsonSerializerOptions options, WriteStack& state)
   at System.Text.Json.Serialization.JsonConverter`1.TryWrite(Utf8JsonWriter writer, T& value, JsonSerializerOptions options, WriteStack& state)
   at System.Text.Json.Serialization.Metadata.JsonPropertyInfo`1.GetMemberAndWriteJson(Object obj, WriteStack& state, Utf8JsonWriter writer)
   at System.Text.Json.Serialization.Converters.ObjectDefaultConverter`1.OnTryWrite(Utf8JsonWriter writer, T value, JsonSerializerOptions options, WriteStack& state)
   at System.Text.Json.Serialization.JsonConverter`1.TryWrite(Utf8JsonWriter writer, T& value, JsonSerializerOptions options, WriteStack& state)
   at System.Text.Json.Serialization.Metadata.JsonPropertyInfo`1.GetMemberAndWriteJson(Object obj, WriteStack& state, Utf8JsonWriter writer)
   at System.Text.Json.Serialization.Converters.ObjectDefaultConverter`1.OnTryWrite(Utf8JsonWriter writer, T value, JsonSerializerOptions options, WriteStack& state)
   at System.Text.Json.Serialization.JsonConverter`1.TryWrite(Utf8JsonWriter writer, T& value, JsonSerializerOptions options, WriteStack& state)
   at System.Text.Json.Serialization.Metadata.JsonPropertyInfo`1.GetMemberAndWriteJson(Object obj, WriteStack& state, Utf8JsonWriter writer)
   at System.Text.Json.Serialization.Converters.ObjectDefaultConverter`1.OnTryWrite(Utf8JsonWriter writer, T value, JsonSerializerOptions options, WriteStack& state)
   at System.Text.Json.Serialization.JsonConverter`1.TryWrite(Utf8JsonWriter writer, T& value, JsonSerializerOptions options, WriteStack& state)
   at System.Text.Json.Serialization.JsonConverter`1.WriteCore(Utf8JsonWriter writer, T& value, JsonSerializerOptions options, WriteStack& state)
   at System.Text.Json.Serialization.Metadata.JsonTypeInfo`1.SerializeAsync(PipeWriter pipeWriter, T rootValue, Int32 flushThreshold, CancellationToken cancellationToken, Object rootValueBoxed)
   at System.Text.Json.Serialization.Metadata.JsonTypeInfo`1.SerializeAsync(PipeWriter pipeWriter, T rootValue, Int32 flushThreshold, CancellationToken cancellationToken, Object rootValueBoxed)
   at System.Text.Json.Serialization.Metadata.JsonTypeInfo`1.SerializeAsync(PipeWriter pipeWriter, T rootValue, Int32 flushThreshold, CancellationToken cancellationToken, Object rootValueBoxed)
   at Microsoft.AspNetCore.Mvc.Formatters.SystemTextJsonOutputFormatter.WriteResponseBodyAsync(OutputFormatterWriteContext context, Encoding selectedEncoding)
   at Microsoft.AspNetCore.Mvc.Infrastructure.ResourceInvoker.<InvokeNextResultFilterAsync>g__Awaited|30_0[TFilter,TFilterAsync](ResourceInvoker invoker, Task lastTask, State next, Scope scope, Object state, Boolean isCompleted)
   at Microsoft.AspNetCore.Mvc.Infrastructure.ResourceInvoker.Rethrow(ResultExecutedContextSealed context)
   at Microsoft.AspNetCore.Mvc.Infrastructure.ResourceInvoker.ResultNext[TFilter,TFilterAsync](State& next, Scope& scope, Object& state, Boolean& isCompleted)
   at Microsoft.AspNetCore.Mvc.Infrastructure.ResourceInvoker.InvokeResultFilters()
--- End of stack trace from previous location ---
   at Microsoft.AspNetCore.Mvc.Infrastructure.ResourceInvoker.<InvokeFilterPipelineAsync>g__Awaited|20_0(ResourceInvoker invoker, Task lastTask, State next, Scope scope, Object state, Boolean isCompleted)
   at Microsoft.AspNetCore.Mvc.Infrastructure.ResourceInvoker.<InvokeAsync>g__Awaited|17_0(ResourceInvoker invoker, Task task, IDisposable scope)
   at Microsoft.AspNetCore.Mvc.Infrastructure.ResourceInvoker.<InvokeAsync>g__Awaited|17_0(ResourceInvoker invoker, Task task, IDisposable scope)
   at Freshwalk.API.Logging.AuditRequestLoggingMiddleware.InvokeAsync(HttpContext context, RequestDelegate next) in D:\Projects\Freshwalk Shoe Cleaning web app\API\Freshwalk.API\Logging\AuditRequestLoggingMiddleware.cs:line 63
   at Freshwalk.API.Logging.AuditRequestLoggingMiddleware.InvokeAsync(HttpContext context, RequestDelegate next) in D:\Projects\Freshwalk Shoe Cleaning web app\API\Freshwalk.API\Logging\AuditRequestLoggingMiddleware.cs:line 91
   at Freshwalk.API.Logging.AuditRequestLoggingMiddleware.InvokeAsync(HttpContext context, RequestDelegate next) in D:\Projects\Freshwalk Shoe Cleaning web app\API\Freshwalk.API\Logging\AuditRequestLoggingMiddleware.cs:line 91
   at Microsoft.AspNetCore.Builder.UseMiddlewareExtensions.InterfaceMiddlewareBinder.<>c__DisplayClass2_0.<<CreateMiddleware>b__0>d.MoveNext()
--- End of stack trace from previous location ---
   at Microsoft.AspNetCore.Authorization.AuthorizationMiddleware.Invoke(HttpContext context)
   at Microsoft.AspNetCore.Authentication.AuthenticationMiddleware.Invoke(HttpContext context)
   at Serilog.AspNetCore.RequestLoggingMiddleware.Invoke(HttpContext httpContext)
2026-04-03 16:53:26.336 +03:00 [ERR] An unhandled exception has occurred while executing the request.
System.Text.Json.JsonException: A possible object cycle was detected. This can either be due to a cycle or if the object depth is larger than the maximum allowed depth of 32. Consider using ReferenceHandler.Preserve on JsonSerializerOptions to support cycles. Path: $.Booking.Customer.Bookings.Customer.Bookings.Customer.Bookings.Customer.Bookings.Customer.Bookings.Customer.Bookings.Customer.Bookings.Customer.Bookings.Customer.Bookings.Customer.Bookings.Id.
   at System.Text.Json.ThrowHelper.ThrowJsonException_SerializerCycleDetected(Int32 maxDepth)
   at System.Text.Json.Serialization.JsonConverter`1.TryWrite(Utf8JsonWriter writer, T& value, JsonSerializerOptions options, WriteStack& state)
   at System.Text.Json.Serialization.Metadata.JsonPropertyInfo`1.GetMemberAndWriteJson(Object obj, WriteStack& state, Utf8JsonWriter writer)
   at System.Text.Json.Serialization.Converters.ObjectDefaultConverter`1.OnTryWrite(Utf8JsonWriter writer, T value, JsonSerializerOptions options, WriteStack& state)
   at System.Text.Json.Serialization.JsonConverter`1.TryWrite(Utf8JsonWriter writer, T& value, JsonSerializerOptions options, WriteStack& state)
   at System.Text.Json.Serialization.Converters.IEnumerableDefaultConverter`2.OnWriteResume(Utf8JsonWriter writer, TCollection value, JsonSerializerOptions options, WriteStack& state)
   at System.Text.Json.Serialization.JsonCollectionConverter`2.OnTryWrite(Utf8JsonWriter writer, TCollection value, JsonSerializerOptions options, WriteStack& state)
   at System.Text.Json.Serialization.JsonConverter`1.TryWrite(Utf8JsonWriter writer, T& value, JsonSerializerOptions options, WriteStack& state)
   at System.Text.Json.Serialization.Metadata.JsonPropertyInfo`1.GetMemberAndWriteJson(Object obj, WriteStack& state, Utf8JsonWriter writer)
   at System.Text.Json.Serialization.Converters.ObjectDefaultConverter`1.OnTryWrite(Utf8JsonWriter writer, T value, JsonSerializerOptions options, WriteStack& state)
   at System.Text.Json.Serialization.JsonConverter`1.TryWrite(Utf8JsonWriter writer, T& value, JsonSerializerOptions options, WriteStack& state)
   at System.Text.Json.Serialization.Metadata.JsonPropertyInfo`1.GetMemberAndWriteJson(Object obj, WriteStack& state, Utf8JsonWriter writer)
   at System.Text.Json.Serialization.Converters.ObjectDefaultConverter`1.OnTryWrite(Utf8JsonWriter writer, T value, JsonSerializerOptions options, WriteStack& state)
   at System.Text.Json.Serialization.JsonConverter`1.TryWrite(Utf8JsonWriter writer, T& value, JsonSerializerOptions options, WriteStack& state)
   at System.Text.Json.Serialization.Converters.IEnumerableDefaultConverter`2.OnWriteResume(Utf8JsonWriter writer, TCollection value, JsonSerializerOptions options, WriteStack& state)
   at System.Text.Json.Serialization.JsonCollectionConverter`2.OnTryWrite(Utf8JsonWriter writer, TCollection value, JsonSerializerOptions options, WriteStack& state)
   at System.Text.Json.Serialization.JsonConverter`1.TryWrite(Utf8JsonWriter writer, T& value, JsonSerializerOptions options, WriteStack& state)
   at System.Text.Json.Serialization.Metadata.JsonPropertyInfo`1.GetMemberAndWriteJson(Object obj, WriteStack& state, Utf8JsonWriter writer)
   at System.Text.Json.Serialization.Converters.ObjectDefaultConverter`1.OnTryWrite(Utf8JsonWriter writer, T value, JsonSerializerOptions options, WriteStack& state)
   at System.Text.Json.Serialization.JsonConverter`1.TryWrite(Utf8JsonWriter writer, T& value, JsonSerializerOptions options, WriteStack& state)
   at System.Text.Json.Serialization.Metadata.JsonPropertyInfo`1.GetMemberAndWriteJson(Object obj, WriteStack& state, Utf8JsonWriter writer)
   at System.Text.Json.Serialization.Converters.ObjectDefaultConverter`1.OnTryWrite(Utf8JsonWriter writer, T value, JsonSerializerOptions options, WriteStack& state)
   at System.Text.Json.Serialization.JsonConverter`1.TryWrite(Utf8JsonWriter writer, T& value, JsonSerializerOptions options, WriteStack& state)
   at System.Text.Json.Serialization.Converters.IEnumerableDefaultConverter`2.OnWriteResume(Utf8JsonWriter writer, TCollection value, JsonSerializerOptions options, WriteStack& state)
   at System.Text.Json.Serialization.JsonCollectionConverter`2.OnTryWrite(Utf8JsonWriter writer, TCollection value, JsonSerializerOptions options, WriteStack& state)
   at System.Text.Json.Serialization.JsonConverter`1.TryWrite(Utf8JsonWriter writer, T& value, JsonSerializerOptions options, WriteStack& state)
   at System.Text.Json.Serialization.Metadata.JsonPropertyInfo`1.GetMemberAndWriteJson(Object obj, WriteStack& state, Utf8JsonWriter writer)
   at System.Text.Json.Serialization.Converters.ObjectDefaultConverter`1.OnTryWrite(Utf8JsonWriter writer, T value, JsonSerializerOptions options, WriteStack& state)
   at System.Text.Json.Serialization.JsonConverter`1.TryWrite(Utf8JsonWriter writer, T& value, JsonSerializerOptions options, WriteStack& state)
   at System.Text.Json.Serialization.Metadata.JsonPropertyInfo`1.GetMemberAndWriteJson(Object obj, WriteStack& state, Utf8JsonWriter writer)
   at System.Text.Json.Serialization.Converters.ObjectDefaultConverter`1.OnTryWrite(Utf8JsonWriter writer, T value, JsonSerializerOptions options, WriteStack& state)
   at System.Text.Json.Serialization.JsonConverter`1.TryWrite(Utf8JsonWriter writer, T& value, JsonSerializerOptions options, WriteStack& state)
   at System.Text.Json.Serialization.Converters.IEnumerableDefaultConverter`2.OnWriteResume(Utf8JsonWriter writer, TCollection value, JsonSerializerOptions options, WriteStack& state)
   at System.Text.Json.Serialization.JsonCollectionConverter`2.OnTryWrite(Utf8JsonWriter writer, TCollection value, JsonSerializerOptions options, WriteStack& state)
   at System.Text.Json.Serialization.JsonConverter`1.TryWrite(Utf8JsonWriter writer, T& value, JsonSerializerOptions options, WriteStack& state)
   at System.Text.Json.Serialization.Metadata.JsonPropertyInfo`1.GetMemberAndWriteJson(Object obj, WriteStack& state, Utf8JsonWriter writer)
   at System.Text.Json.Serialization.Converters.ObjectDefaultConverter`1.OnTryWrite(Utf8JsonWriter writer, T value, JsonSerializerOptions options, WriteStack& state)
   at System.Text.Json.Serialization.JsonConverter`1.TryWrite(Utf8JsonWriter writer, T& value, JsonSerializerOptions options, WriteStack& state)
   at System.Text.Json.Serialization.Metadata.JsonPropertyInfo`1.GetMemberAndWriteJson(Object obj, WriteStack& state, Utf8JsonWriter writer)
   at System.Text.Json.Serialization.Converters.ObjectDefaultConverter`1.OnTryWrite(Utf8JsonWriter writer, T value, JsonSerializerOptions options, WriteStack& state)
   at System.Text.Json.Serialization.JsonConverter`1.TryWrite(Utf8JsonWriter writer, T& value, JsonSerializerOptions options, WriteStack& state)
   at System.Text.Json.Serialization.Converters.IEnumerableDefaultConverter`2.OnWriteResume(Utf8JsonWriter writer, TCollection value, JsonSerializerOptions options, WriteStack& state)
   at System.Text.Json.Serialization.JsonCollectionConverter`2.OnTryWrite(Utf8JsonWriter writer, TCollection value, JsonSerializerOptions options, WriteStack& state)
   at System.Text.Json.Serialization.JsonConverter`1.TryWrite(Utf8JsonWriter writer, T& value, JsonSerializerOptions options, WriteStack& state)
   at System.Text.Json.Serialization.Metadata.JsonPropertyInfo`1.GetMemberAndWriteJson(Object obj, WriteStack& state, Utf8JsonWriter writer)
   at System.Text.Json.Serialization.Converters.ObjectDefaultConverter`1.OnTryWrite(Utf8JsonWriter writer, T value, JsonSerializerOptions options, WriteStack& state)
   at System.Text.Json.Serialization.JsonConverter`1.TryWrite(Utf8JsonWriter writer, T& value, JsonSerializerOptions options, WriteStack& state)
   at System.Text.Json.Serialization.Metadata.JsonPropertyInfo`1.GetMemberAndWriteJson(Object obj, WriteStack& state, Utf8JsonWriter writer)
   at System.Text.Json.Serialization.Converters.ObjectDefaultConverter`1.OnTryWrite(Utf8JsonWriter writer, T value, JsonSerializerOptions options, WriteStack& state)
   at System.Text.Json.Serialization.JsonConverter`1.TryWrite(Utf8JsonWriter writer, T& value, JsonSerializerOptions options, WriteStack& state)
   at System.Text.Json.Serialization.Converters.IEnumerableDefaultConverter`2.OnWriteResume(Utf8JsonWriter writer, TCollection value, JsonSerializerOptions options, WriteStack& state)
   at System.Text.Json.Serialization.JsonCollectionConverter`2.OnTryWrite(Utf8JsonWriter writer, TCollection value, JsonSerializerOptions options, WriteStack& state)
   at System.Text.Json.Serialization.JsonConverter`1.TryWrite(Utf8JsonWriter writer, T& value, JsonSerializerOptions options, WriteStack& state)
   at System.Text.Json.Serialization.Metadata.JsonPropertyInfo`1.GetMemberAndWriteJson(Object obj, WriteStack& state, Utf8JsonWriter writer)
   at System.Text.Json.Serialization.Converters.ObjectDefaultConverter`1.OnTryWrite(Utf8JsonWriter writer, T value, JsonSerializerOptions options, WriteStack& state)
   at System.Text.Json.Serialization.JsonConverter`1.TryWrite(Utf8JsonWriter writer, T& value, JsonSerializerOptions options, WriteStack& state)
   at System.Text.Json.Serialization.Metadata.JsonPropertyInfo`1.GetMemberAndWriteJson(Object obj, WriteStack& state, Utf8JsonWriter writer)
   at System.Text.Json.Serialization.Converters.ObjectDefaultConverter`1.OnTryWrite(Utf8JsonWriter writer, T value, JsonSerializerOptions options, WriteStack& state)
   at System.Text.Json.Serialization.JsonConverter`1.TryWrite(Utf8JsonWriter writer, T& value, JsonSerializerOptions options, WriteStack& state)
   at System.Text.Json.Serialization.Converters.IEnumerableDefaultConverter`2.OnWriteResume(Utf8JsonWriter writer, TCollection value, JsonSerializerOptions options, WriteStack& state)
   at System.Text.Json.Serialization.JsonCollectionConverter`2.OnTryWrite(Utf8JsonWriter writer, TCollection value, JsonSerializerOptions options, WriteStack& state)
   at System.Text.Json.Serialization.JsonConverter`1.TryWrite(Utf8JsonWriter writer, T& value, JsonSerializerOptions options, WriteStack& state)
   at System.Text.Json.Serialization.Metadata.JsonPropertyInfo`1.GetMemberAndWriteJson(Object obj, WriteStack& state, Utf8JsonWriter writer)
   at System.Text.Json.Serialization.Converters.ObjectDefaultConverter`1.OnTryWrite(Utf8JsonWriter writer, T value, JsonSerializerOptions options, WriteStack& state)
   at System.Text.Json.Serialization.JsonConverter`1.TryWrite(Utf8JsonWriter writer, T& value, JsonSerializerOptions options, WriteStack& state)
   at System.Text.Json.Serialization.Metadata.JsonPropertyInfo`1.GetMemberAndWriteJson(Object obj, WriteStack& state, Utf8JsonWriter writer)
   at System.Text.Json.Serialization.Converters.ObjectDefaultConverter`1.OnTryWrite(Utf8JsonWriter writer, T value, JsonSerializerOptions options, WriteStack& state)
   at System.Text.Json.Serialization.JsonConverter`1.TryWrite(Utf8JsonWriter writer, T& value, JsonSerializerOptions options, WriteStack& state)
   at System.Text.Json.Serialization.Converters.IEnumerableDefaultConverter`2.OnWriteResume(Utf8JsonWriter writer, TCollection value, JsonSerializerOptions options, WriteStack& state)
   at System.Text.Json.Serialization.JsonCollectionConverter`2.OnTryWrite(Utf8JsonWriter writer, TCollection value, JsonSerializerOptions options, WriteStack& state)
   at System.Text.Json.Serialization.JsonConverter`1.TryWrite(Utf8JsonWriter writer, T& value, JsonSerializerOptions options, WriteStack& state)
   at System.Text.Json.Serialization.Metadata.JsonPropertyInfo`1.GetMemberAndWriteJson(Object obj, WriteStack& state, Utf8JsonWriter writer)
   at System.Text.Json.Serialization.Converters.ObjectDefaultConverter`1.OnTryWrite(Utf8JsonWriter writer, T value, JsonSerializerOptions options, WriteStack& state)
   at System.Text.Json.Serialization.JsonConverter`1.TryWrite(Utf8JsonWriter writer, T& value, JsonSerializerOptions options, WriteStack& state)
   at System.Text.Json.Serialization.Metadata.JsonPropertyInfo`1.GetMemberAndWriteJson(Object obj, WriteStack& state, Utf8JsonWriter writer)
   at System.Text.Json.Serialization.Converters.ObjectDefaultConverter`1.OnTryWrite(Utf8JsonWriter writer, T value, JsonSerializerOptions options, WriteStack& state)
   at System.Text.Json.Serialization.JsonConverter`1.TryWrite(Utf8JsonWriter writer, T& value, JsonSerializerOptions options, WriteStack& state)
   at System.Text.Json.Serialization.Converters.IEnumerableDefaultConverter`2.OnWriteResume(Utf8JsonWriter writer, TCollection value, JsonSerializerOptions options, WriteStack& state)
   at System.Text.Json.Serialization.JsonCollectionConverter`2.OnTryWrite(Utf8JsonWriter writer, TCollection value, JsonSerializerOptions options, WriteStack& state)
   at System.Text.Json.Serialization.JsonConverter`1.TryWrite(Utf8JsonWriter writer, T& value, JsonSerializerOptions options, WriteStack& state)
   at System.Text.Json.Serialization.Metadata.JsonPropertyInfo`1.GetMemberAndWriteJson(Object obj, WriteStack& state, Utf8JsonWriter writer)
   at System.Text.Json.Serialization.Converters.ObjectDefaultConverter`1.OnTryWrite(Utf8JsonWriter writer, T value, JsonSerializerOptions options, WriteStack& state)
   at System.Text.Json.Serialization.JsonConverter`1.TryWrite(Utf8JsonWriter writer, T& value, JsonSerializerOptions options, WriteStack& state)
   at System.Text.Json.Serialization.Metadata.JsonPropertyInfo`1.GetMemberAndWriteJson(Object obj, WriteStack& state, Utf8JsonWriter writer)
   at System.Text.Json.Serialization.Converters.ObjectDefaultConverter`1.OnTryWrite(Utf8JsonWriter writer, T value, JsonSerializerOptions options, WriteStack& state)
   at System.Text.Json.Serialization.JsonConverter`1.TryWrite(Utf8JsonWriter writer, T& value, JsonSerializerOptions options, WriteStack& state)
   at System.Text.Json.Serialization.Converters.IEnumerableDefaultConverter`2.OnWriteResume(Utf8JsonWriter writer, TCollection value, JsonSerializerOptions options, WriteStack& state)
   at System.Text.Json.Serialization.JsonCollectionConverter`2.OnTryWrite(Utf8JsonWriter writer, TCollection value, JsonSerializerOptions options, WriteStack& state)
   at System.Text.Json.Serialization.JsonConverter`1.TryWrite(Utf8JsonWriter writer, T& value, JsonSerializerOptions options, WriteStack& state)
   at System.Text.Json.Serialization.Metadata.JsonPropertyInfo`1.GetMemberAndWriteJson(Object obj, WriteStack& state, Utf8JsonWriter writer)
   at System.Text.Json.Serialization.Converters.ObjectDefaultConverter`1.OnTryWrite(Utf8JsonWriter writer, T value, JsonSerializerOptions options, WriteStack& state)
   at System.Text.Json.Serialization.JsonConverter`1.TryWrite(Utf8JsonWriter writer, T& value, JsonSerializerOptions options, WriteStack& state)
   at System.Text.Json.Serialization.Metadata.JsonPropertyInfo`1.GetMemberAndWriteJson(Object obj, WriteStack& state, Utf8JsonWriter writer)
   at System.Text.Json.Serialization.Converters.ObjectDefaultConverter`1.OnTryWrite(Utf8JsonWriter writer, T value, JsonSerializerOptions options, WriteStack& state)
   at System.Text.Json.Serialization.JsonConverter`1.TryWrite(Utf8JsonWriter writer, T& value, JsonSerializerOptions options, WriteStack& state)
   at System.Text.Json.Serialization.Metadata.JsonPropertyInfo`1.GetMemberAndWriteJson(Object obj, WriteStack& state, Utf8JsonWriter writer)
   at System.Text.Json.Serialization.Converters.ObjectDefaultConverter`1.OnTryWrite(Utf8JsonWriter writer, T value, JsonSerializerOptions options, WriteStack& state)
   at System.Text.Json.Serialization.JsonConverter`1.TryWrite(Utf8JsonWriter writer, T& value, JsonSerializerOptions options, WriteStack& state)
   at System.Text.Json.Serialization.JsonConverter`1.WriteCore(Utf8JsonWriter writer, T& value, JsonSerializerOptions options, WriteStack& state)
   at System.Text.Json.Serialization.Metadata.JsonTypeInfo`1.SerializeAsync(PipeWriter pipeWriter, T rootValue, Int32 flushThreshold, CancellationToken cancellationToken, Object rootValueBoxed)
   at System.Text.Json.Serialization.Metadata.JsonTypeInfo`1.SerializeAsync(PipeWriter pipeWriter, T rootValue, Int32 flushThreshold, CancellationToken cancellationToken, Object rootValueBoxed)
   at System.Text.Json.Serialization.Metadata.JsonTypeInfo`1.SerializeAsync(PipeWriter pipeWriter, T rootValue, Int32 flushThreshold, CancellationToken cancellationToken, Object rootValueBoxed)
   at Microsoft.AspNetCore.Mvc.Formatters.SystemTextJsonOutputFormatter.WriteResponseBodyAsync(OutputFormatterWriteContext context, Encoding selectedEncoding)
   at Microsoft.AspNetCore.Mvc.Infrastructure.ResourceInvoker.<InvokeNextResultFilterAsync>g__Awaited|30_0[TFilter,TFilterAsync](ResourceInvoker invoker, Task lastTask, State next, Scope scope, Object state, Boolean isCompleted)
   at Microsoft.AspNetCore.Mvc.Infrastructure.ResourceInvoker.Rethrow(ResultExecutedContextSealed context)
   at Microsoft.AspNetCore.Mvc.Infrastructure.ResourceInvoker.ResultNext[TFilter,TFilterAsync](State& next, Scope& scope, Object& state, Boolean& isCompleted)
   at Microsoft.AspNetCore.Mvc.Infrastructure.ResourceInvoker.InvokeResultFilters()
--- End of stack trace from previous location ---
   at Microsoft.AspNetCore.Mvc.Infrastructure.ResourceInvoker.<InvokeFilterPipelineAsync>g__Awaited|20_0(ResourceInvoker invoker, Task lastTask, State next, Scope scope, Object state, Boolean isCompleted)
   at Microsoft.AspNetCore.Mvc.Infrastructure.ResourceInvoker.<InvokeAsync>g__Awaited|17_0(ResourceInvoker invoker, Task task, IDisposable scope)
   at Microsoft.AspNetCore.Mvc.Infrastructure.ResourceInvoker.<InvokeAsync>g__Awaited|17_0(ResourceInvoker invoker, Task task, IDisposable scope)
   at Freshwalk.API.Logging.AuditRequestLoggingMiddleware.InvokeAsync(HttpContext context, RequestDelegate next) in D:\Projects\Freshwalk Shoe Cleaning web app\API\Freshwalk.API\Logging\AuditRequestLoggingMiddleware.cs:line 63
   at Freshwalk.API.Logging.AuditRequestLoggingMiddleware.InvokeAsync(HttpContext context, RequestDelegate next) in D:\Projects\Freshwalk Shoe Cleaning web app\API\Freshwalk.API\Logging\AuditRequestLoggingMiddleware.cs:line 91
   at Freshwalk.API.Logging.AuditRequestLoggingMiddleware.InvokeAsync(HttpContext context, RequestDelegate next) in D:\Projects\Freshwalk Shoe Cleaning web app\API\Freshwalk.API\Logging\AuditRequestLoggingMiddleware.cs:line 91
   at Microsoft.AspNetCore.Builder.UseMiddlewareExtensions.InterfaceMiddlewareBinder.<>c__DisplayClass2_0.<<CreateMiddleware>b__0>d.MoveNext()
--- End of stack trace from previous location ---
   at Microsoft.AspNetCore.Authorization.AuthorizationMiddleware.Invoke(HttpContext context)
   at Microsoft.AspNetCore.Authentication.AuthenticationMiddleware.Invoke(HttpContext context)
   at Serilog.AspNetCore.RequestLoggingMiddleware.Invoke(HttpContext httpContext)
   at Swashbuckle.AspNetCore.SwaggerUI.SwaggerUIMiddleware.Invoke(HttpContext httpContext)
   at Swashbuckle.AspNetCore.Swagger.SwaggerMiddleware.Invoke(HttpContext httpContext, ISwaggerProvider swaggerProvider)
   at Microsoft.AspNetCore.Diagnostics.DeveloperExceptionPageMiddlewareImpl.Invoke(HttpContext context)
2026-04-03 16:53:26.384 +03:00 [INF] Executed DbCommand (238ms) [Parameters=[@__id_0='?' (DbType = Guid)], CommandType='"Text"', CommandTimeout='30']
SELECT s."Id", s."AddOns", s."AppliedPromotions", s."BookingReference", s."BundleDiscountPercent", s."CanvasLines", s."CreatedAt", s."CustomerId", s."DiscountAmountKes", s."NubuckLines", s."PickupAddress", s."PickupLatitude", s."PickupLocationUrl", s."PickupLongitude", s."PriceKes", s."PromotionalDiscountKes", s."ShoesSubtotalGrossKes", s."SneakersLines", s."Status", s."SubtotalBeforeDiscountKes", s."SuedeLines", s."TotalPairs", s."Id0", s."AccessFailedCount", s."Address", s."ConcurrencyStamp", s."CreatedAt0", s."CustomerReference", s."Email", s."EmailConfirmed", s."FullName", s."IsActive", s."LockoutEnabled", s."LockoutEnd", s."NormalizedEmail", s."NormalizedUserName", s."PasswordHash", s."PhoneNumber", s."PhoneNumberConfirmed", s."SecurityStamp", s."TwoFactorEnabled", s."UserName", s."Id1", s."Amount", s."BookingId", s."CreatedAt1", s."MpesaCheckoutRequestId", s."MpesaMerchantRequestId", s."MpesaReceipt", s."PayerPhoneNumber", s."PaymentReference", s."Status0", s."Id2", s."AgentId", s."BookingId0", s."CleaningCompletedAt", s."CleaningStartedAt", s."CustomerId0", s."DeliveredAt", s."DeliveryOtp", s."DeliveryOtpExpiresAt", s."DeliveryOtpVerifiedAt", s."OrderReference", s."PickedUpAt", s."PickupOtp", s."PickupOtpExpiresAt", s."PickupOtpVerifiedAt", s."Status1", s0."Id", s0."AssignedAt", s0."AssignmentReference", s0."AssignmentType", s0."CompletedAt", s0."Notes", s0."OrderId", s0."RiderId", s0."Status", s0."Id0", s0."AccessFailedCount", s0."Address", s0."ConcurrencyStamp", s0."CreatedAt", s0."CustomerReference", s0."Email", s0."EmailConfirmed", s0."FullName", s0."IsActive", s0."LockoutEnabled", s0."LockoutEnd", s0."NormalizedEmail", s0."NormalizedUserName", s0."PasswordHash", s0."PhoneNumber", s0."PhoneNumberConfirmed", s0."SecurityStamp", s0."TwoFactorEnabled", s0."UserName"
FROM (
    SELECT b."Id", b."AddOns", b."AppliedPromotions", b."BookingReference", b."BundleDiscountPercent", b."CanvasLines", b."CreatedAt", b."CustomerId", b."DiscountAmountKes", b."NubuckLines", b."PickupAddress", b."PickupLatitude", b."PickupLocationUrl", b."PickupLongitude", b."PriceKes", b."PromotionalDiscountKes", b."ShoesSubtotalGrossKes", b."SneakersLines", b."Status", b."SubtotalBeforeDiscountKes", b."SuedeLines", b."TotalPairs", f."Id" AS "Id0", f."AccessFailedCount", f."Address", f."ConcurrencyStamp", f."CreatedAt" AS "CreatedAt0", f."CustomerReference", f."Email", f."EmailConfirmed", f."FullName", f."IsActive", f."LockoutEnabled", f."LockoutEnd", f."NormalizedEmail", f."NormalizedUserName", f."PasswordHash", f."PhoneNumber", f."PhoneNumberConfirmed", f."SecurityStamp", f."TwoFactorEnabled", f."UserName", p."Id" AS "Id1", p."Amount", p."BookingId", p."CreatedAt" AS "CreatedAt1", p."MpesaCheckoutRequestId", p."MpesaMerchantRequestId", p."MpesaReceipt", p."PayerPhoneNumber", p."PaymentReference", p."Status" AS "Status0", o."Id" AS "Id2", o."AgentId", o."BookingId" AS "BookingId0", o."CleaningCompletedAt", o."CleaningStartedAt", o."CustomerId" AS "CustomerId0", o."DeliveredAt", o."DeliveryOtp", o."DeliveryOtpExpiresAt", o."DeliveryOtpVerifiedAt", o."OrderReference", o."PickedUpAt", o."PickupOtp", o."PickupOtpExpiresAt", o."PickupOtpVerifiedAt", o."Status" AS "Status1"
    FROM "Bookings" AS b
    INNER JOIN "FreshwalkUsers" AS f ON b."CustomerId" = f."Id"
    LEFT JOIN "Payments" AS p ON b."Id" = p."BookingId"
    LEFT JOIN "Orders" AS o ON b."Id" = o."BookingId"
    WHERE b."Id" = @__id_0
    LIMIT 1
) AS s
LEFT JOIN (
    SELECT o0."Id", o0."AssignedAt", o0."AssignmentReference", o0."AssignmentType", o0."CompletedAt", o0."Notes", o0."OrderId", o0."RiderId", o0."Status", f0."Id" AS "Id0", f0."AccessFailedCount", f0."Address", f0."ConcurrencyStamp", f0."CreatedAt", f0."CustomerReference", f0."Email", f0."EmailConfirmed", f0."FullName", f0."IsActive", f0."LockoutEnabled", f0."LockoutEnd", f0."NormalizedEmail", f0."NormalizedUserName", f0."PasswordHash", f0."PhoneNumber", f0."PhoneNumberConfirmed", f0."SecurityStamp", f0."TwoFactorEnabled", f0."UserName"
    FROM "OrderRiderAssignments" AS o0
    INNER JOIN "FreshwalkUsers" AS f0 ON o0."RiderId" = f0."Id"
) AS s0 ON s."Id2" = s0."OrderId"
ORDER BY s."Id", s."Id0", s."Id1", s."Id2", s0."Id"
2026-04-03 16:53:26.610 +03:00 [INF] Executed DbCommand (217ms) [Parameters=[@__p_0='?' (DbType = Guid)], CommandType='"Text"', CommandTimeout='30']
SELECT f."Id", f."AccessFailedCount", f."Address", f."ConcurrencyStamp", f."CreatedAt", f."CustomerReference", f."Email", f."EmailConfirmed", f."FullName", f."IsActive", f."LockoutEnabled", f."LockoutEnd", f."NormalizedEmail", f."NormalizedUserName", f."PasswordHash", f."PhoneNumber", f."PhoneNumberConfirmed", f."SecurityStamp", f."TwoFactorEnabled", f."UserName"
FROM "FreshwalkUsers" AS f
WHERE f."Id" = @__p_0
LIMIT 1
2026-04-03 16:53:26.650 +03:00 [INF] HTTP GET /api/agent/bookings/8f788335-0a95-48be-a2ba-be910b317642 responded 200 in 1754.6038 ms
2026-04-03 16:53:26.869 +03:00 [INF] Executed DbCommand (211ms) [Parameters=[@__id_0='?' (DbType = Guid)], CommandType='"Text"', CommandTimeout='30']
SELECT s."Id", s."AgentId", s."BookingId", s."CleaningCompletedAt", s."CleaningStartedAt", s."CustomerId", s."DeliveredAt", s."DeliveryOtp", s."DeliveryOtpExpiresAt", s."DeliveryOtpVerifiedAt", s."OrderReference", s."PickedUpAt", s."PickupOtp", s."PickupOtpExpiresAt", s."PickupOtpVerifiedAt", s."Status", s."Id0", s."AddOns", s."AppliedPromotions", s."BookingReference", s."BundleDiscountPercent", s."CanvasLines", s."CreatedAt", s."CustomerId0", s."DiscountAmountKes", s."NubuckLines", s."PickupAddress", s."PickupLatitude", s."PickupLocationUrl", s."PickupLongitude", s."PriceKes", s."PromotionalDiscountKes", s."ShoesSubtotalGrossKes", s."SneakersLines", s."Status0", s."SubtotalBeforeDiscountKes", s."SuedeLines", s."TotalPairs", s."Id1", s."AccessFailedCount", s."Address", s."ConcurrencyStamp", s."CreatedAt0", s."CustomerReference", s."Email", s."EmailConfirmed", s."FullName", s."IsActive", s."LockoutEnabled", s."LockoutEnd", s."NormalizedEmail", s."NormalizedUserName", s."PasswordHash", s."PhoneNumber", s."PhoneNumberConfirmed", s."SecurityStamp", s."TwoFactorEnabled", s."UserName", s."Id2", s."Amount", s."BookingId0", s."CreatedAt1", s."MpesaCheckoutRequestId", s."MpesaMerchantRequestId", s."MpesaReceipt", s."PayerPhoneNumber", s."PaymentReference", s."Status1", s0."Id", s0."AssignedAt", s0."AssignmentReference", s0."AssignmentType", s0."CompletedAt", s0."Notes", s0."OrderId", s0."RiderId", s0."Status", s0."Id0", s0."AccessFailedCount", s0."Address", s0."ConcurrencyStamp", s0."CreatedAt", s0."CustomerReference", s0."Email", s0."EmailConfirmed", s0."FullName", s0."IsActive", s0."LockoutEnabled", s0."LockoutEnd", s0."NormalizedEmail", s0."NormalizedUserName", s0."PasswordHash", s0."PhoneNumber", s0."PhoneNumberConfirmed", s0."SecurityStamp", s0."TwoFactorEnabled", s0."UserName"
FROM (
    SELECT o."Id", o."AgentId", o."BookingId", o."CleaningCompletedAt", o."CleaningStartedAt", o."CustomerId", o."DeliveredAt", o."DeliveryOtp", o."DeliveryOtpExpiresAt", o."DeliveryOtpVerifiedAt", o."OrderReference", o."PickedUpAt", o."PickupOtp", o."PickupOtpExpiresAt", o."PickupOtpVerifiedAt", o."Status", b."Id" AS "Id0", b."AddOns", b."AppliedPromotions", b."BookingReference", b."BundleDiscountPercent", b."CanvasLines", b."CreatedAt", b."CustomerId" AS "CustomerId0", b."DiscountAmountKes", b."NubuckLines", b."PickupAddress", b."PickupLatitude", b."PickupLocationUrl", b."PickupLongitude", b."PriceKes", b."PromotionalDiscountKes", b."ShoesSubtotalGrossKes", b."SneakersLines", b."Status" AS "Status0", b."SubtotalBeforeDiscountKes", b."SuedeLines", b."TotalPairs", f."Id" AS "Id1", f."AccessFailedCount", f."Address", f."ConcurrencyStamp", f."CreatedAt" AS "CreatedAt0", f."CustomerReference", f."Email", f."EmailConfirmed", f."FullName", f."IsActive", f."LockoutEnabled", f."LockoutEnd", f."NormalizedEmail", f."NormalizedUserName", f."PasswordHash", f."PhoneNumber", f."PhoneNumberConfirmed", f."SecurityStamp", f."TwoFactorEnabled", f."UserName", p."Id" AS "Id2", p."Amount", p."BookingId" AS "BookingId0", p."CreatedAt" AS "CreatedAt1", p."MpesaCheckoutRequestId", p."MpesaMerchantRequestId", p."MpesaReceipt", p."PayerPhoneNumber", p."PaymentReference", p."Status" AS "Status1"
    FROM "Orders" AS o
    INNER JOIN "Bookings" AS b ON o."BookingId" = b."Id"
    INNER JOIN "FreshwalkUsers" AS f ON b."CustomerId" = f."Id"
    LEFT JOIN "Payments" AS p ON b."Id" = p."BookingId"
    WHERE o."Id" = @__id_0
    LIMIT 1
) AS s
LEFT JOIN (
    SELECT o0."Id", o0."AssignedAt", o0."AssignmentReference", o0."AssignmentType", o0."CompletedAt", o0."Notes", o0."OrderId", o0."RiderId", o0."Status", f0."Id" AS "Id0", f0."AccessFailedCount", f0."Address", f0."ConcurrencyStamp", f0."CreatedAt", f0."CustomerReference", f0."Email", f0."EmailConfirmed", f0."FullName", f0."IsActive", f0."LockoutEnabled", f0."LockoutEnd", f0."NormalizedEmail", f0."NormalizedUserName", f0."PasswordHash", f0."PhoneNumber", f0."PhoneNumberConfirmed", f0."SecurityStamp", f0."TwoFactorEnabled", f0."UserName"
    FROM "OrderRiderAssignments" AS o0
    INNER JOIN "FreshwalkUsers" AS f0 ON o0."RiderId" = f0."Id"
) AS s0 ON s."Id" = s0."OrderId"
ORDER BY s."Id", s."Id0", s."Id1", s."Id2", s0."Id"
2026-04-03 16:53:27.094 +03:00 [INF] Executed DbCommand (215ms) [Parameters=[@__p_0='?' (DbType = Guid)], CommandType='"Text"', CommandTimeout='30']
SELECT f."Id", f."AccessFailedCount", f."Address", f."ConcurrencyStamp", f."CreatedAt", f."CustomerReference", f."Email", f."EmailConfirmed", f."FullName", f."IsActive", f."LockoutEnabled", f."LockoutEnd", f."NormalizedEmail", f."NormalizedUserName", f."PasswordHash", f."PhoneNumber", f."PhoneNumberConfirmed", f."SecurityStamp", f."TwoFactorEnabled", f."UserName"
FROM "FreshwalkUsers" AS f
WHERE f."Id" = @__p_0
LIMIT 1
2026-04-03 16:53:27.102 +03:00 [ERR] HTTP GET /api/orders/14b94dc8-2415-48f5-b787-dc381c72f634 responded 500 in 446.8562 ms
System.Text.Json.JsonException: A possible object cycle was detected. This can either be due to a cycle or if the object depth is larger than the maximum allowed depth of 32. Consider using ReferenceHandler.Preserve on JsonSerializerOptions to support cycles. Path: $.Booking.Customer.Bookings.Customer.Bookings.Customer.Bookings.Customer.Bookings.Customer.Bookings.Customer.Bookings.Customer.Bookings.Customer.Bookings.Customer.Bookings.Customer.Bookings.Id.
   at System.Text.Json.ThrowHelper.ThrowJsonException_SerializerCycleDetected(Int32 maxDepth)
   at System.Text.Json.Serialization.JsonConverter`1.TryWrite(Utf8JsonWriter writer, T& value, JsonSerializerOptions options, WriteStack& state)
   at System.Text.Json.Serialization.Metadata.JsonPropertyInfo`1.GetMemberAndWriteJson(Object obj, WriteStack& state, Utf8JsonWriter writer)
   at System.Text.Json.Serialization.Converters.ObjectDefaultConverter`1.OnTryWrite(Utf8JsonWriter writer, T value, JsonSerializerOptions options, WriteStack& state)
   at System.Text.Json.Serialization.JsonConverter`1.TryWrite(Utf8JsonWriter writer, T& value, JsonSerializerOptions options, WriteStack& state)
   at System.Text.Json.Serialization.Converters.IEnumerableDefaultConverter`2.OnWriteResume(Utf8JsonWriter writer, TCollection value, JsonSerializerOptions options, WriteStack& state)
   at System.Text.Json.Serialization.JsonCollectionConverter`2.OnTryWrite(Utf8JsonWriter writer, TCollection value, JsonSerializerOptions options, WriteStack& state)
   at System.Text.Json.Serialization.Metadata.JsonPropertyInfo`1.GetMemberAndWriteJson(Object obj, WriteStack& state, Utf8JsonWriter writer)
   at System.Text.Json.Serialization.Converters.ObjectDefaultConverter`1.OnTryWrite(Utf8JsonWriter writer, T value, JsonSerializerOptions options, WriteStack& state)
   at System.Text.Json.Serialization.Metadata.JsonPropertyInfo`1.GetMemberAndWriteJson(Object obj, WriteStack& state, Utf8JsonWriter writer)
   at System.Text.Json.Serialization.Converters.ObjectDefaultConverter`1.OnTryWrite(Utf8JsonWriter writer, T value, JsonSerializerOptions options, WriteStack& state)
   at System.Text.Json.Serialization.JsonConverter`1.TryWrite(Utf8JsonWriter writer, T& value, JsonSerializerOptions options, WriteStack& state)
   at System.Text.Json.Serialization.Converters.IEnumerableDefaultConverter`2.OnWriteResume(Utf8JsonWriter writer, TCollection value, JsonSerializerOptions options, WriteStack& state)
   at System.Text.Json.Serialization.JsonCollectionConverter`2.OnTryWrite(Utf8JsonWriter writer, TCollection value, JsonSerializerOptions options, WriteStack& state)
   at System.Text.Json.Serialization.Metadata.JsonPropertyInfo`1.GetMemberAndWriteJson(Object obj, WriteStack& state, Utf8JsonWriter writer)
   at System.Text.Json.Serialization.Converters.ObjectDefaultConverter`1.OnTryWrite(Utf8JsonWriter writer, T value, JsonSerializerOptions options, WriteStack& state)
   at System.Text.Json.Serialization.Metadata.JsonPropertyInfo`1.GetMemberAndWriteJson(Object obj, WriteStack& state, Utf8JsonWriter writer)
   at System.Text.Json.Serialization.Converters.ObjectDefaultConverter`1.OnTryWrite(Utf8JsonWriter writer, T value, JsonSerializerOptions options, WriteStack& state)
   at System.Text.Json.Serialization.JsonConverter`1.TryWrite(Utf8JsonWriter writer, T& value, JsonSerializerOptions options, WriteStack& state)
   at System.Text.Json.Serialization.Converters.IEnumerableDefaultConverter`2.OnWriteResume(Utf8JsonWriter writer, TCollection value, JsonSerializerOptions options, WriteStack& state)
   at System.Text.Json.Serialization.JsonCollectionConverter`2.OnTryWrite(Utf8JsonWriter writer, TCollection value, JsonSerializerOptions options, WriteStack& state)
   at System.Text.Json.Serialization.Metadata.JsonPropertyInfo`1.GetMemberAndWriteJson(Object obj, WriteStack& state, Utf8JsonWriter writer)
   at System.Text.Json.Serialization.Converters.ObjectDefaultConverter`1.OnTryWrite(Utf8JsonWriter writer, T value, JsonSerializerOptions options, WriteStack& state)
   at System.Text.Json.Serialization.Metadata.JsonPropertyInfo`1.GetMemberAndWriteJson(Object obj, WriteStack& state, Utf8JsonWriter writer)
   at System.Text.Json.Serialization.Converters.ObjectDefaultConverter`1.OnTryWrite(Utf8JsonWriter writer, T value, JsonSerializerOptions options, WriteStack& state)
   at System.Text.Json.Serialization.JsonConverter`1.TryWrite(Utf8JsonWriter writer, T& value, JsonSerializerOptions options, WriteStack& state)
   at System.Text.Json.Serialization.Converters.IEnumerableDefaultConverter`2.OnWriteResume(Utf8JsonWriter writer, TCollection value, JsonSerializerOptions options, WriteStack& state)
   at System.Text.Json.Serialization.JsonCollectionConverter`2.OnTryWrite(Utf8JsonWriter writer, TCollection value, JsonSerializerOptions options, WriteStack& state)
   at System.Text.Json.Serialization.Metadata.JsonPropertyInfo`1.GetMemberAndWriteJson(Object obj, WriteStack& state, Utf8JsonWriter writer)
   at System.Text.Json.Serialization.Converters.ObjectDefaultConverter`1.OnTryWrite(Utf8JsonWriter writer, T value, JsonSerializerOptions options, WriteStack& state)
   at System.Text.Json.Serialization.Metadata.JsonPropertyInfo`1.GetMemberAndWriteJson(Object obj, WriteStack& state, Utf8JsonWriter writer)
   at System.Text.Json.Serialization.Converters.ObjectDefaultConverter`1.OnTryWrite(Utf8JsonWriter writer, T value, JsonSerializerOptions options, WriteStack& state)
   at System.Text.Json.Serialization.JsonConverter`1.TryWrite(Utf8JsonWriter writer, T& value, JsonSerializerOptions options, WriteStack& state)
   at System.Text.Json.Serialization.Converters.IEnumerableDefaultConverter`2.OnWriteResume(Utf8JsonWriter writer, TCollection value, JsonSerializerOptions options, WriteStack& state)
   at System.Text.Json.Serialization.JsonCollectionConverter`2.OnTryWrite(Utf8JsonWriter writer, TCollection value, JsonSerializerOptions options, WriteStack& state)
   at System.Text.Json.Serialization.Metadata.JsonPropertyInfo`1.GetMemberAndWriteJson(Object obj, WriteStack& state, Utf8JsonWriter writer)
   at System.Text.Json.Serialization.Converters.ObjectDefaultConverter`1.OnTryWrite(Utf8JsonWriter writer, T value, JsonSerializerOptions options, WriteStack& state)
   at System.Text.Json.Serialization.Metadata.JsonPropertyInfo`1.GetMemberAndWriteJson(Object obj, WriteStack& state, Utf8JsonWriter writer)
   at System.Text.Json.Serialization.Converters.ObjectDefaultConverter`1.OnTryWrite(Utf8JsonWriter writer, T value, JsonSerializerOptions options, WriteStack& state)
   at System.Text.Json.Serialization.JsonConverter`1.TryWrite(Utf8JsonWriter writer, T& value, JsonSerializerOptions options, WriteStack& state)
   at System.Text.Json.Serialization.Converters.IEnumerableDefaultConverter`2.OnWriteResume(Utf8JsonWriter writer, TCollection value, JsonSerializerOptions options, WriteStack& state)
   at System.Text.Json.Serialization.JsonCollectionConverter`2.OnTryWrite(Utf8JsonWriter writer, TCollection value, JsonSerializerOptions options, WriteStack& state)
   at System.Text.Json.Serialization.Metadata.JsonPropertyInfo`1.GetMemberAndWriteJson(Object obj, WriteStack& state, Utf8JsonWriter writer)
   at System.Text.Json.Serialization.Converters.ObjectDefaultConverter`1.OnTryWrite(Utf8JsonWriter writer, T value, JsonSerializerOptions options, WriteStack& state)
   at System.Text.Json.Serialization.Metadata.JsonPropertyInfo`1.GetMemberAndWriteJson(Object obj, WriteStack& state, Utf8JsonWriter writer)
   at System.Text.Json.Serialization.Converters.ObjectDefaultConverter`1.OnTryWrite(Utf8JsonWriter writer, T value, JsonSerializerOptions options, WriteStack& state)
   at System.Text.Json.Serialization.JsonConverter`1.TryWrite(Utf8JsonWriter writer, T& value, JsonSerializerOptions options, WriteStack& state)
   at System.Text.Json.Serialization.Converters.IEnumerableDefaultConverter`2.OnWriteResume(Utf8JsonWriter writer, TCollection value, JsonSerializerOptions options, WriteStack& state)
   at System.Text.Json.Serialization.JsonCollectionConverter`2.OnTryWrite(Utf8JsonWriter writer, TCollection value, JsonSerializerOptions options, WriteStack& state)
   at System.Text.Json.Serialization.Metadata.JsonPropertyInfo`1.GetMemberAndWriteJson(Object obj, WriteStack& state, Utf8JsonWriter writer)
   at System.Text.Json.Serialization.Converters.ObjectDefaultConverter`1.OnTryWrite(Utf8JsonWriter writer, T value, JsonSerializerOptions options, WriteStack& state)
   at System.Text.Json.Serialization.Metadata.JsonPropertyInfo`1.GetMemberAndWriteJson(Object obj, WriteStack& state, Utf8JsonWriter writer)
   at System.Text.Json.Serialization.Converters.ObjectDefaultConverter`1.OnTryWrite(Utf8JsonWriter writer, T value, JsonSerializerOptions options, WriteStack& state)
   at System.Text.Json.Serialization.JsonConverter`1.TryWrite(Utf8JsonWriter writer, T& value, JsonSerializerOptions options, WriteStack& state)
   at System.Text.Json.Serialization.Converters.IEnumerableDefaultConverter`2.OnWriteResume(Utf8JsonWriter writer, TCollection value, JsonSerializerOptions options, WriteStack& state)
   at System.Text.Json.Serialization.JsonCollectionConverter`2.OnTryWrite(Utf8JsonWriter writer, TCollection value, JsonSerializerOptions options, WriteStack& state)
   at System.Text.Json.Serialization.Metadata.JsonPropertyInfo`1.GetMemberAndWriteJson(Object obj, WriteStack& state, Utf8JsonWriter writer)
   at System.Text.Json.Serialization.Converters.ObjectDefaultConverter`1.OnTryWrite(Utf8JsonWriter writer, T value, JsonSerializerOptions options, WriteStack& state)
   at System.Text.Json.Serialization.Metadata.JsonPropertyInfo`1.GetMemberAndWriteJson(Object obj, WriteStack& state, Utf8JsonWriter writer)
   at System.Text.Json.Serialization.Converters.ObjectDefaultConverter`1.OnTryWrite(Utf8JsonWriter writer, T value, JsonSerializerOptions options, WriteStack& state)
   at System.Text.Json.Serialization.JsonConverter`1.TryWrite(Utf8JsonWriter writer, T& value, JsonSerializerOptions options, WriteStack& state)
   at System.Text.Json.Serialization.Converters.IEnumerableDefaultConverter`2.OnWriteResume(Utf8JsonWriter writer, TCollection value, JsonSerializerOptions options, WriteStack& state)
   at System.Text.Json.Serialization.JsonCollectionConverter`2.OnTryWrite(Utf8JsonWriter writer, TCollection value, JsonSerializerOptions options, WriteStack& state)
   at System.Text.Json.Serialization.Metadata.JsonPropertyInfo`1.GetMemberAndWriteJson(Object obj, WriteStack& state, Utf8JsonWriter writer)
   at System.Text.Json.Serialization.Converters.ObjectDefaultConverter`1.OnTryWrite(Utf8JsonWriter writer, T value, JsonSerializerOptions options, WriteStack& state)
   at System.Text.Json.Serialization.Metadata.JsonPropertyInfo`1.GetMemberAndWriteJson(Object obj, WriteStack& state, Utf8JsonWriter writer)
   at System.Text.Json.Serialization.Converters.ObjectDefaultConverter`1.OnTryWrite(Utf8JsonWriter writer, T value, JsonSerializerOptions options, WriteStack& state)
   at System.Text.Json.Serialization.JsonConverter`1.TryWrite(Utf8JsonWriter writer, T& value, JsonSerializerOptions options, WriteStack& state)
   at System.Text.Json.Serialization.Converters.IEnumerableDefaultConverter`2.OnWriteResume(Utf8JsonWriter writer, TCollection value, JsonSerializerOptions options, WriteStack& state)
   at System.Text.Json.Serialization.JsonCollectionConverter`2.OnTryWrite(Utf8JsonWriter writer, TCollection value, JsonSerializerOptions options, WriteStack& state)
   at System.Text.Json.Serialization.Metadata.JsonPropertyInfo`1.GetMemberAndWriteJson(Object obj, WriteStack& state, Utf8JsonWriter writer)
   at System.Text.Json.Serialization.Converters.ObjectDefaultConverter`1.OnTryWrite(Utf8JsonWriter writer, T value, JsonSerializerOptions options, WriteStack& state)
   at System.Text.Json.Serialization.Metadata.JsonPropertyInfo`1.GetMemberAndWriteJson(Object obj, WriteStack& state, Utf8JsonWriter writer)
   at System.Text.Json.Serialization.Converters.ObjectDefaultConverter`1.OnTryWrite(Utf8JsonWriter writer, T value, JsonSerializerOptions options, WriteStack& state)
   at System.Text.Json.Serialization.Metadata.JsonPropertyInfo`1.GetMemberAndWriteJson(Object obj, WriteStack& state, Utf8JsonWriter writer)
   at System.Text.Json.Serialization.Converters.ObjectDefaultConverter`1.OnTryWrite(Utf8JsonWriter writer, T value, JsonSerializerOptions options, WriteStack& state)
   at System.Text.Json.Serialization.JsonConverter`1.TryWrite(Utf8JsonWriter writer, T& value, JsonSerializerOptions options, WriteStack& state)
   at System.Text.Json.Serialization.JsonConverter`1.WriteCore(Utf8JsonWriter writer, T& value, JsonSerializerOptions options, WriteStack& state)
   at System.Text.Json.Serialization.Metadata.JsonTypeInfo`1.SerializeAsync(PipeWriter pipeWriter, T rootValue, Int32 flushThreshold, CancellationToken cancellationToken, Object rootValueBoxed)
   at System.Text.Json.Serialization.Metadata.JsonTypeInfo`1.SerializeAsync(PipeWriter pipeWriter, T rootValue, Int32 flushThreshold, CancellationToken cancellationToken, Object rootValueBoxed)
   at System.Text.Json.Serialization.Metadata.JsonTypeInfo`1.SerializeAsync(PipeWriter pipeWriter, T rootValue, Int32 flushThreshold, CancellationToken cancellationToken, Object rootValueBoxed)
   at Microsoft.AspNetCore.Mvc.Formatters.SystemTextJsonOutputFormatter.WriteResponseBodyAsync(OutputFormatterWriteContext context, Encoding selectedEncoding)
   at Microsoft.AspNetCore.Mvc.Infrastructure.ResourceInvoker.<InvokeNextResultFilterAsync>g__Awaited|30_0[TFilter,TFilterAsync](ResourceInvoker invoker, Task lastTask, State next, Scope scope, Object state, Boolean isCompleted)
   at Microsoft.AspNetCore.Mvc.Infrastructure.ResourceInvoker.Rethrow(ResultExecutedContextSealed context)
   at Microsoft.AspNetCore.Mvc.Infrastructure.ResourceInvoker.ResultNext[TFilter,TFilterAsync](State& next, Scope& scope, Object& state, Boolean& isCompleted)
   at Microsoft.AspNetCore.Mvc.Infrastructure.ResourceInvoker.InvokeResultFilters()
--- End of stack trace from previous location ---
   at Microsoft.AspNetCore.Mvc.Infrastructure.ResourceInvoker.<InvokeFilterPipelineAsync>g__Awaited|20_0(ResourceInvoker invoker, Task lastTask, State next, Scope scope, Object state, Boolean isCompleted)
   at Microsoft.AspNetCore.Mvc.Infrastructure.ResourceInvoker.<InvokeAsync>g__Awaited|17_0(ResourceInvoker invoker, Task task, IDisposable scope)
   at Microsoft.AspNetCore.Mvc.Infrastructure.ResourceInvoker.<InvokeAsync>g__Awaited|17_0(ResourceInvoker invoker, Task task, IDisposable scope)
   at Freshwalk.API.Logging.AuditRequestLoggingMiddleware.InvokeAsync(HttpContext context, RequestDelegate next) in D:\Projects\Freshwalk Shoe Cleaning web app\API\Freshwalk.API\Logging\AuditRequestLoggingMiddleware.cs:line 63
   at Freshwalk.API.Logging.AuditRequestLoggingMiddleware.InvokeAsync(HttpContext context, RequestDelegate next) in D:\Projects\Freshwalk Shoe Cleaning web app\API\Freshwalk.API\Logging\AuditRequestLoggingMiddleware.cs:line 91
   at Freshwalk.API.Logging.AuditRequestLoggingMiddleware.InvokeAsync(HttpContext context, RequestDelegate next) in D:\Projects\Freshwalk Shoe Cleaning web app\API\Freshwalk.API\Logging\AuditRequestLoggingMiddleware.cs:line 91
   at Microsoft.AspNetCore.Builder.UseMiddlewareExtensions.InterfaceMiddlewareBinder.<>c__DisplayClass2_0.<<CreateMiddleware>b__0>d.MoveNext()
--- End of stack trace from previous location ---
   at Microsoft.AspNetCore.Authorization.AuthorizationMiddleware.Invoke(HttpContext context)
   at Microsoft.AspNetCore.Authentication.AuthenticationMiddleware.Invoke(HttpContext context)
   at Serilog.AspNetCore.RequestLoggingMiddleware.Invoke(HttpContext httpContext)
2026-04-03 16:53:27.151 +03:00 [ERR] An unhandled exception has occurred while executing the request.
System.Text.Json.JsonException: A possible object cycle was detected. This can either be due to a cycle or if the object depth is larger than the maximum allowed depth of 32. Consider using ReferenceHandler.Preserve on JsonSerializerOptions to support cycles. Path: $.Booking.Customer.Bookings.Customer.Bookings.Customer.Bookings.Customer.Bookings.Customer.Bookings.Customer.Bookings.Customer.Bookings.Customer.Bookings.Customer.Bookings.Customer.Bookings.Id.
   at System.Text.Json.ThrowHelper.ThrowJsonException_SerializerCycleDetected(Int32 maxDepth)
   at System.Text.Json.Serialization.JsonConverter`1.TryWrite(Utf8JsonWriter writer, T& value, JsonSerializerOptions options, WriteStack& state)
   at System.Text.Json.Serialization.Metadata.JsonPropertyInfo`1.GetMemberAndWriteJson(Object obj, WriteStack& state, Utf8JsonWriter writer)
   at System.Text.Json.Serialization.Converters.ObjectDefaultConverter`1.OnTryWrite(Utf8JsonWriter writer, T value, JsonSerializerOptions options, WriteStack& state)
   at System.Text.Json.Serialization.JsonConverter`1.TryWrite(Utf8JsonWriter writer, T& value, JsonSerializerOptions options, WriteStack& state)
   at System.Text.Json.Serialization.Converters.IEnumerableDefaultConverter`2.OnWriteResume(Utf8JsonWriter writer, TCollection value, JsonSerializerOptions options, WriteStack& state)
   at System.Text.Json.Serialization.JsonCollectionConverter`2.OnTryWrite(Utf8JsonWriter writer, TCollection value, JsonSerializerOptions options, WriteStack& state)
   at System.Text.Json.Serialization.Metadata.JsonPropertyInfo`1.GetMemberAndWriteJson(Object obj, WriteStack& state, Utf8JsonWriter writer)
   at System.Text.Json.Serialization.Converters.ObjectDefaultConverter`1.OnTryWrite(Utf8JsonWriter writer, T value, JsonSerializerOptions options, WriteStack& state)
   at System.Text.Json.Serialization.Metadata.JsonPropertyInfo`1.GetMemberAndWriteJson(Object obj, WriteStack& state, Utf8JsonWriter writer)
   at System.Text.Json.Serialization.Converters.ObjectDefaultConverter`1.OnTryWrite(Utf8JsonWriter writer, T value, JsonSerializerOptions options, WriteStack& state)
   at System.Text.Json.Serialization.JsonConverter`1.TryWrite(Utf8JsonWriter writer, T& value, JsonSerializerOptions options, WriteStack& state)
   at System.Text.Json.Serialization.Converters.IEnumerableDefaultConverter`2.OnWriteResume(Utf8JsonWriter writer, TCollection value, JsonSerializerOptions options, WriteStack& state)
   at System.Text.Json.Serialization.JsonCollectionConverter`2.OnTryWrite(Utf8JsonWriter writer, TCollection value, JsonSerializerOptions options, WriteStack& state)
   at System.Text.Json.Serialization.Metadata.JsonPropertyInfo`1.GetMemberAndWriteJson(Object obj, WriteStack& state, Utf8JsonWriter writer)
   at System.Text.Json.Serialization.Converters.ObjectDefaultConverter`1.OnTryWrite(Utf8JsonWriter writer, T value, JsonSerializerOptions options, WriteStack& state)
   at System.Text.Json.Serialization.Metadata.JsonPropertyInfo`1.GetMemberAndWriteJson(Object obj, WriteStack& state, Utf8JsonWriter writer)
   at System.Text.Json.Serialization.Converters.ObjectDefaultConverter`1.OnTryWrite(Utf8JsonWriter writer, T value, JsonSerializerOptions options, WriteStack& state)
   at System.Text.Json.Serialization.JsonConverter`1.TryWrite(Utf8JsonWriter writer, T& value, JsonSerializerOptions options, WriteStack& state)
   at System.Text.Json.Serialization.Converters.IEnumerableDefaultConverter`2.OnWriteResume(Utf8JsonWriter writer, TCollection value, JsonSerializerOptions options, WriteStack& state)
   at System.Text.Json.Serialization.JsonCollectionConverter`2.OnTryWrite(Utf8JsonWriter writer, TCollection value, JsonSerializerOptions options, WriteStack& state)
   at System.Text.Json.Serialization.Metadata.JsonPropertyInfo`1.GetMemberAndWriteJson(Object obj, WriteStack& state, Utf8JsonWriter writer)
   at System.Text.Json.Serialization.Converters.ObjectDefaultConverter`1.OnTryWrite(Utf8JsonWriter writer, T value, JsonSerializerOptions options, WriteStack& state)
   at System.Text.Json.Serialization.Metadata.JsonPropertyInfo`1.GetMemberAndWriteJson(Object obj, WriteStack& state, Utf8JsonWriter writer)
   at System.Text.Json.Serialization.Converters.ObjectDefaultConverter`1.OnTryWrite(Utf8JsonWriter writer, T value, JsonSerializerOptions options, WriteStack& state)
   at System.Text.Json.Serialization.JsonConverter`1.TryWrite(Utf8JsonWriter writer, T& value, JsonSerializerOptions options, WriteStack& state)
   at System.Text.Json.Serialization.Converters.IEnumerableDefaultConverter`2.OnWriteResume(Utf8JsonWriter writer, TCollection value, JsonSerializerOptions options, WriteStack& state)
   at System.Text.Json.Serialization.JsonCollectionConverter`2.OnTryWrite(Utf8JsonWriter writer, TCollection value, JsonSerializerOptions options, WriteStack& state)
   at System.Text.Json.Serialization.Metadata.JsonPropertyInfo`1.GetMemberAndWriteJson(Object obj, WriteStack& state, Utf8JsonWriter writer)
   at System.Text.Json.Serialization.Converters.ObjectDefaultConverter`1.OnTryWrite(Utf8JsonWriter writer, T value, JsonSerializerOptions options, WriteStack& state)
   at System.Text.Json.Serialization.Metadata.JsonPropertyInfo`1.GetMemberAndWriteJson(Object obj, WriteStack& state, Utf8JsonWriter writer)
   at System.Text.Json.Serialization.Converters.ObjectDefaultConverter`1.OnTryWrite(Utf8JsonWriter writer, T value, JsonSerializerOptions options, WriteStack& state)
   at System.Text.Json.Serialization.JsonConverter`1.TryWrite(Utf8JsonWriter writer, T& value, JsonSerializerOptions options, WriteStack& state)
   at System.Text.Json.Serialization.Converters.IEnumerableDefaultConverter`2.OnWriteResume(Utf8JsonWriter writer, TCollection value, JsonSerializerOptions options, WriteStack& state)
   at System.Text.Json.Serialization.JsonCollectionConverter`2.OnTryWrite(Utf8JsonWriter writer, TCollection value, JsonSerializerOptions options, WriteStack& state)
   at System.Text.Json.Serialization.Metadata.JsonPropertyInfo`1.GetMemberAndWriteJson(Object obj, WriteStack& state, Utf8JsonWriter writer)
   at System.Text.Json.Serialization.Converters.ObjectDefaultConverter`1.OnTryWrite(Utf8JsonWriter writer, T value, JsonSerializerOptions options, WriteStack& state)
   at System.Text.Json.Serialization.Metadata.JsonPropertyInfo`1.GetMemberAndWriteJson(Object obj, WriteStack& state, Utf8JsonWriter writer)
   at System.Text.Json.Serialization.Converters.ObjectDefaultConverter`1.OnTryWrite(Utf8JsonWriter writer, T value, JsonSerializerOptions options, WriteStack& state)
   at System.Text.Json.Serialization.JsonConverter`1.TryWrite(Utf8JsonWriter writer, T& value, JsonSerializerOptions options, WriteStack& state)
   at System.Text.Json.Serialization.Converters.IEnumerableDefaultConverter`2.OnWriteResume(Utf8JsonWriter writer, TCollection value, JsonSerializerOptions options, WriteStack& state)
   at System.Text.Json.Serialization.JsonCollectionConverter`2.OnTryWrite(Utf8JsonWriter writer, TCollection value, JsonSerializerOptions options, WriteStack& state)
   at System.Text.Json.Serialization.Metadata.JsonPropertyInfo`1.GetMemberAndWriteJson(Object obj, WriteStack& state, Utf8JsonWriter writer)
   at System.Text.Json.Serialization.Converters.ObjectDefaultConverter`1.OnTryWrite(Utf8JsonWriter writer, T value, JsonSerializerOptions options, WriteStack& state)
   at System.Text.Json.Serialization.Metadata.JsonPropertyInfo`1.GetMemberAndWriteJson(Object obj, WriteStack& state, Utf8JsonWriter writer)
   at System.Text.Json.Serialization.Converters.ObjectDefaultConverter`1.OnTryWrite(Utf8JsonWriter writer, T value, JsonSerializerOptions options, WriteStack& state)
   at System.Text.Json.Serialization.JsonConverter`1.TryWrite(Utf8JsonWriter writer, T& value, JsonSerializerOptions options, WriteStack& state)
   at System.Text.Json.Serialization.Converters.IEnumerableDefaultConverter`2.OnWriteResume(Utf8JsonWriter writer, TCollection value, JsonSerializerOptions options, WriteStack& state)
   at System.Text.Json.Serialization.JsonCollectionConverter`2.OnTryWrite(Utf8JsonWriter writer, TCollection value, JsonSerializerOptions options, WriteStack& state)
   at System.Text.Json.Serialization.Metadata.JsonPropertyInfo`1.GetMemberAndWriteJson(Object obj, WriteStack& state, Utf8JsonWriter writer)
   at System.Text.Json.Serialization.Converters.ObjectDefaultConverter`1.OnTryWrite(Utf8JsonWriter writer, T value, JsonSerializerOptions options, WriteStack& state)
   at System.Text.Json.Serialization.Metadata.JsonPropertyInfo`1.GetMemberAndWriteJson(Object obj, WriteStack& state, Utf8JsonWriter writer)
   at System.Text.Json.Serialization.Converters.ObjectDefaultConverter`1.OnTryWrite(Utf8JsonWriter writer, T value, JsonSerializerOptions options, WriteStack& state)
   at System.Text.Json.Serialization.JsonConverter`1.TryWrite(Utf8JsonWriter writer, T& value, JsonSerializerOptions options, WriteStack& state)
   at System.Text.Json.Serialization.Converters.IEnumerableDefaultConverter`2.OnWriteResume(Utf8JsonWriter writer, TCollection value, JsonSerializerOptions options, WriteStack& state)
   at System.Text.Json.Serialization.JsonCollectionConverter`2.OnTryWrite(Utf8JsonWriter writer, TCollection value, JsonSerializerOptions options, WriteStack& state)
   at System.Text.Json.Serialization.Metadata.JsonPropertyInfo`1.GetMemberAndWriteJson(Object obj, WriteStack& state, Utf8JsonWriter writer)
   at System.Text.Json.Serialization.Converters.ObjectDefaultConverter`1.OnTryWrite(Utf8JsonWriter writer, T value, JsonSerializerOptions options, WriteStack& state)
   at System.Text.Json.Serialization.Metadata.JsonPropertyInfo`1.GetMemberAndWriteJson(Object obj, WriteStack& state, Utf8JsonWriter writer)
   at System.Text.Json.Serialization.Converters.ObjectDefaultConverter`1.OnTryWrite(Utf8JsonWriter writer, T value, JsonSerializerOptions options, WriteStack& state)
   at System.Text.Json.Serialization.JsonConverter`1.TryWrite(Utf8JsonWriter writer, T& value, JsonSerializerOptions options, WriteStack& state)
   at System.Text.Json.Serialization.Converters.IEnumerableDefaultConverter`2.OnWriteResume(Utf8JsonWriter writer, TCollection value, JsonSerializerOptions options, WriteStack& state)
   at System.Text.Json.Serialization.JsonCollectionConverter`2.OnTryWrite(Utf8JsonWriter writer, TCollection value, JsonSerializerOptions options, WriteStack& state)
   at System.Text.Json.Serialization.Metadata.JsonPropertyInfo`1.GetMemberAndWriteJson(Object obj, WriteStack& state, Utf8JsonWriter writer)
   at System.Text.Json.Serialization.Converters.ObjectDefaultConverter`1.OnTryWrite(Utf8JsonWriter writer, T value, JsonSerializerOptions options, WriteStack& state)
   at System.Text.Json.Serialization.Metadata.JsonPropertyInfo`1.GetMemberAndWriteJson(Object obj, WriteStack& state, Utf8JsonWriter writer)
   at System.Text.Json.Serialization.Converters.ObjectDefaultConverter`1.OnTryWrite(Utf8JsonWriter writer, T value, JsonSerializerOptions options, WriteStack& state)
   at System.Text.Json.Serialization.JsonConverter`1.TryWrite(Utf8JsonWriter writer, T& value, JsonSerializerOptions options, WriteStack& state)
   at System.Text.Json.Serialization.Converters.IEnumerableDefaultConverter`2.OnWriteResume(Utf8JsonWriter writer, TCollection value, JsonSerializerOptions options, WriteStack& state)
   at System.Text.Json.Serialization.JsonCollectionConverter`2.OnTryWrite(Utf8JsonWriter writer, TCollection value, JsonSerializerOptions options, WriteStack& state)
   at System.Text.Json.Serialization.Metadata.JsonPropertyInfo`1.GetMemberAndWriteJson(Object obj, WriteStack& state, Utf8JsonWriter writer)
   at System.Text.Json.Serialization.Converters.ObjectDefaultConverter`1.OnTryWrite(Utf8JsonWriter writer, T value, JsonSerializerOptions options, WriteStack& state)
   at System.Text.Json.Serialization.Metadata.JsonPropertyInfo`1.GetMemberAndWriteJson(Object obj, WriteStack& state, Utf8JsonWriter writer)
   at System.Text.Json.Serialization.Converters.ObjectDefaultConverter`1.OnTryWrite(Utf8JsonWriter writer, T value, JsonSerializerOptions options, WriteStack& state)
   at System.Text.Json.Serialization.Metadata.JsonPropertyInfo`1.GetMemberAndWriteJson(Object obj, WriteStack& state, Utf8JsonWriter writer)
   at System.Text.Json.Serialization.Converters.ObjectDefaultConverter`1.OnTryWrite(Utf8JsonWriter writer, T value, JsonSerializerOptions options, WriteStack& state)
   at System.Text.Json.Serialization.JsonConverter`1.TryWrite(Utf8JsonWriter writer, T& value, JsonSerializerOptions options, WriteStack& state)
   at System.Text.Json.Serialization.JsonConverter`1.WriteCore(Utf8JsonWriter writer, T& value, JsonSerializerOptions options, WriteStack& state)
   at System.Text.Json.Serialization.Metadata.JsonTypeInfo`1.SerializeAsync(PipeWriter pipeWriter, T rootValue, Int32 flushThreshold, CancellationToken cancellationToken, Object rootValueBoxed)
   at System.Text.Json.Serialization.Metadata.JsonTypeInfo`1.SerializeAsync(PipeWriter pipeWriter, T rootValue, Int32 flushThreshold, CancellationToken cancellationToken, Object rootValueBoxed)
   at System.Text.Json.Serialization.Metadata.JsonTypeInfo`1.SerializeAsync(PipeWriter pipeWriter, T rootValue, Int32 flushThreshold, CancellationToken cancellationToken, Object rootValueBoxed)
   at Microsoft.AspNetCore.Mvc.Formatters.SystemTextJsonOutputFormatter.WriteResponseBodyAsync(OutputFormatterWriteContext context, Encoding selectedEncoding)
   at Microsoft.AspNetCore.Mvc.Infrastructure.ResourceInvoker.<InvokeNextResultFilterAsync>g__Awaited|30_0[TFilter,TFilterAsync](ResourceInvoker invoker, Task lastTask, State next, Scope scope, Object state, Boolean isCompleted)
   at Microsoft.AspNetCore.Mvc.Infrastructure.ResourceInvoker.Rethrow(ResultExecutedContextSealed context)
   at Microsoft.AspNetCore.Mvc.Infrastructure.ResourceInvoker.ResultNext[TFilter,TFilterAsync](State& next, Scope& scope, Object& state, Boolean& isCompleted)
   at Microsoft.AspNetCore.Mvc.Infrastructure.ResourceInvoker.InvokeResultFilters()
--- End of stack trace from previous location ---
   at Microsoft.AspNetCore.Mvc.Infrastructure.ResourceInvoker.<InvokeFilterPipelineAsync>g__Awaited|20_0(ResourceInvoker invoker, Task lastTask, State next, Scope scope, Object state, Boolean isCompleted)
   at Microsoft.AspNetCore.Mvc.Infrastructure.ResourceInvoker.<InvokeAsync>g__Awaited|17_0(ResourceInvoker invoker, Task task, IDisposable scope)
   at Microsoft.AspNetCore.Mvc.Infrastructure.ResourceInvoker.<InvokeAsync>g__Awaited|17_0(ResourceInvoker invoker, Task task, IDisposable scope)
   at Freshwalk.API.Logging.AuditRequestLoggingMiddleware.InvokeAsync(HttpContext context, RequestDelegate next) in D:\Projects\Freshwalk Shoe Cleaning web app\API\Freshwalk.API\Logging\AuditRequestLoggingMiddleware.cs:line 63
   at Freshwalk.API.Logging.AuditRequestLoggingMiddleware.InvokeAsync(HttpContext context, RequestDelegate next) in D:\Projects\Freshwalk Shoe Cleaning web app\API\Freshwalk.API\Logging\AuditRequestLoggingMiddleware.cs:line 91
   at Freshwalk.API.Logging.AuditRequestLoggingMiddleware.InvokeAsync(HttpContext context, RequestDelegate next) in D:\Projects\Freshwalk Shoe Cleaning web app\API\Freshwalk.API\Logging\AuditRequestLoggingMiddleware.cs:line 91
   at Microsoft.AspNetCore.Builder.UseMiddlewareExtensions.InterfaceMiddlewareBinder.<>c__DisplayClass2_0.<<CreateMiddleware>b__0>d.MoveNext()
--- End of stack trace from previous location ---
   at Microsoft.AspNetCore.Authorization.AuthorizationMiddleware.Invoke(HttpContext context)
   at Microsoft.AspNetCore.Authentication.AuthenticationMiddleware.Invoke(HttpContext context)
   at Serilog.AspNetCore.RequestLoggingMiddleware.Invoke(HttpContext httpContext)
   at Swashbuckle.AspNetCore.SwaggerUI.SwaggerUIMiddleware.Invoke(HttpContext httpContext)
   at Swashbuckle.AspNetCore.Swagger.SwaggerMiddleware.Invoke(HttpContext httpContext, ISwaggerProvider swaggerProvider)
   at Microsoft.AspNetCore.Diagnostics.DeveloperExceptionPageMiddlewareImpl.Invoke(HttpContext context)
2026-04-03 16:54:19.013 +03:00 [INF] HTTP OPTIONS /api/rider/orders/14b94dc8-2415-48f5-b787-dc381c72f634 responded 204 in 0.2362 ms
2026-04-03 16:54:19.016 +03:00 [INF] HTTP OPTIONS /api/rider/orders/14b94dc8-2415-48f5-b787-dc381c72f634 responded 204 in 0.1061 ms
2026-04-03 16:54:19.020 +03:00 [INF] HTTP GET /api/rider/orders/14b94dc8-2415-48f5-b787-dc381c72f634 responded 401 in 0.9496 ms
2026-04-03 16:54:19.026 +03:00 [INF] HTTP GET /api/rider/orders/14b94dc8-2415-48f5-b787-dc381c72f634 responded 401 in 0.4650 ms
2026-04-03 16:54:27.232 +03:00 [INF] HTTP OPTIONS /api/auth/login responded 204 in 0.0831 ms
2026-04-03 16:54:27.479 +03:00 [INF] Executed DbCommand (236ms) [Parameters=[@__normalizedEmail_0='?'], CommandType='"Text"', CommandTimeout='30']
SELECT f."Id", f."AccessFailedCount", f."Address", f."ConcurrencyStamp", f."CreatedAt", f."CustomerReference", f."Email", f."EmailConfirmed", f."FullName", f."IsActive", f."LockoutEnabled", f."LockoutEnd", f."NormalizedEmail", f."NormalizedUserName", f."PasswordHash", f."PhoneNumber", f."PhoneNumberConfirmed", f."SecurityStamp", f."TwoFactorEnabled", f."UserName"
FROM "FreshwalkUsers" AS f
WHERE f."NormalizedEmail" = @__normalizedEmail_0
LIMIT 2
2026-04-03 16:54:27.933 +03:00 [INF] Executed DbCommand (256ms) [Parameters=[@__userId_0='?' (DbType = Guid)], CommandType='"Text"', CommandTimeout='30']
SELECT f0."Name"
FROM "FreshwalkUserRoles" AS f
INNER JOIN "FreshwalkRoles" AS f0 ON f."RoleId" = f0."Id"
WHERE f."UserId" = @__userId_0
2026-04-03 16:54:27.941 +03:00 [INF] HTTP POST /api/auth/login responded 200 in 702.6030 ms
2026-04-03 16:54:27.984 +03:00 [INF] HTTP OPTIONS /api/rider/orders responded 204 in 0.0748 ms
2026-04-03 16:54:27.990 +03:00 [INF] HTTP OPTIONS /api/rider/orders responded 204 in 0.0801 ms
2026-04-03 16:54:28.402 +03:00 [INF] Executed DbCommand (344ms) [Parameters=[@__riderId_0='?' (DbType = Guid)], CommandType='"Text"', CommandTimeout='30']
SELECT o."Id", o."AssignedAt", o."AssignmentReference", o."AssignmentType", o."CompletedAt", o."Notes", o."OrderId", o."RiderId", o."Status", o0."Id", o0."AgentId", o0."BookingId", o0."CleaningCompletedAt", o0."CleaningStartedAt", o0."CustomerId", o0."DeliveredAt", o0."DeliveryOtp", o0."DeliveryOtpExpiresAt", o0."DeliveryOtpVerifiedAt", o0."OrderReference", o0."PickedUpAt", o0."PickupOtp", o0."PickupOtpExpiresAt", o0."PickupOtpVerifiedAt", o0."Status", b."Id", b."AddOns", b."AppliedPromotions", b."BookingReference", b."BundleDiscountPercent", b."CanvasLines", b."CreatedAt", b."CustomerId", b."DiscountAmountKes", b."NubuckLines", b."PickupAddress", b."PickupLatitude", b."PickupLocationUrl", b."PickupLongitude", b."PriceKes", b."PromotionalDiscountKes", b."ShoesSubtotalGrossKes", b."SneakersLines", b."Status", b."SubtotalBeforeDiscountKes", b."SuedeLines", b."TotalPairs", f."Id", f."AccessFailedCount", f."Address", f."ConcurrencyStamp", f."CreatedAt", f."CustomerReference", f."Email", f."EmailConfirmed", f."FullName", f."IsActive", f."LockoutEnabled", f."LockoutEnd", f."NormalizedEmail", f."NormalizedUserName", f."PasswordHash", f."PhoneNumber", f."PhoneNumberConfirmed", f."SecurityStamp", f."TwoFactorEnabled", f."UserName", p."Id", p."Amount", p."BookingId", p."CreatedAt", p."MpesaCheckoutRequestId", p."MpesaMerchantRequestId", p."MpesaReceipt", p."PayerPhoneNumber", p."PaymentReference", p."Status"
FROM "OrderRiderAssignments" AS o
INNER JOIN "Orders" AS o0 ON o."OrderId" = o0."Id"
INNER JOIN "Bookings" AS b ON o0."BookingId" = b."Id"
INNER JOIN "FreshwalkUsers" AS f ON b."CustomerId" = f."Id"
LEFT JOIN "Payments" AS p ON b."Id" = p."BookingId"
WHERE o."RiderId" = @__riderId_0 AND ((o."AssignmentType" = 'Pickup' AND o0."Status" IN ('PickupRiderAssigned', 'InTransitToShop')) OR (o."AssignmentType" = 'Delivery' AND o0."Status" IN ('DeliveryRiderAssigned', 'InTransitToCustomer')))
ORDER BY o."AssignedAt" DESC
2026-04-03 16:54:28.614 +03:00 [INF] Executed DbCommand (195ms) [Parameters=[@__p_0='?' (DbType = Guid)], CommandType='"Text"', CommandTimeout='30']
SELECT f."Id", f."AccessFailedCount", f."Address", f."ConcurrencyStamp", f."CreatedAt", f."CustomerReference", f."Email", f."EmailConfirmed", f."FullName", f."IsActive", f."LockoutEnabled", f."LockoutEnd", f."NormalizedEmail", f."NormalizedUserName", f."PasswordHash", f."PhoneNumber", f."PhoneNumberConfirmed", f."SecurityStamp", f."TwoFactorEnabled", f."UserName"
FROM "FreshwalkUsers" AS f
WHERE f."Id" = @__p_0
LIMIT 1
2026-04-03 16:54:28.646 +03:00 [INF] HTTP GET /api/rider/orders responded 200 in 638.9641 ms
2026-04-03 16:54:28.672 +03:00 [INF] Executed DbCommand (224ms) [Parameters=[@__riderId_0='?' (DbType = Guid)], CommandType='"Text"', CommandTimeout='30']
SELECT o."Id", o."AssignedAt", o."AssignmentReference", o."AssignmentType", o."CompletedAt", o."Notes", o."OrderId", o."RiderId", o."Status", o0."Id", o0."AgentId", o0."BookingId", o0."CleaningCompletedAt", o0."CleaningStartedAt", o0."CustomerId", o0."DeliveredAt", o0."DeliveryOtp", o0."DeliveryOtpExpiresAt", o0."DeliveryOtpVerifiedAt", o0."OrderReference", o0."PickedUpAt", o0."PickupOtp", o0."PickupOtpExpiresAt", o0."PickupOtpVerifiedAt", o0."Status", b."Id", b."AddOns", b."AppliedPromotions", b."BookingReference", b."BundleDiscountPercent", b."CanvasLines", b."CreatedAt", b."CustomerId", b."DiscountAmountKes", b."NubuckLines", b."PickupAddress", b."PickupLatitude", b."PickupLocationUrl", b."PickupLongitude", b."PriceKes", b."PromotionalDiscountKes", b."ShoesSubtotalGrossKes", b."SneakersLines", b."Status", b."SubtotalBeforeDiscountKes", b."SuedeLines", b."TotalPairs", f."Id", f."AccessFailedCount", f."Address", f."ConcurrencyStamp", f."CreatedAt", f."CustomerReference", f."Email", f."EmailConfirmed", f."FullName", f."IsActive", f."LockoutEnabled", f."LockoutEnd", f."NormalizedEmail", f."NormalizedUserName", f."PasswordHash", f."PhoneNumber", f."PhoneNumberConfirmed", f."SecurityStamp", f."TwoFactorEnabled", f."UserName", p."Id", p."Amount", p."BookingId", p."CreatedAt", p."MpesaCheckoutRequestId", p."MpesaMerchantRequestId", p."MpesaReceipt", p."PayerPhoneNumber", p."PaymentReference", p."Status"
FROM "OrderRiderAssignments" AS o
INNER JOIN "Orders" AS o0 ON o."OrderId" = o0."Id"
INNER JOIN "Bookings" AS b ON o0."BookingId" = b."Id"
INNER JOIN "FreshwalkUsers" AS f ON b."CustomerId" = f."Id"
LEFT JOIN "Payments" AS p ON b."Id" = p."BookingId"
WHERE o."RiderId" = @__riderId_0 AND ((o."AssignmentType" = 'Pickup' AND o0."Status" IN ('PickupRiderAssigned', 'InTransitToShop')) OR (o."AssignmentType" = 'Delivery' AND o0."Status" IN ('DeliveryRiderAssigned', 'InTransitToCustomer')))
ORDER BY o."AssignedAt" DESC
2026-04-03 16:54:28.890 +03:00 [INF] Executed DbCommand (212ms) [Parameters=[@__p_0='?' (DbType = Guid)], CommandType='"Text"', CommandTimeout='30']
SELECT f."Id", f."AccessFailedCount", f."Address", f."ConcurrencyStamp", f."CreatedAt", f."CustomerReference", f."Email", f."EmailConfirmed", f."FullName", f."IsActive", f."LockoutEnabled", f."LockoutEnd", f."NormalizedEmail", f."NormalizedUserName", f."PasswordHash", f."PhoneNumber", f."PhoneNumberConfirmed", f."SecurityStamp", f."TwoFactorEnabled", f."UserName"
FROM "FreshwalkUsers" AS f
WHERE f."Id" = @__p_0
LIMIT 1
2026-04-03 16:54:28.898 +03:00 [INF] HTTP GET /api/rider/orders responded 200 in 453.4354 ms
2026-04-03 16:54:33.430 +03:00 [INF] HTTP OPTIONS /api/rider/orders/d14bdb84-949d-4ba8-92ba-5799879538f8 responded 204 in 0.0762 ms
2026-04-03 16:54:33.438 +03:00 [INF] HTTP OPTIONS /api/rider/orders/d14bdb84-949d-4ba8-92ba-5799879538f8 responded 204 in 0.0634 ms
2026-04-03 16:54:33.752 +03:00 [INF] Executed DbCommand (258ms) [Parameters=[@__orderId_0='?' (DbType = Guid), @__riderId_1='?' (DbType = Guid)], CommandType='"Text"', CommandTimeout='30']
SELECT o."Id", o."AssignedAt", o."AssignmentReference", o."AssignmentType", o."CompletedAt", o."Notes", o."OrderId", o."RiderId", o."Status", o0."Id", o0."AgentId", o0."BookingId", o0."CleaningCompletedAt", o0."CleaningStartedAt", o0."CustomerId", o0."DeliveredAt", o0."DeliveryOtp", o0."DeliveryOtpExpiresAt", o0."DeliveryOtpVerifiedAt", o0."OrderReference", o0."PickedUpAt", o0."PickupOtp", o0."PickupOtpExpiresAt", o0."PickupOtpVerifiedAt", o0."Status", b."Id", b."AddOns", b."AppliedPromotions", b."BookingReference", b."BundleDiscountPercent", b."CanvasLines", b."CreatedAt", b."CustomerId", b."DiscountAmountKes", b."NubuckLines", b."PickupAddress", b."PickupLatitude", b."PickupLocationUrl", b."PickupLongitude", b."PriceKes", b."PromotionalDiscountKes", b."ShoesSubtotalGrossKes", b."SneakersLines", b."Status", b."SubtotalBeforeDiscountKes", b."SuedeLines", b."TotalPairs", f."Id", f."AccessFailedCount", f."Address", f."ConcurrencyStamp", f."CreatedAt", f."CustomerReference", f."Email", f."EmailConfirmed", f."FullName", f."IsActive", f."LockoutEnabled", f."LockoutEnd", f."NormalizedEmail", f."NormalizedUserName", f."PasswordHash", f."PhoneNumber", f."PhoneNumberConfirmed", f."SecurityStamp", f."TwoFactorEnabled", f."UserName", p."Id", p."Amount", p."BookingId", p."CreatedAt", p."MpesaCheckoutRequestId", p."MpesaMerchantRequestId", p."MpesaReceipt", p."PayerPhoneNumber", p."PaymentReference", p."Status"
FROM "OrderRiderAssignments" AS o
INNER JOIN "Orders" AS o0 ON o."OrderId" = o0."Id"
INNER JOIN "Bookings" AS b ON o0."BookingId" = b."Id"
INNER JOIN "FreshwalkUsers" AS f ON b."CustomerId" = f."Id"
LEFT JOIN "Payments" AS p ON b."Id" = p."BookingId"
WHERE o."OrderId" = @__orderId_0 AND o."RiderId" = @__riderId_1
ORDER BY o."AssignedAt" DESC
LIMIT 1
2026-04-03 16:54:33.963 +03:00 [INF] Executed DbCommand (193ms) [Parameters=[@__p_0='?' (DbType = Guid)], CommandType='"Text"', CommandTimeout='30']
SELECT f."Id", f."AccessFailedCount", f."Address", f."ConcurrencyStamp", f."CreatedAt", f."CustomerReference", f."Email", f."EmailConfirmed", f."FullName", f."IsActive", f."LockoutEnabled", f."LockoutEnd", f."NormalizedEmail", f."NormalizedUserName", f."PasswordHash", f."PhoneNumber", f."PhoneNumberConfirmed", f."SecurityStamp", f."TwoFactorEnabled", f."UserName"
FROM "FreshwalkUsers" AS f
WHERE f."Id" = @__p_0
LIMIT 1
2026-04-03 16:54:33.971 +03:00 [INF] HTTP GET /api/rider/orders/d14bdb84-949d-4ba8-92ba-5799879538f8 responded 200 in 519.0143 ms
2026-04-03 16:54:33.974 +03:00 [INF] Executed DbCommand (201ms) [Parameters=[@__orderId_0='?' (DbType = Guid), @__riderId_1='?' (DbType = Guid)], CommandType='"Text"', CommandTimeout='30']
SELECT o."Id", o."AssignedAt", o."AssignmentReference", o."AssignmentType", o."CompletedAt", o."Notes", o."OrderId", o."RiderId", o."Status", o0."Id", o0."AgentId", o0."BookingId", o0."CleaningCompletedAt", o0."CleaningStartedAt", o0."CustomerId", o0."DeliveredAt", o0."DeliveryOtp", o0."DeliveryOtpExpiresAt", o0."DeliveryOtpVerifiedAt", o0."OrderReference", o0."PickedUpAt", o0."PickupOtp", o0."PickupOtpExpiresAt", o0."PickupOtpVerifiedAt", o0."Status", b."Id", b."AddOns", b."AppliedPromotions", b."BookingReference", b."BundleDiscountPercent", b."CanvasLines", b."CreatedAt", b."CustomerId", b."DiscountAmountKes", b."NubuckLines", b."PickupAddress", b."PickupLatitude", b."PickupLocationUrl", b."PickupLongitude", b."PriceKes", b."PromotionalDiscountKes", b."ShoesSubtotalGrossKes", b."SneakersLines", b."Status", b."SubtotalBeforeDiscountKes", b."SuedeLines", b."TotalPairs", f."Id", f."AccessFailedCount", f."Address", f."ConcurrencyStamp", f."CreatedAt", f."CustomerReference", f."Email", f."EmailConfirmed", f."FullName", f."IsActive", f."LockoutEnabled", f."LockoutEnd", f."NormalizedEmail", f."NormalizedUserName", f."PasswordHash", f."PhoneNumber", f."PhoneNumberConfirmed", f."SecurityStamp", f."TwoFactorEnabled", f."UserName", p."Id", p."Amount", p."BookingId", p."CreatedAt", p."MpesaCheckoutRequestId", p."MpesaMerchantRequestId", p."MpesaReceipt", p."PayerPhoneNumber", p."PaymentReference", p."Status"
FROM "OrderRiderAssignments" AS o
INNER JOIN "Orders" AS o0 ON o."OrderId" = o0."Id"
INNER JOIN "Bookings" AS b ON o0."BookingId" = b."Id"
INNER JOIN "FreshwalkUsers" AS f ON b."CustomerId" = f."Id"
LEFT JOIN "Payments" AS p ON b."Id" = p."BookingId"
WHERE o."OrderId" = @__orderId_0 AND o."RiderId" = @__riderId_1
ORDER BY o."AssignedAt" DESC
LIMIT 1
2026-04-03 16:54:34.184 +03:00 [INF] Executed DbCommand (201ms) [Parameters=[@__p_0='?' (DbType = Guid)], CommandType='"Text"', CommandTimeout='30']
SELECT f."Id", f."AccessFailedCount", f."Address", f."ConcurrencyStamp", f."CreatedAt", f."CustomerReference", f."Email", f."EmailConfirmed", f."FullName", f."IsActive", f."LockoutEnabled", f."LockoutEnd", f."NormalizedEmail", f."NormalizedUserName", f."PasswordHash", f."PhoneNumber", f."PhoneNumberConfirmed", f."SecurityStamp", f."TwoFactorEnabled", f."UserName"
FROM "FreshwalkUsers" AS f
WHERE f."Id" = @__p_0
LIMIT 1
2026-04-03 16:54:34.188 +03:00 [INF] HTTP GET /api/rider/orders/d14bdb84-949d-4ba8-92ba-5799879538f8 responded 200 in 416.7267 ms
2026-04-03 16:54:57.693 +03:00 [INF] HTTP OPTIONS /api/rider/orders/history responded 204 in 0.0936 ms
2026-04-03 16:54:57.699 +03:00 [INF] HTTP OPTIONS /api/rider/orders/history responded 204 in 0.0553 ms
2026-04-03 16:54:57.975 +03:00 [INF] Executed DbCommand (201ms) [Parameters=[@__riderId_0='?' (DbType = Guid), @__p_1='?' (DbType = Int32)], CommandType='"Text"', CommandTimeout='30']
SELECT s."Id", s."AssignedAt", s."AssignmentReference", s."AssignmentType", s."CompletedAt", s."Notes", s."OrderId", s."RiderId", s."Status", s."Id0", s."AgentId", s."BookingId", s."CleaningCompletedAt", s."CleaningStartedAt", s."CustomerId", s."DeliveredAt", s."DeliveryOtp", s."DeliveryOtpExpiresAt", s."DeliveryOtpVerifiedAt", s."OrderReference", s."PickedUpAt", s."PickupOtp", s."PickupOtpExpiresAt", s."PickupOtpVerifiedAt", s."Status0", b."Id", b."AddOns", b."AppliedPromotions", b."BookingReference", b."BundleDiscountPercent", b."CanvasLines", b."CreatedAt", b."CustomerId", b."DiscountAmountKes", b."NubuckLines", b."PickupAddress", b."PickupLatitude", b."PickupLocationUrl", b."PickupLongitude", b."PriceKes", b."PromotionalDiscountKes", b."ShoesSubtotalGrossKes", b."SneakersLines", b."Status", b."SubtotalBeforeDiscountKes", b."SuedeLines", b."TotalPairs", f."Id", f."AccessFailedCount", f."Address", f."ConcurrencyStamp", f."CreatedAt", f."CustomerReference", f."Email", f."EmailConfirmed", f."FullName", f."IsActive", f."LockoutEnabled", f."LockoutEnd", f."NormalizedEmail", f."NormalizedUserName", f."PasswordHash", f."PhoneNumber", f."PhoneNumberConfirmed", f."SecurityStamp", f."TwoFactorEnabled", f."UserName", p."Id", p."Amount", p."BookingId", p."CreatedAt", p."MpesaCheckoutRequestId", p."MpesaMerchantRequestId", p."MpesaReceipt", p."PayerPhoneNumber", p."PaymentReference", p."Status"
FROM (
    SELECT o."Id", o."AssignedAt", o."AssignmentReference", o."AssignmentType", o."CompletedAt", o."Notes", o."OrderId", o."RiderId", o."Status", o0."Id" AS "Id0", o0."AgentId", o0."BookingId", o0."CleaningCompletedAt", o0."CleaningStartedAt", o0."CustomerId", o0."DeliveredAt", o0."DeliveryOtp", o0."DeliveryOtpExpiresAt", o0."DeliveryOtpVerifiedAt", o0."OrderReference", o0."PickedUpAt", o0."PickupOtp", o0."PickupOtpExpiresAt", o0."PickupOtpVerifiedAt", o0."Status" AS "Status0", COALESCE(o0."DeliveredAt", o0."PickedUpAt", o."AssignedAt") AS c
    FROM "OrderRiderAssignments" AS o
    INNER JOIN "Orders" AS o0 ON o."OrderId" = o0."Id"
    WHERE o."RiderId" = @__riderId_0 AND (o0."DeliveredAt" IS NOT NULL OR (o."AssignmentType" = 'Pickup' AND o0."Status" IN ('AtShop', 'CleaningInProgress', 'AwaitingDeliveryRider', 'DeliveryRiderAssigned', 'Delivered')))
    ORDER BY COALESCE(o0."DeliveredAt", o0."PickedUpAt", o."AssignedAt") DESC
    LIMIT @__p_1
) AS s
INNER JOIN "Bookings" AS b ON s."BookingId" = b."Id"
INNER JOIN "FreshwalkUsers" AS f ON b."CustomerId" = f."Id"
LEFT JOIN "Payments" AS p ON b."Id" = p."BookingId"
ORDER BY s.c DESC
2026-04-03 16:54:58.176 +03:00 [INF] Executed DbCommand (191ms) [Parameters=[@__p_0='?' (DbType = Guid)], CommandType='"Text"', CommandTimeout='30']
SELECT f."Id", f."AccessFailedCount", f."Address", f."ConcurrencyStamp", f."CreatedAt", f."CustomerReference", f."Email", f."EmailConfirmed", f."FullName", f."IsActive", f."LockoutEnabled", f."LockoutEnd", f."NormalizedEmail", f."NormalizedUserName", f."PasswordHash", f."PhoneNumber", f."PhoneNumberConfirmed", f."SecurityStamp", f."TwoFactorEnabled", f."UserName"
FROM "FreshwalkUsers" AS f
WHERE f."Id" = @__p_0
LIMIT 1
2026-04-03 16:54:58.182 +03:00 [INF] HTTP GET /api/rider/orders/history responded 200 in 455.4735 ms
2026-04-03 16:54:58.189 +03:00 [INF] Executed DbCommand (202ms) [Parameters=[@__riderId_0='?' (DbType = Guid), @__p_1='?' (DbType = Int32)], CommandType='"Text"', CommandTimeout='30']
SELECT s."Id", s."AssignedAt", s."AssignmentReference", s."AssignmentType", s."CompletedAt", s."Notes", s."OrderId", s."RiderId", s."Status", s."Id0", s."AgentId", s."BookingId", s."CleaningCompletedAt", s."CleaningStartedAt", s."CustomerId", s."DeliveredAt", s."DeliveryOtp", s."DeliveryOtpExpiresAt", s."DeliveryOtpVerifiedAt", s."OrderReference", s."PickedUpAt", s."PickupOtp", s."PickupOtpExpiresAt", s."PickupOtpVerifiedAt", s."Status0", b."Id", b."AddOns", b."AppliedPromotions", b."BookingReference", b."BundleDiscountPercent", b."CanvasLines", b."CreatedAt", b."CustomerId", b."DiscountAmountKes", b."NubuckLines", b."PickupAddress", b."PickupLatitude", b."PickupLocationUrl", b."PickupLongitude", b."PriceKes", b."PromotionalDiscountKes", b."ShoesSubtotalGrossKes", b."SneakersLines", b."Status", b."SubtotalBeforeDiscountKes", b."SuedeLines", b."TotalPairs", f."Id", f."AccessFailedCount", f."Address", f."ConcurrencyStamp", f."CreatedAt", f."CustomerReference", f."Email", f."EmailConfirmed", f."FullName", f."IsActive", f."LockoutEnabled", f."LockoutEnd", f."NormalizedEmail", f."NormalizedUserName", f."PasswordHash", f."PhoneNumber", f."PhoneNumberConfirmed", f."SecurityStamp", f."TwoFactorEnabled", f."UserName", p."Id", p."Amount", p."BookingId", p."CreatedAt", p."MpesaCheckoutRequestId", p."MpesaMerchantRequestId", p."MpesaReceipt", p."PayerPhoneNumber", p."PaymentReference", p."Status"
FROM (
    SELECT o."Id", o."AssignedAt", o."AssignmentReference", o."AssignmentType", o."CompletedAt", o."Notes", o."OrderId", o."RiderId", o."Status", o0."Id" AS "Id0", o0."AgentId", o0."BookingId", o0."CleaningCompletedAt", o0."CleaningStartedAt", o0."CustomerId", o0."DeliveredAt", o0."DeliveryOtp", o0."DeliveryOtpExpiresAt", o0."DeliveryOtpVerifiedAt", o0."OrderReference", o0."PickedUpAt", o0."PickupOtp", o0."PickupOtpExpiresAt", o0."PickupOtpVerifiedAt", o0."Status" AS "Status0", COALESCE(o0."DeliveredAt", o0."PickedUpAt", o."AssignedAt") AS c
    FROM "OrderRiderAssignments" AS o
    INNER JOIN "Orders" AS o0 ON o."OrderId" = o0."Id"
    WHERE o."RiderId" = @__riderId_0 AND (o0."DeliveredAt" IS NOT NULL OR (o."AssignmentType" = 'Pickup' AND o0."Status" IN ('AtShop', 'CleaningInProgress', 'AwaitingDeliveryRider', 'DeliveryRiderAssigned', 'Delivered')))
    ORDER BY COALESCE(o0."DeliveredAt", o0."PickedUpAt", o."AssignedAt") DESC
    LIMIT @__p_1
) AS s
INNER JOIN "Bookings" AS b ON s."BookingId" = b."Id"
INNER JOIN "FreshwalkUsers" AS f ON b."CustomerId" = f."Id"
LEFT JOIN "Payments" AS p ON b."Id" = p."BookingId"
ORDER BY s.c DESC
2026-04-03 16:54:58.392 +03:00 [INF] Executed DbCommand (196ms) [Parameters=[@__p_0='?' (DbType = Guid)], CommandType='"Text"', CommandTimeout='30']
SELECT f."Id", f."AccessFailedCount", f."Address", f."ConcurrencyStamp", f."CreatedAt", f."CustomerReference", f."Email", f."EmailConfirmed", f."FullName", f."IsActive", f."LockoutEnabled", f."LockoutEnd", f."NormalizedEmail", f."NormalizedUserName", f."PasswordHash", f."PhoneNumber", f."PhoneNumberConfirmed", f."SecurityStamp", f."TwoFactorEnabled", f."UserName"
FROM "FreshwalkUsers" AS f
WHERE f."Id" = @__p_0
LIMIT 1
2026-04-03 16:54:58.396 +03:00 [INF] HTTP GET /api/rider/orders/history responded 200 in 410.4824 ms
2026-04-03 16:55:01.637 +03:00 [INF] HTTP OPTIONS /api/rider/orders/14b94dc8-2415-48f5-b787-dc381c72f634 responded 204 in 0.1640 ms
2026-04-03 16:55:01.641 +03:00 [INF] HTTP OPTIONS /api/rider/orders/14b94dc8-2415-48f5-b787-dc381c72f634 responded 204 in 0.0516 ms
2026-04-03 16:55:01.854 +03:00 [INF] Executed DbCommand (195ms) [Parameters=[@__orderId_0='?' (DbType = Guid), @__riderId_1='?' (DbType = Guid)], CommandType='"Text"', CommandTimeout='30']
SELECT o."Id", o."AssignedAt", o."AssignmentReference", o."AssignmentType", o."CompletedAt", o."Notes", o."OrderId", o."RiderId", o."Status", o0."Id", o0."AgentId", o0."BookingId", o0."CleaningCompletedAt", o0."CleaningStartedAt", o0."CustomerId", o0."DeliveredAt", o0."DeliveryOtp", o0."DeliveryOtpExpiresAt", o0."DeliveryOtpVerifiedAt", o0."OrderReference", o0."PickedUpAt", o0."PickupOtp", o0."PickupOtpExpiresAt", o0."PickupOtpVerifiedAt", o0."Status", b."Id", b."AddOns", b."AppliedPromotions", b."BookingReference", b."BundleDiscountPercent", b."CanvasLines", b."CreatedAt", b."CustomerId", b."DiscountAmountKes", b."NubuckLines", b."PickupAddress", b."PickupLatitude", b."PickupLocationUrl", b."PickupLongitude", b."PriceKes", b."PromotionalDiscountKes", b."ShoesSubtotalGrossKes", b."SneakersLines", b."Status", b."SubtotalBeforeDiscountKes", b."SuedeLines", b."TotalPairs", f."Id", f."AccessFailedCount", f."Address", f."ConcurrencyStamp", f."CreatedAt", f."CustomerReference", f."Email", f."EmailConfirmed", f."FullName", f."IsActive", f."LockoutEnabled", f."LockoutEnd", f."NormalizedEmail", f."NormalizedUserName", f."PasswordHash", f."PhoneNumber", f."PhoneNumberConfirmed", f."SecurityStamp", f."TwoFactorEnabled", f."UserName", p."Id", p."Amount", p."BookingId", p."CreatedAt", p."MpesaCheckoutRequestId", p."MpesaMerchantRequestId", p."MpesaReceipt", p."PayerPhoneNumber", p."PaymentReference", p."Status"
FROM "OrderRiderAssignments" AS o
INNER JOIN "Orders" AS o0 ON o."OrderId" = o0."Id"
INNER JOIN "Bookings" AS b ON o0."BookingId" = b."Id"
INNER JOIN "FreshwalkUsers" AS f ON b."CustomerId" = f."Id"
LEFT JOIN "Payments" AS p ON b."Id" = p."BookingId"
WHERE o."OrderId" = @__orderId_0 AND o."RiderId" = @__riderId_1
ORDER BY o."AssignedAt" DESC
LIMIT 1
2026-04-03 16:55:02.056 +03:00 [INF] Executed DbCommand (191ms) [Parameters=[@__p_0='?' (DbType = Guid)], CommandType='"Text"', CommandTimeout='30']
SELECT f."Id", f."AccessFailedCount", f."Address", f."ConcurrencyStamp", f."CreatedAt", f."CustomerReference", f."Email", f."EmailConfirmed", f."FullName", f."IsActive", f."LockoutEnabled", f."LockoutEnd", f."NormalizedEmail", f."NormalizedUserName", f."PasswordHash", f."PhoneNumber", f."PhoneNumberConfirmed", f."SecurityStamp", f."TwoFactorEnabled", f."UserName"
FROM "FreshwalkUsers" AS f
WHERE f."Id" = @__p_0
LIMIT 1
2026-04-03 16:55:02.061 +03:00 [INF] Executed DbCommand (194ms) [Parameters=[@__orderId_0='?' (DbType = Guid), @__riderId_1='?' (DbType = Guid)], CommandType='"Text"', CommandTimeout='30']
SELECT o."Id", o."AssignedAt", o."AssignmentReference", o."AssignmentType", o."CompletedAt", o."Notes", o."OrderId", o."RiderId", o."Status", o0."Id", o0."AgentId", o0."BookingId", o0."CleaningCompletedAt", o0."CleaningStartedAt", o0."CustomerId", o0."DeliveredAt", o0."DeliveryOtp", o0."DeliveryOtpExpiresAt", o0."DeliveryOtpVerifiedAt", o0."OrderReference", o0."PickedUpAt", o0."PickupOtp", o0."PickupOtpExpiresAt", o0."PickupOtpVerifiedAt", o0."Status", b."Id", b."AddOns", b."AppliedPromotions", b."BookingReference", b."BundleDiscountPercent", b."CanvasLines", b."CreatedAt", b."CustomerId", b."DiscountAmountKes", b."NubuckLines", b."PickupAddress", b."PickupLatitude", b."PickupLocationUrl", b."PickupLongitude", b."PriceKes", b."PromotionalDiscountKes", b."ShoesSubtotalGrossKes", b."SneakersLines", b."Status", b."SubtotalBeforeDiscountKes", b."SuedeLines", b."TotalPairs", f."Id", f."AccessFailedCount", f."Address", f."ConcurrencyStamp", f."CreatedAt", f."CustomerReference", f."Email", f."EmailConfirmed", f."FullName", f."IsActive", f."LockoutEnabled", f."LockoutEnd", f."NormalizedEmail", f."NormalizedUserName", f."PasswordHash", f."PhoneNumber", f."PhoneNumberConfirmed", f."SecurityStamp", f."TwoFactorEnabled", f."UserName", p."Id", p."Amount", p."BookingId", p."CreatedAt", p."MpesaCheckoutRequestId", p."MpesaMerchantRequestId", p."MpesaReceipt", p."PayerPhoneNumber", p."PaymentReference", p."Status"
FROM "OrderRiderAssignments" AS o
INNER JOIN "Orders" AS o0 ON o."OrderId" = o0."Id"
INNER JOIN "Bookings" AS b ON o0."BookingId" = b."Id"
INNER JOIN "FreshwalkUsers" AS f ON b."CustomerId" = f."Id"
LEFT JOIN "Payments" AS p ON b."Id" = p."BookingId"
WHERE o."OrderId" = @__orderId_0 AND o."RiderId" = @__riderId_1
ORDER BY o."AssignedAt" DESC
LIMIT 1
2026-04-03 16:55:02.076 +03:00 [INF] HTTP GET /api/rider/orders/14b94dc8-2415-48f5-b787-dc381c72f634 responded 200 in 418.7759 ms
2026-04-03 16:55:02.267 +03:00 [INF] Executed DbCommand (192ms) [Parameters=[@__p_0='?' (DbType = Guid)], CommandType='"Text"', CommandTimeout='30']
SELECT f."Id", f."AccessFailedCount", f."Address", f."ConcurrencyStamp", f."CreatedAt", f."CustomerReference", f."Email", f."EmailConfirmed", f."FullName", f."IsActive", f."LockoutEnabled", f."LockoutEnd", f."NormalizedEmail", f."NormalizedUserName", f."PasswordHash", f."PhoneNumber", f."PhoneNumberConfirmed", f."SecurityStamp", f."TwoFactorEnabled", f."UserName"
FROM "FreshwalkUsers" AS f
WHERE f."Id" = @__p_0
LIMIT 1
2026-04-03 16:55:02.271 +03:00 [INF] HTTP GET /api/rider/orders/14b94dc8-2415-48f5-b787-dc381c72f634 responded 200 in 405.6191 ms
2026-04-03 16:55:52.792 +03:00 [INF] HTTP OPTIONS /api/catalog/shoe-services responded 204 in 0.0773 ms
2026-04-03 16:55:52.792 +03:00 [INF] HTTP OPTIONS /api/catalog/shoe-services responded 204 in 0.0769 ms
2026-04-03 16:55:52.820 +03:00 [WRN] Compiling a query which loads related collections for more than one collection navigation, either via 'Include' or through projection, but no 'QuerySplittingBehavior' has been configured. By default, Entity Framework will use 'QuerySplittingBehavior.SingleQuery', which can potentially result in slow query performance. See https://go.microsoft.com/fwlink/?linkid=2134277 for more information. To identify the query that's triggering this warning call 'ConfigureWarnings(w => w.Throw(RelationalEventId.MultipleCollectionIncludeWarning))'.
2026-04-03 16:55:53.112 +03:00 [INF] Executed DbCommand (263ms) [Parameters=[], CommandType='"Text"', CommandTimeout='30']
SELECT s."Id", s."DisplayName", s."ImageAfterUrl", s."ImageBeforeUrl", s."Key", s."SortOrder", s."Tagline", s."ThemeColorHex", s0."Id", s0."CategoryId", s0."ColorTierKey", s0."PriceKes", s0."SortOrder", s1."Id", s1."CategoryId", s1."DiscountKind", s1."FixedOffPerPairKes", s1."IsActive", s1."Label", s1."PercentOff", s1."Priority", s1."ValidFrom", s1."ValidTo"
FROM "ShoeServiceCategories" AS s
LEFT JOIN "ShoeServiceTierPrices" AS s0 ON s."Id" = s0."CategoryId"
LEFT JOIN "ShoeServicePromotions" AS s1 ON s."Id" = s1."CategoryId"
ORDER BY s."SortOrder", s."Id", s0."Id"
2026-04-03 16:55:53.133 +03:00 [INF] HTTP GET /api/catalog/shoe-services responded 200 in 336.0558 ms
2026-04-03 16:55:53.394 +03:00 [INF] Executed DbCommand (259ms) [Parameters=[], CommandType='"Text"', CommandTimeout='30']
SELECT s."Id", s."DisplayName", s."ImageAfterUrl", s."ImageBeforeUrl", s."Key", s."SortOrder", s."Tagline", s."ThemeColorHex", s0."Id", s0."CategoryId", s0."ColorTierKey", s0."PriceKes", s0."SortOrder", s1."Id", s1."CategoryId", s1."DiscountKind", s1."FixedOffPerPairKes", s1."IsActive", s1."Label", s1."PercentOff", s1."Priority", s1."ValidFrom", s1."ValidTo"
FROM "ShoeServiceCategories" AS s
LEFT JOIN "ShoeServiceTierPrices" AS s0 ON s."Id" = s0."CategoryId"
LEFT JOIN "ShoeServicePromotions" AS s1 ON s."Id" = s1."CategoryId"
ORDER BY s."SortOrder", s."Id", s0."Id"
2026-04-03 16:55:53.401 +03:00 [INF] HTTP GET /api/catalog/shoe-services responded 200 in 268.4876 ms
2026-04-03 16:56:40.352 +03:00 [INF] HTTP OPTIONS /api/catalog/shoe-services responded 204 in 0.0485 ms
2026-04-03 16:56:40.352 +03:00 [INF] HTTP OPTIONS /api/catalog/shoe-services responded 204 in 0.0235 ms
2026-04-03 16:56:40.719 +03:00 [INF] HTTP OPTIONS /api/catalog/preview-pricing responded 204 in 0.0495 ms
2026-04-03 16:56:40.762 +03:00 [WRN] Compiling a query which loads related collections for more than one collection navigation, either via 'Include' or through projection, but no 'QuerySplittingBehavior' has been configured. By default, Entity Framework will use 'QuerySplittingBehavior.SingleQuery', which can potentially result in slow query performance. See https://go.microsoft.com/fwlink/?linkid=2134277 for more information. To identify the query that's triggering this warning call 'ConfigureWarnings(w => w.Throw(RelationalEventId.MultipleCollectionIncludeWarning))'.
2026-04-03 16:56:41.945 +03:00 [INF] Executed DbCommand (243ms) [Parameters=[], CommandType='"Text"', CommandTimeout='30']
SELECT s."Id", s."DisplayName", s."ImageAfterUrl", s."ImageBeforeUrl", s."Key", s."SortOrder", s."Tagline", s."ThemeColorHex", s0."Id", s0."CategoryId", s0."ColorTierKey", s0."PriceKes", s0."SortOrder", s1."Id", s1."CategoryId", s1."DiscountKind", s1."FixedOffPerPairKes", s1."IsActive", s1."Label", s1."PercentOff", s1."Priority", s1."ValidFrom", s1."ValidTo"
FROM "ShoeServiceCategories" AS s
LEFT JOIN "ShoeServiceTierPrices" AS s0 ON s."Id" = s0."CategoryId"
LEFT JOIN "ShoeServicePromotions" AS s1 ON s."Id" = s1."CategoryId"
ORDER BY s."SortOrder", s."Id", s0."Id"
2026-04-03 16:56:41.955 +03:00 [INF] HTTP GET /api/catalog/shoe-services responded 200 in 1596.5928 ms
2026-04-03 16:56:42.169 +03:00 [INF] Executed DbCommand (209ms) [Parameters=[], CommandType='"Text"', CommandTimeout='30']
SELECT s."Id", s."DisplayName", s."ImageAfterUrl", s."ImageBeforeUrl", s."Key", s."SortOrder", s."Tagline", s."ThemeColorHex", s0."Id", s0."CategoryId", s0."ColorTierKey", s0."PriceKes", s0."SortOrder", s1."Id", s1."CategoryId", s1."DiscountKind", s1."FixedOffPerPairKes", s1."IsActive", s1."Label", s1."PercentOff", s1."Priority", s1."ValidFrom", s1."ValidTo"
FROM "ShoeServiceCategories" AS s
LEFT JOIN "ShoeServiceTierPrices" AS s0 ON s."Id" = s0."CategoryId"
LEFT JOIN "ShoeServicePromotions" AS s1 ON s."Id" = s1."CategoryId"
ORDER BY s."SortOrder", s."Id", s0."Id"
2026-04-03 16:56:42.177 +03:00 [INF] HTTP GET /api/catalog/shoe-services responded 200 in 219.6203 ms
2026-04-03 16:56:42.330 +03:00 [INF] Executed DbCommand (237ms) [Parameters=[], CommandType='"Text"', CommandTimeout='30']
SELECT s."Id", s."DisplayName", s."ImageAfterUrl", s."ImageBeforeUrl", s."Key", s."SortOrder", s."Tagline", s."ThemeColorHex", s0."Id", s0."CategoryId", s0."ColorTierKey", s0."PriceKes", s0."SortOrder", s1."Id", s1."CategoryId", s1."DiscountKind", s1."FixedOffPerPairKes", s1."IsActive", s1."Label", s1."PercentOff", s1."Priority", s1."ValidFrom", s1."ValidTo"
FROM "ShoeServiceCategories" AS s
LEFT JOIN "ShoeServiceTierPrices" AS s0 ON s."Id" = s0."CategoryId"
LEFT JOIN "ShoeServicePromotions" AS s1 ON s."Id" = s1."CategoryId"
ORDER BY s."Id", s0."Id"
2026-04-03 16:56:42.366 +03:00 [INF] HTTP POST /api/catalog/preview-pricing responded 200 in 1643.3006 ms
2026-04-03 16:56:46.401 +03:00 [INF] HTTP OPTIONS /api/catalog/preview-pricing responded 204 in 0.0410 ms
2026-04-03 16:56:46.616 +03:00 [INF] Executed DbCommand (209ms) [Parameters=[], CommandType='"Text"', CommandTimeout='30']
SELECT s."Id", s."DisplayName", s."ImageAfterUrl", s."ImageBeforeUrl", s."Key", s."SortOrder", s."Tagline", s."ThemeColorHex", s0."Id", s0."CategoryId", s0."ColorTierKey", s0."PriceKes", s0."SortOrder", s1."Id", s1."CategoryId", s1."DiscountKind", s1."FixedOffPerPairKes", s1."IsActive", s1."Label", s1."PercentOff", s1."Priority", s1."ValidFrom", s1."ValidTo"
FROM "ShoeServiceCategories" AS s
LEFT JOIN "ShoeServiceTierPrices" AS s0 ON s."Id" = s0."CategoryId"
LEFT JOIN "ShoeServicePromotions" AS s1 ON s."Id" = s1."CategoryId"
ORDER BY s."Id", s0."Id"
2026-04-03 16:56:46.650 +03:00 [INF] HTTP POST /api/catalog/preview-pricing responded 200 in 244.7678 ms
2026-04-03 16:56:51.309 +03:00 [INF] Executed DbCommand (330ms) [Parameters=[], CommandType='"Text"', CommandTimeout='30']
SELECT s."Id", s."DisplayName", s."ImageAfterUrl", s."ImageBeforeUrl", s."Key", s."SortOrder", s."Tagline", s."ThemeColorHex", s0."Id", s0."CategoryId", s0."ColorTierKey", s0."PriceKes", s0."SortOrder", s1."Id", s1."CategoryId", s1."DiscountKind", s1."FixedOffPerPairKes", s1."IsActive", s1."Label", s1."PercentOff", s1."Priority", s1."ValidFrom", s1."ValidTo"
FROM "ShoeServiceCategories" AS s
LEFT JOIN "ShoeServiceTierPrices" AS s0 ON s."Id" = s0."CategoryId"
LEFT JOIN "ShoeServicePromotions" AS s1 ON s."Id" = s1."CategoryId"
ORDER BY s."Id", s0."Id"
2026-04-03 16:56:51.314 +03:00 [INF] HTTP POST /api/catalog/preview-pricing responded 200 in 337.0553 ms
2026-04-03 16:57:00.152 +03:00 [INF] HTTP OPTIONS /api/catalog/preview-pricing responded 204 in 0.0925 ms
2026-04-03 16:57:00.649 +03:00 [INF] Executed DbCommand (488ms) [Parameters=[], CommandType='"Text"', CommandTimeout='30']
SELECT s."Id", s."DisplayName", s."ImageAfterUrl", s."ImageBeforeUrl", s."Key", s."SortOrder", s."Tagline", s."ThemeColorHex", s0."Id", s0."CategoryId", s0."ColorTierKey", s0."PriceKes", s0."SortOrder", s1."Id", s1."CategoryId", s1."DiscountKind", s1."FixedOffPerPairKes", s1."IsActive", s1."Label", s1."PercentOff", s1."Priority", s1."ValidFrom", s1."ValidTo"
FROM "ShoeServiceCategories" AS s
LEFT JOIN "ShoeServiceTierPrices" AS s0 ON s."Id" = s0."CategoryId"
LEFT JOIN "ShoeServicePromotions" AS s1 ON s."Id" = s1."CategoryId"
ORDER BY s."Id", s0."Id"
2026-04-03 16:57:00.657 +03:00 [INF] HTTP POST /api/catalog/preview-pricing responded 200 in 497.8312 ms
2026-04-03 16:57:05.204 +03:00 [INF] Executed DbCommand (207ms) [Parameters=[], CommandType='"Text"', CommandTimeout='30']
SELECT s."Id", s."DisplayName", s."ImageAfterUrl", s."ImageBeforeUrl", s."Key", s."SortOrder", s."Tagline", s."ThemeColorHex", s0."Id", s0."CategoryId", s0."ColorTierKey", s0."PriceKes", s0."SortOrder", s1."Id", s1."CategoryId", s1."DiscountKind", s1."FixedOffPerPairKes", s1."IsActive", s1."Label", s1."PercentOff", s1."Priority", s1."ValidFrom", s1."ValidTo"
FROM "ShoeServiceCategories" AS s
LEFT JOIN "ShoeServiceTierPrices" AS s0 ON s."Id" = s0."CategoryId"
LEFT JOIN "ShoeServicePromotions" AS s1 ON s."Id" = s1."CategoryId"
ORDER BY s."Id", s0."Id"
2026-04-03 16:57:05.209 +03:00 [INF] HTTP POST /api/catalog/preview-pricing responded 200 in 214.0641 ms
2026-04-03 19:41:38.707 +03:00 [INF] HTTP OPTIONS /api/catalog/shoe-services responded 204 in 0.0676 ms
2026-04-03 19:41:38.707 +03:00 [INF] HTTP OPTIONS /api/catalog/shoe-services responded 204 in 0.0308 ms
2026-04-03 19:41:38.738 +03:00 [ERR] An error occurred using the connection to database 'postgres' on server 'tcp://aws-1-eu-west-1.pooler.supabase.com:5432'.
2026-04-03 19:41:38.757 +03:00 [ERR] An exception occurred while iterating over the results of a query for context type 'Freshwalk.Infrastructure.Data.AppDbContext'.
System.Net.Sockets.SocketException (11001): No such host is known.
   at System.Net.NameResolutionPal.ProcessResult(SocketError errorCode, GetAddrInfoExContext* context)
   at System.Net.NameResolutionPal.GetAddressInfoExCallback(Int32 error, Int32 bytes, NativeOverlapped* overlapped)
--- End of stack trace from previous location ---
   at Npgsql.TaskTimeoutAndCancellation.ExecuteAsync(Func`2 getTaskFunc, NpgsqlTimeout timeout, CancellationToken cancellationToken)
   at Npgsql.TaskTimeoutAndCancellation.ExecuteAsync[TResult](Func`2 getTaskFunc, NpgsqlTimeout timeout, CancellationToken cancellationToken)
   at Npgsql.Internal.NpgsqlConnector.ConnectAsync(NpgsqlTimeout timeout, CancellationToken cancellationToken)
   at Npgsql.Internal.NpgsqlConnector.RawOpen(SslMode sslMode, NpgsqlTimeout timeout, Boolean async, CancellationToken cancellationToken)
   at Npgsql.Internal.NpgsqlConnector.<Open>g__OpenCore|214_1(NpgsqlConnector conn, SslMode sslMode, NpgsqlTimeout timeout, Boolean async, CancellationToken cancellationToken)
   at Npgsql.Internal.NpgsqlConnector.Open(NpgsqlTimeout timeout, Boolean async, CancellationToken cancellationToken)
   at Npgsql.PoolingDataSource.OpenNewConnector(NpgsqlConnection conn, NpgsqlTimeout timeout, Boolean async, CancellationToken cancellationToken)
   at Npgsql.PoolingDataSource.<Get>g__RentAsync|33_0(NpgsqlConnection conn, NpgsqlTimeout timeout, Boolean async, CancellationToken cancellationToken)
   at Npgsql.NpgsqlConnection.<Open>g__OpenAsync|42_0(Boolean async, CancellationToken cancellationToken)
   at Microsoft.EntityFrameworkCore.Storage.RelationalConnection.OpenInternalAsync(Boolean errorsExpected, CancellationToken cancellationToken)
   at Microsoft.EntityFrameworkCore.Storage.RelationalConnection.OpenInternalAsync(Boolean errorsExpected, CancellationToken cancellationToken)
   at Microsoft.EntityFrameworkCore.Storage.RelationalConnection.OpenAsync(CancellationToken cancellationToken, Boolean errorsExpected)
   at Microsoft.EntityFrameworkCore.Storage.RelationalCommand.ExecuteReaderAsync(RelationalCommandParameterObject parameterObject, CancellationToken cancellationToken)
   at Microsoft.EntityFrameworkCore.Query.Internal.SingleQueryingEnumerable`1.AsyncEnumerator.InitializeReaderAsync(AsyncEnumerator enumerator, CancellationToken cancellationToken)
   at Npgsql.EntityFrameworkCore.PostgreSQL.Storage.Internal.NpgsqlExecutionStrategy.ExecuteAsync[TState,TResult](TState state, Func`4 operation, Func`4 verifySucceeded, CancellationToken cancellationToken)
   at Microsoft.EntityFrameworkCore.Query.Internal.SingleQueryingEnumerable`1.AsyncEnumerator.MoveNextAsync()
System.Net.Sockets.SocketException (11001): No such host is known.
   at System.Net.NameResolutionPal.ProcessResult(SocketError errorCode, GetAddrInfoExContext* context)
   at System.Net.NameResolutionPal.GetAddressInfoExCallback(Int32 error, Int32 bytes, NativeOverlapped* overlapped)
--- End of stack trace from previous location ---
   at Npgsql.TaskTimeoutAndCancellation.ExecuteAsync(Func`2 getTaskFunc, NpgsqlTimeout timeout, CancellationToken cancellationToken)
   at Npgsql.TaskTimeoutAndCancellation.ExecuteAsync[TResult](Func`2 getTaskFunc, NpgsqlTimeout timeout, CancellationToken cancellationToken)
   at Npgsql.Internal.NpgsqlConnector.ConnectAsync(NpgsqlTimeout timeout, CancellationToken cancellationToken)
   at Npgsql.Internal.NpgsqlConnector.RawOpen(SslMode sslMode, NpgsqlTimeout timeout, Boolean async, CancellationToken cancellationToken)
   at Npgsql.Internal.NpgsqlConnector.<Open>g__OpenCore|214_1(NpgsqlConnector conn, SslMode sslMode, NpgsqlTimeout timeout, Boolean async, CancellationToken cancellationToken)
   at Npgsql.Internal.NpgsqlConnector.Open(NpgsqlTimeout timeout, Boolean async, CancellationToken cancellationToken)
   at Npgsql.PoolingDataSource.OpenNewConnector(NpgsqlConnection conn, NpgsqlTimeout timeout, Boolean async, CancellationToken cancellationToken)
   at Npgsql.PoolingDataSource.<Get>g__RentAsync|33_0(NpgsqlConnection conn, NpgsqlTimeout timeout, Boolean async, CancellationToken cancellationToken)
   at Npgsql.NpgsqlConnection.<Open>g__OpenAsync|42_0(Boolean async, CancellationToken cancellationToken)
   at Microsoft.EntityFrameworkCore.Storage.RelationalConnection.OpenInternalAsync(Boolean errorsExpected, CancellationToken cancellationToken)
   at Microsoft.EntityFrameworkCore.Storage.RelationalConnection.OpenInternalAsync(Boolean errorsExpected, CancellationToken cancellationToken)
   at Microsoft.EntityFrameworkCore.Storage.RelationalConnection.OpenAsync(CancellationToken cancellationToken, Boolean errorsExpected)
   at Microsoft.EntityFrameworkCore.Storage.RelationalCommand.ExecuteReaderAsync(RelationalCommandParameterObject parameterObject, CancellationToken cancellationToken)
   at Microsoft.EntityFrameworkCore.Query.Internal.SingleQueryingEnumerable`1.AsyncEnumerator.InitializeReaderAsync(AsyncEnumerator enumerator, CancellationToken cancellationToken)
   at Npgsql.EntityFrameworkCore.PostgreSQL.Storage.Internal.NpgsqlExecutionStrategy.ExecuteAsync[TState,TResult](TState state, Func`4 operation, Func`4 verifySucceeded, CancellationToken cancellationToken)
   at Microsoft.EntityFrameworkCore.Query.Internal.SingleQueryingEnumerable`1.AsyncEnumerator.MoveNextAsync()
2026-04-03 19:41:38.776 +03:00 [ERR] HTTP GET /api/catalog/shoe-services responded 500 in 56.6109 ms
System.Net.Sockets.SocketException (11001): No such host is known.
   at System.Net.NameResolutionPal.ProcessResult(SocketError errorCode, GetAddrInfoExContext* context)
   at System.Net.NameResolutionPal.GetAddressInfoExCallback(Int32 error, Int32 bytes, NativeOverlapped* overlapped)
--- End of stack trace from previous location ---
   at Npgsql.TaskTimeoutAndCancellation.ExecuteAsync(Func`2 getTaskFunc, NpgsqlTimeout timeout, CancellationToken cancellationToken)
   at Npgsql.TaskTimeoutAndCancellation.ExecuteAsync[TResult](Func`2 getTaskFunc, NpgsqlTimeout timeout, CancellationToken cancellationToken)
   at Npgsql.Internal.NpgsqlConnector.ConnectAsync(NpgsqlTimeout timeout, CancellationToken cancellationToken)
   at Npgsql.Internal.NpgsqlConnector.RawOpen(SslMode sslMode, NpgsqlTimeout timeout, Boolean async, CancellationToken cancellationToken)
   at Npgsql.Internal.NpgsqlConnector.<Open>g__OpenCore|214_1(NpgsqlConnector conn, SslMode sslMode, NpgsqlTimeout timeout, Boolean async, CancellationToken cancellationToken)
   at Npgsql.Internal.NpgsqlConnector.Open(NpgsqlTimeout timeout, Boolean async, CancellationToken cancellationToken)
   at Npgsql.PoolingDataSource.OpenNewConnector(NpgsqlConnection conn, NpgsqlTimeout timeout, Boolean async, CancellationToken cancellationToken)
   at Npgsql.PoolingDataSource.<Get>g__RentAsync|33_0(NpgsqlConnection conn, NpgsqlTimeout timeout, Boolean async, CancellationToken cancellationToken)
   at Npgsql.NpgsqlConnection.<Open>g__OpenAsync|42_0(Boolean async, CancellationToken cancellationToken)
   at Microsoft.EntityFrameworkCore.Storage.RelationalConnection.OpenInternalAsync(Boolean errorsExpected, CancellationToken cancellationToken)
   at Microsoft.EntityFrameworkCore.Storage.RelationalConnection.OpenInternalAsync(Boolean errorsExpected, CancellationToken cancellationToken)
   at Microsoft.EntityFrameworkCore.Storage.RelationalConnection.OpenAsync(CancellationToken cancellationToken, Boolean errorsExpected)
   at Microsoft.EntityFrameworkCore.Storage.RelationalCommand.ExecuteReaderAsync(RelationalCommandParameterObject parameterObject, CancellationToken cancellationToken)
   at Microsoft.EntityFrameworkCore.Query.Internal.SingleQueryingEnumerable`1.AsyncEnumerator.InitializeReaderAsync(AsyncEnumerator enumerator, CancellationToken cancellationToken)
   at Npgsql.EntityFrameworkCore.PostgreSQL.Storage.Internal.NpgsqlExecutionStrategy.ExecuteAsync[TState,TResult](TState state, Func`4 operation, Func`4 verifySucceeded, CancellationToken cancellationToken)
   at Microsoft.EntityFrameworkCore.Query.Internal.SingleQueryingEnumerable`1.AsyncEnumerator.MoveNextAsync()
   at Microsoft.EntityFrameworkCore.EntityFrameworkQueryableExtensions.ToListAsync[TSource](IQueryable`1 source, CancellationToken cancellationToken)
   at Microsoft.EntityFrameworkCore.EntityFrameworkQueryableExtensions.ToListAsync[TSource](IQueryable`1 source, CancellationToken cancellationToken)
   at Freshwalk.API.Controllers.CatalogController.ShoeServices(CancellationToken cancellationToken) in D:\Projects\Freshwalk Shoe Cleaning web app\API\Freshwalk.API\Controllers\CatalogController.cs:line 20
   at Microsoft.AspNetCore.Mvc.Infrastructure.ActionMethodExecutor.TaskOfIActionResultExecutor.Execute(ActionContext actionContext, IActionResultTypeMapper mapper, ObjectMethodExecutor executor, Object controller, Object[] arguments)
   at Microsoft.AspNetCore.Mvc.Infrastructure.ControllerActionInvoker.<InvokeActionMethodAsync>g__Awaited|12_0(ControllerActionInvoker invoker, ValueTask`1 actionResultValueTask)
   at Microsoft.AspNetCore.Mvc.Infrastructure.ControllerActionInvoker.<InvokeNextActionFilterAsync>g__Awaited|10_0(ControllerActionInvoker invoker, Task lastTask, State next, Scope scope, Object state, Boolean isCompleted)
   at Microsoft.AspNetCore.Mvc.Infrastructure.ControllerActionInvoker.Rethrow(ActionExecutedContextSealed context)
   at Microsoft.AspNetCore.Mvc.Infrastructure.ControllerActionInvoker.Next(State& next, Scope& scope, Object& state, Boolean& isCompleted)
   at Microsoft.AspNetCore.Mvc.Infrastructure.ControllerActionInvoker.<InvokeInnerFilterAsync>g__Awaited|13_0(ControllerActionInvoker invoker, Task lastTask, State next, Scope scope, Object state, Boolean isCompleted)
   at Microsoft.AspNetCore.Mvc.Infrastructure.ResourceInvoker.<InvokeFilterPipelineAsync>g__Awaited|20_0(ResourceInvoker invoker, Task lastTask, State next, Scope scope, Object state, Boolean isCompleted)
   at Microsoft.AspNetCore.Mvc.Infrastructure.ResourceInvoker.<InvokeAsync>g__Awaited|17_0(ResourceInvoker invoker, Task task, IDisposable scope)
   at Microsoft.AspNetCore.Mvc.Infrastructure.ResourceInvoker.<InvokeAsync>g__Awaited|17_0(ResourceInvoker invoker, Task task, IDisposable scope)
   at Freshwalk.API.Logging.AuditRequestLoggingMiddleware.InvokeAsync(HttpContext context, RequestDelegate next) in D:\Projects\Freshwalk Shoe Cleaning web app\API\Freshwalk.API\Logging\AuditRequestLoggingMiddleware.cs:line 63
   at Freshwalk.API.Logging.AuditRequestLoggingMiddleware.InvokeAsync(HttpContext context, RequestDelegate next) in D:\Projects\Freshwalk Shoe Cleaning web app\API\Freshwalk.API\Logging\AuditRequestLoggingMiddleware.cs:line 91
   at Freshwalk.API.Logging.AuditRequestLoggingMiddleware.InvokeAsync(HttpContext context, RequestDelegate next) in D:\Projects\Freshwalk Shoe Cleaning web app\API\Freshwalk.API\Logging\AuditRequestLoggingMiddleware.cs:line 91
   at Microsoft.AspNetCore.Builder.UseMiddlewareExtensions.InterfaceMiddlewareBinder.<>c__DisplayClass2_0.<<CreateMiddleware>b__0>d.MoveNext()
--- End of stack trace from previous location ---
   at Microsoft.AspNetCore.Authorization.AuthorizationMiddleware.Invoke(HttpContext context)
   at Microsoft.AspNetCore.Authentication.AuthenticationMiddleware.Invoke(HttpContext context)
   at Serilog.AspNetCore.RequestLoggingMiddleware.Invoke(HttpContext httpContext)
2026-04-03 19:41:38.811 +03:00 [ERR] An unhandled exception has occurred while executing the request.
System.Net.Sockets.SocketException (11001): No such host is known.
   at System.Net.NameResolutionPal.ProcessResult(SocketError errorCode, GetAddrInfoExContext* context)
   at System.Net.NameResolutionPal.GetAddressInfoExCallback(Int32 error, Int32 bytes, NativeOverlapped* overlapped)
--- End of stack trace from previous location ---
   at Npgsql.TaskTimeoutAndCancellation.ExecuteAsync(Func`2 getTaskFunc, NpgsqlTimeout timeout, CancellationToken cancellationToken)
   at Npgsql.TaskTimeoutAndCancellation.ExecuteAsync[TResult](Func`2 getTaskFunc, NpgsqlTimeout timeout, CancellationToken cancellationToken)
   at Npgsql.Internal.NpgsqlConnector.ConnectAsync(NpgsqlTimeout timeout, CancellationToken cancellationToken)
   at Npgsql.Internal.NpgsqlConnector.RawOpen(SslMode sslMode, NpgsqlTimeout timeout, Boolean async, CancellationToken cancellationToken)
   at Npgsql.Internal.NpgsqlConnector.<Open>g__OpenCore|214_1(NpgsqlConnector conn, SslMode sslMode, NpgsqlTimeout timeout, Boolean async, CancellationToken cancellationToken)
   at Npgsql.Internal.NpgsqlConnector.Open(NpgsqlTimeout timeout, Boolean async, CancellationToken cancellationToken)
   at Npgsql.PoolingDataSource.OpenNewConnector(NpgsqlConnection conn, NpgsqlTimeout timeout, Boolean async, CancellationToken cancellationToken)
   at Npgsql.PoolingDataSource.<Get>g__RentAsync|33_0(NpgsqlConnection conn, NpgsqlTimeout timeout, Boolean async, CancellationToken cancellationToken)
   at Npgsql.NpgsqlConnection.<Open>g__OpenAsync|42_0(Boolean async, CancellationToken cancellationToken)
   at Microsoft.EntityFrameworkCore.Storage.RelationalConnection.OpenInternalAsync(Boolean errorsExpected, CancellationToken cancellationToken)
   at Microsoft.EntityFrameworkCore.Storage.RelationalConnection.OpenInternalAsync(Boolean errorsExpected, CancellationToken cancellationToken)
   at Microsoft.EntityFrameworkCore.Storage.RelationalConnection.OpenAsync(CancellationToken cancellationToken, Boolean errorsExpected)
   at Microsoft.EntityFrameworkCore.Storage.RelationalCommand.ExecuteReaderAsync(RelationalCommandParameterObject parameterObject, CancellationToken cancellationToken)
   at Microsoft.EntityFrameworkCore.Query.Internal.SingleQueryingEnumerable`1.AsyncEnumerator.InitializeReaderAsync(AsyncEnumerator enumerator, CancellationToken cancellationToken)
   at Npgsql.EntityFrameworkCore.PostgreSQL.Storage.Internal.NpgsqlExecutionStrategy.ExecuteAsync[TState,TResult](TState state, Func`4 operation, Func`4 verifySucceeded, CancellationToken cancellationToken)
   at Microsoft.EntityFrameworkCore.Query.Internal.SingleQueryingEnumerable`1.AsyncEnumerator.MoveNextAsync()
   at Microsoft.EntityFrameworkCore.EntityFrameworkQueryableExtensions.ToListAsync[TSource](IQueryable`1 source, CancellationToken cancellationToken)
   at Microsoft.EntityFrameworkCore.EntityFrameworkQueryableExtensions.ToListAsync[TSource](IQueryable`1 source, CancellationToken cancellationToken)
   at Freshwalk.API.Controllers.CatalogController.ShoeServices(CancellationToken cancellationToken) in D:\Projects\Freshwalk Shoe Cleaning web app\API\Freshwalk.API\Controllers\CatalogController.cs:line 20
   at Microsoft.AspNetCore.Mvc.Infrastructure.ActionMethodExecutor.TaskOfIActionResultExecutor.Execute(ActionContext actionContext, IActionResultTypeMapper mapper, ObjectMethodExecutor executor, Object controller, Object[] arguments)
   at Microsoft.AspNetCore.Mvc.Infrastructure.ControllerActionInvoker.<InvokeActionMethodAsync>g__Awaited|12_0(ControllerActionInvoker invoker, ValueTask`1 actionResultValueTask)
   at Microsoft.AspNetCore.Mvc.Infrastructure.ControllerActionInvoker.<InvokeNextActionFilterAsync>g__Awaited|10_0(ControllerActionInvoker invoker, Task lastTask, State next, Scope scope, Object state, Boolean isCompleted)
   at Microsoft.AspNetCore.Mvc.Infrastructure.ControllerActionInvoker.Rethrow(ActionExecutedContextSealed context)
   at Microsoft.AspNetCore.Mvc.Infrastructure.ControllerActionInvoker.Next(State& next, Scope& scope, Object& state, Boolean& isCompleted)
   at Microsoft.AspNetCore.Mvc.Infrastructure.ControllerActionInvoker.<InvokeInnerFilterAsync>g__Awaited|13_0(ControllerActionInvoker invoker, Task lastTask, State next, Scope scope, Object state, Boolean isCompleted)
   at Microsoft.AspNetCore.Mvc.Infrastructure.ResourceInvoker.<InvokeFilterPipelineAsync>g__Awaited|20_0(ResourceInvoker invoker, Task lastTask, State next, Scope scope, Object state, Boolean isCompleted)
   at Microsoft.AspNetCore.Mvc.Infrastructure.ResourceInvoker.<InvokeAsync>g__Awaited|17_0(ResourceInvoker invoker, Task task, IDisposable scope)
   at Microsoft.AspNetCore.Mvc.Infrastructure.ResourceInvoker.<InvokeAsync>g__Awaited|17_0(ResourceInvoker invoker, Task task, IDisposable scope)
   at Freshwalk.API.Logging.AuditRequestLoggingMiddleware.InvokeAsync(HttpContext context, RequestDelegate next) in D:\Projects\Freshwalk Shoe Cleaning web app\API\Freshwalk.API\Logging\AuditRequestLoggingMiddleware.cs:line 63
   at Freshwalk.API.Logging.AuditRequestLoggingMiddleware.InvokeAsync(HttpContext context, RequestDelegate next) in D:\Projects\Freshwalk Shoe Cleaning web app\API\Freshwalk.API\Logging\AuditRequestLoggingMiddleware.cs:line 91
   at Freshwalk.API.Logging.AuditRequestLoggingMiddleware.InvokeAsync(HttpContext context, RequestDelegate next) in D:\Projects\Freshwalk Shoe Cleaning web app\API\Freshwalk.API\Logging\AuditRequestLoggingMiddleware.cs:line 91
   at Microsoft.AspNetCore.Builder.UseMiddlewareExtensions.InterfaceMiddlewareBinder.<>c__DisplayClass2_0.<<CreateMiddleware>b__0>d.MoveNext()
--- End of stack trace from previous location ---
   at Microsoft.AspNetCore.Authorization.AuthorizationMiddleware.Invoke(HttpContext context)
   at Microsoft.AspNetCore.Authentication.AuthenticationMiddleware.Invoke(HttpContext context)
   at Serilog.AspNetCore.RequestLoggingMiddleware.Invoke(HttpContext httpContext)
   at Swashbuckle.AspNetCore.SwaggerUI.SwaggerUIMiddleware.Invoke(HttpContext httpContext)
   at Swashbuckle.AspNetCore.Swagger.SwaggerMiddleware.Invoke(HttpContext httpContext, ISwaggerProvider swaggerProvider)
   at Microsoft.AspNetCore.Diagnostics.DeveloperExceptionPageMiddlewareImpl.Invoke(HttpContext context)
2026-04-03 19:41:38.839 +03:00 [ERR] An error occurred using the connection to database 'postgres' on server 'tcp://aws-1-eu-west-1.pooler.supabase.com:5432'.
2026-04-03 19:41:38.842 +03:00 [ERR] An exception occurred while iterating over the results of a query for context type 'Freshwalk.Infrastructure.Data.AppDbContext'.
System.Net.Sockets.SocketException (11001): No such host is known.
   at System.Net.NameResolutionPal.ProcessResult(SocketError errorCode, GetAddrInfoExContext* context)
   at System.Net.NameResolutionPal.GetAddressInfoExCallback(Int32 error, Int32 bytes, NativeOverlapped* overlapped)
--- End of stack trace from previous location ---
   at Npgsql.TaskTimeoutAndCancellation.ExecuteAsync(Func`2 getTaskFunc, NpgsqlTimeout timeout, CancellationToken cancellationToken)
   at Npgsql.TaskTimeoutAndCancellation.ExecuteAsync[TResult](Func`2 getTaskFunc, NpgsqlTimeout timeout, CancellationToken cancellationToken)
   at Npgsql.Internal.NpgsqlConnector.ConnectAsync(NpgsqlTimeout timeout, CancellationToken cancellationToken)
   at Npgsql.Internal.NpgsqlConnector.RawOpen(SslMode sslMode, NpgsqlTimeout timeout, Boolean async, CancellationToken cancellationToken)
   at Npgsql.Internal.NpgsqlConnector.<Open>g__OpenCore|214_1(NpgsqlConnector conn, SslMode sslMode, NpgsqlTimeout timeout, Boolean async, CancellationToken cancellationToken)
   at Npgsql.Internal.NpgsqlConnector.Open(NpgsqlTimeout timeout, Boolean async, CancellationToken cancellationToken)
   at Npgsql.PoolingDataSource.OpenNewConnector(NpgsqlConnection conn, NpgsqlTimeout timeout, Boolean async, CancellationToken cancellationToken)
   at Npgsql.PoolingDataSource.<Get>g__RentAsync|33_0(NpgsqlConnection conn, NpgsqlTimeout timeout, Boolean async, CancellationToken cancellationToken)
   at Npgsql.NpgsqlConnection.<Open>g__OpenAsync|42_0(Boolean async, CancellationToken cancellationToken)
   at Microsoft.EntityFrameworkCore.Storage.RelationalConnection.OpenInternalAsync(Boolean errorsExpected, CancellationToken cancellationToken)
   at Microsoft.EntityFrameworkCore.Storage.RelationalConnection.OpenInternalAsync(Boolean errorsExpected, CancellationToken cancellationToken)
   at Microsoft.EntityFrameworkCore.Storage.RelationalConnection.OpenAsync(CancellationToken cancellationToken, Boolean errorsExpected)
   at Microsoft.EntityFrameworkCore.Storage.RelationalCommand.ExecuteReaderAsync(RelationalCommandParameterObject parameterObject, CancellationToken cancellationToken)
   at Microsoft.EntityFrameworkCore.Query.Internal.SingleQueryingEnumerable`1.AsyncEnumerator.InitializeReaderAsync(AsyncEnumerator enumerator, CancellationToken cancellationToken)
   at Npgsql.EntityFrameworkCore.PostgreSQL.Storage.Internal.NpgsqlExecutionStrategy.ExecuteAsync[TState,TResult](TState state, Func`4 operation, Func`4 verifySucceeded, CancellationToken cancellationToken)
   at Microsoft.EntityFrameworkCore.Query.Internal.SingleQueryingEnumerable`1.AsyncEnumerator.MoveNextAsync()
System.Net.Sockets.SocketException (11001): No such host is known.
   at System.Net.NameResolutionPal.ProcessResult(SocketError errorCode, GetAddrInfoExContext* context)
   at System.Net.NameResolutionPal.GetAddressInfoExCallback(Int32 error, Int32 bytes, NativeOverlapped* overlapped)
--- End of stack trace from previous location ---
   at Npgsql.TaskTimeoutAndCancellation.ExecuteAsync(Func`2 getTaskFunc, NpgsqlTimeout timeout, CancellationToken cancellationToken)
   at Npgsql.TaskTimeoutAndCancellation.ExecuteAsync[TResult](Func`2 getTaskFunc, NpgsqlTimeout timeout, CancellationToken cancellationToken)
   at Npgsql.Internal.NpgsqlConnector.ConnectAsync(NpgsqlTimeout timeout, CancellationToken cancellationToken)
   at Npgsql.Internal.NpgsqlConnector.RawOpen(SslMode sslMode, NpgsqlTimeout timeout, Boolean async, CancellationToken cancellationToken)
   at Npgsql.Internal.NpgsqlConnector.<Open>g__OpenCore|214_1(NpgsqlConnector conn, SslMode sslMode, NpgsqlTimeout timeout, Boolean async, CancellationToken cancellationToken)
   at Npgsql.Internal.NpgsqlConnector.Open(NpgsqlTimeout timeout, Boolean async, CancellationToken cancellationToken)
   at Npgsql.PoolingDataSource.OpenNewConnector(NpgsqlConnection conn, NpgsqlTimeout timeout, Boolean async, CancellationToken cancellationToken)
   at Npgsql.PoolingDataSource.<Get>g__RentAsync|33_0(NpgsqlConnection conn, NpgsqlTimeout timeout, Boolean async, CancellationToken cancellationToken)
   at Npgsql.NpgsqlConnection.<Open>g__OpenAsync|42_0(Boolean async, CancellationToken cancellationToken)
   at Microsoft.EntityFrameworkCore.Storage.RelationalConnection.OpenInternalAsync(Boolean errorsExpected, CancellationToken cancellationToken)
   at Microsoft.EntityFrameworkCore.Storage.RelationalConnection.OpenInternalAsync(Boolean errorsExpected, CancellationToken cancellationToken)
   at Microsoft.EntityFrameworkCore.Storage.RelationalConnection.OpenAsync(CancellationToken cancellationToken, Boolean errorsExpected)
   at Microsoft.EntityFrameworkCore.Storage.RelationalCommand.ExecuteReaderAsync(RelationalCommandParameterObject parameterObject, CancellationToken cancellationToken)
   at Microsoft.EntityFrameworkCore.Query.Internal.SingleQueryingEnumerable`1.AsyncEnumerator.InitializeReaderAsync(AsyncEnumerator enumerator, CancellationToken cancellationToken)
   at Npgsql.EntityFrameworkCore.PostgreSQL.Storage.Internal.NpgsqlExecutionStrategy.ExecuteAsync[TState,TResult](TState state, Func`4 operation, Func`4 verifySucceeded, CancellationToken cancellationToken)
   at Microsoft.EntityFrameworkCore.Query.Internal.SingleQueryingEnumerable`1.AsyncEnumerator.MoveNextAsync()
2026-04-03 19:41:38.867 +03:00 [ERR] HTTP GET /api/catalog/shoe-services responded 500 in 32.7547 ms
System.Net.Sockets.SocketException (11001): No such host is known.
   at System.Net.NameResolutionPal.ProcessResult(SocketError errorCode, GetAddrInfoExContext* context)
   at System.Net.NameResolutionPal.GetAddressInfoExCallback(Int32 error, Int32 bytes, NativeOverlapped* overlapped)
--- End of stack trace from previous location ---
   at Npgsql.TaskTimeoutAndCancellation.ExecuteAsync(Func`2 getTaskFunc, NpgsqlTimeout timeout, CancellationToken cancellationToken)
   at Npgsql.TaskTimeoutAndCancellation.ExecuteAsync[TResult](Func`2 getTaskFunc, NpgsqlTimeout timeout, CancellationToken cancellationToken)
   at Npgsql.Internal.NpgsqlConnector.ConnectAsync(NpgsqlTimeout timeout, CancellationToken cancellationToken)
   at Npgsql.Internal.NpgsqlConnector.RawOpen(SslMode sslMode, NpgsqlTimeout timeout, Boolean async, CancellationToken cancellationToken)
   at Npgsql.Internal.NpgsqlConnector.<Open>g__OpenCore|214_1(NpgsqlConnector conn, SslMode sslMode, NpgsqlTimeout timeout, Boolean async, CancellationToken cancellationToken)
   at Npgsql.Internal.NpgsqlConnector.Open(NpgsqlTimeout timeout, Boolean async, CancellationToken cancellationToken)
   at Npgsql.PoolingDataSource.OpenNewConnector(NpgsqlConnection conn, NpgsqlTimeout timeout, Boolean async, CancellationToken cancellationToken)
   at Npgsql.PoolingDataSource.<Get>g__RentAsync|33_0(NpgsqlConnection conn, NpgsqlTimeout timeout, Boolean async, CancellationToken cancellationToken)
   at Npgsql.NpgsqlConnection.<Open>g__OpenAsync|42_0(Boolean async, CancellationToken cancellationToken)
   at Microsoft.EntityFrameworkCore.Storage.RelationalConnection.OpenInternalAsync(Boolean errorsExpected, CancellationToken cancellationToken)
   at Microsoft.EntityFrameworkCore.Storage.RelationalConnection.OpenInternalAsync(Boolean errorsExpected, CancellationToken cancellationToken)
   at Microsoft.EntityFrameworkCore.Storage.RelationalConnection.OpenAsync(CancellationToken cancellationToken, Boolean errorsExpected)
   at Microsoft.EntityFrameworkCore.Storage.RelationalCommand.ExecuteReaderAsync(RelationalCommandParameterObject parameterObject, CancellationToken cancellationToken)
   at Microsoft.EntityFrameworkCore.Query.Internal.SingleQueryingEnumerable`1.AsyncEnumerator.InitializeReaderAsync(AsyncEnumerator enumerator, CancellationToken cancellationToken)
   at Npgsql.EntityFrameworkCore.PostgreSQL.Storage.Internal.NpgsqlExecutionStrategy.ExecuteAsync[TState,TResult](TState state, Func`4 operation, Func`4 verifySucceeded, CancellationToken cancellationToken)
   at Microsoft.EntityFrameworkCore.Query.Internal.SingleQueryingEnumerable`1.AsyncEnumerator.MoveNextAsync()
   at Microsoft.EntityFrameworkCore.EntityFrameworkQueryableExtensions.ToListAsync[TSource](IQueryable`1 source, CancellationToken cancellationToken)
   at Microsoft.EntityFrameworkCore.EntityFrameworkQueryableExtensions.ToListAsync[TSource](IQueryable`1 source, CancellationToken cancellationToken)
   at Freshwalk.API.Controllers.CatalogController.ShoeServices(CancellationToken cancellationToken) in D:\Projects\Freshwalk Shoe Cleaning web app\API\Freshwalk.API\Controllers\CatalogController.cs:line 20
   at Microsoft.AspNetCore.Mvc.Infrastructure.ActionMethodExecutor.TaskOfIActionResultExecutor.Execute(ActionContext actionContext, IActionResultTypeMapper mapper, ObjectMethodExecutor executor, Object controller, Object[] arguments)
   at Microsoft.AspNetCore.Mvc.Infrastructure.ControllerActionInvoker.<InvokeActionMethodAsync>g__Awaited|12_0(ControllerActionInvoker invoker, ValueTask`1 actionResultValueTask)
   at Microsoft.AspNetCore.Mvc.Infrastructure.ControllerActionInvoker.<InvokeNextActionFilterAsync>g__Awaited|10_0(ControllerActionInvoker invoker, Task lastTask, State next, Scope scope, Object state, Boolean isCompleted)
   at Microsoft.AspNetCore.Mvc.Infrastructure.ControllerActionInvoker.Rethrow(ActionExecutedContextSealed context)
   at Microsoft.AspNetCore.Mvc.Infrastructure.ControllerActionInvoker.Next(State& next, Scope& scope, Object& state, Boolean& isCompleted)
   at Microsoft.AspNetCore.Mvc.Infrastructure.ControllerActionInvoker.<InvokeInnerFilterAsync>g__Awaited|13_0(ControllerActionInvoker invoker, Task lastTask, State next, Scope scope, Object state, Boolean isCompleted)
   at Microsoft.AspNetCore.Mvc.Infrastructure.ResourceInvoker.<InvokeFilterPipelineAsync>g__Awaited|20_0(ResourceInvoker invoker, Task lastTask, State next, Scope scope, Object state, Boolean isCompleted)
   at Microsoft.AspNetCore.Mvc.Infrastructure.ResourceInvoker.<InvokeAsync>g__Awaited|17_0(ResourceInvoker invoker, Task task, IDisposable scope)
   at Microsoft.AspNetCore.Mvc.Infrastructure.ResourceInvoker.<InvokeAsync>g__Awaited|17_0(ResourceInvoker invoker, Task task, IDisposable scope)
   at Freshwalk.API.Logging.AuditRequestLoggingMiddleware.InvokeAsync(HttpContext context, RequestDelegate next) in D:\Projects\Freshwalk Shoe Cleaning web app\API\Freshwalk.API\Logging\AuditRequestLoggingMiddleware.cs:line 63
   at Freshwalk.API.Logging.AuditRequestLoggingMiddleware.InvokeAsync(HttpContext context, RequestDelegate next) in D:\Projects\Freshwalk Shoe Cleaning web app\API\Freshwalk.API\Logging\AuditRequestLoggingMiddleware.cs:line 91
   at Freshwalk.API.Logging.AuditRequestLoggingMiddleware.InvokeAsync(HttpContext context, RequestDelegate next) in D:\Projects\Freshwalk Shoe Cleaning web app\API\Freshwalk.API\Logging\AuditRequestLoggingMiddleware.cs:line 91
   at Microsoft.AspNetCore.Builder.UseMiddlewareExtensions.InterfaceMiddlewareBinder.<>c__DisplayClass2_0.<<CreateMiddleware>b__0>d.MoveNext()
--- End of stack trace from previous location ---
   at Microsoft.AspNetCore.Authorization.AuthorizationMiddleware.Invoke(HttpContext context)
   at Microsoft.AspNetCore.Authentication.AuthenticationMiddleware.Invoke(HttpContext context)
   at Serilog.AspNetCore.RequestLoggingMiddleware.Invoke(HttpContext httpContext)
2026-04-03 19:41:38.899 +03:00 [ERR] An unhandled exception has occurred while executing the request.
System.Net.Sockets.SocketException (11001): No such host is known.
   at System.Net.NameResolutionPal.ProcessResult(SocketError errorCode, GetAddrInfoExContext* context)
   at System.Net.NameResolutionPal.GetAddressInfoExCallback(Int32 error, Int32 bytes, NativeOverlapped* overlapped)
--- End of stack trace from previous location ---
   at Npgsql.TaskTimeoutAndCancellation.ExecuteAsync(Func`2 getTaskFunc, NpgsqlTimeout timeout, CancellationToken cancellationToken)
   at Npgsql.TaskTimeoutAndCancellation.ExecuteAsync[TResult](Func`2 getTaskFunc, NpgsqlTimeout timeout, CancellationToken cancellationToken)
   at Npgsql.Internal.NpgsqlConnector.ConnectAsync(NpgsqlTimeout timeout, CancellationToken cancellationToken)
   at Npgsql.Internal.NpgsqlConnector.RawOpen(SslMode sslMode, NpgsqlTimeout timeout, Boolean async, CancellationToken cancellationToken)
   at Npgsql.Internal.NpgsqlConnector.<Open>g__OpenCore|214_1(NpgsqlConnector conn, SslMode sslMode, NpgsqlTimeout timeout, Boolean async, CancellationToken cancellationToken)
   at Npgsql.Internal.NpgsqlConnector.Open(NpgsqlTimeout timeout, Boolean async, CancellationToken cancellationToken)
   at Npgsql.PoolingDataSource.OpenNewConnector(NpgsqlConnection conn, NpgsqlTimeout timeout, Boolean async, CancellationToken cancellationToken)
   at Npgsql.PoolingDataSource.<Get>g__RentAsync|33_0(NpgsqlConnection conn, NpgsqlTimeout timeout, Boolean async, CancellationToken cancellationToken)
   at Npgsql.NpgsqlConnection.<Open>g__OpenAsync|42_0(Boolean async, CancellationToken cancellationToken)
   at Microsoft.EntityFrameworkCore.Storage.RelationalConnection.OpenInternalAsync(Boolean errorsExpected, CancellationToken cancellationToken)
   at Microsoft.EntityFrameworkCore.Storage.RelationalConnection.OpenInternalAsync(Boolean errorsExpected, CancellationToken cancellationToken)
   at Microsoft.EntityFrameworkCore.Storage.RelationalConnection.OpenAsync(CancellationToken cancellationToken, Boolean errorsExpected)
   at Microsoft.EntityFrameworkCore.Storage.RelationalCommand.ExecuteReaderAsync(RelationalCommandParameterObject parameterObject, CancellationToken cancellationToken)
   at Microsoft.EntityFrameworkCore.Query.Internal.SingleQueryingEnumerable`1.AsyncEnumerator.InitializeReaderAsync(AsyncEnumerator enumerator, CancellationToken cancellationToken)
   at Npgsql.EntityFrameworkCore.PostgreSQL.Storage.Internal.NpgsqlExecutionStrategy.ExecuteAsync[TState,TResult](TState state, Func`4 operation, Func`4 verifySucceeded, CancellationToken cancellationToken)
   at Microsoft.EntityFrameworkCore.Query.Internal.SingleQueryingEnumerable`1.AsyncEnumerator.MoveNextAsync()
   at Microsoft.EntityFrameworkCore.EntityFrameworkQueryableExtensions.ToListAsync[TSource](IQueryable`1 source, CancellationToken cancellationToken)
   at Microsoft.EntityFrameworkCore.EntityFrameworkQueryableExtensions.ToListAsync[TSource](IQueryable`1 source, CancellationToken cancellationToken)
   at Freshwalk.API.Controllers.CatalogController.ShoeServices(CancellationToken cancellationToken) in D:\Projects\Freshwalk Shoe Cleaning web app\API\Freshwalk.API\Controllers\CatalogController.cs:line 20
   at Microsoft.AspNetCore.Mvc.Infrastructure.ActionMethodExecutor.TaskOfIActionResultExecutor.Execute(ActionContext actionContext, IActionResultTypeMapper mapper, ObjectMethodExecutor executor, Object controller, Object[] arguments)
   at Microsoft.AspNetCore.Mvc.Infrastructure.ControllerActionInvoker.<InvokeActionMethodAsync>g__Awaited|12_0(ControllerActionInvoker invoker, ValueTask`1 actionResultValueTask)
   at Microsoft.AspNetCore.Mvc.Infrastructure.ControllerActionInvoker.<InvokeNextActionFilterAsync>g__Awaited|10_0(ControllerActionInvoker invoker, Task lastTask, State next, Scope scope, Object state, Boolean isCompleted)
   at Microsoft.AspNetCore.Mvc.Infrastructure.ControllerActionInvoker.Rethrow(ActionExecutedContextSealed context)
   at Microsoft.AspNetCore.Mvc.Infrastructure.ControllerActionInvoker.Next(State& next, Scope& scope, Object& state, Boolean& isCompleted)
   at Microsoft.AspNetCore.Mvc.Infrastructure.ControllerActionInvoker.<InvokeInnerFilterAsync>g__Awaited|13_0(ControllerActionInvoker invoker, Task lastTask, State next, Scope scope, Object state, Boolean isCompleted)
   at Microsoft.AspNetCore.Mvc.Infrastructure.ResourceInvoker.<InvokeFilterPipelineAsync>g__Awaited|20_0(ResourceInvoker invoker, Task lastTask, State next, Scope scope, Object state, Boolean isCompleted)
   at Microsoft.AspNetCore.Mvc.Infrastructure.ResourceInvoker.<InvokeAsync>g__Awaited|17_0(ResourceInvoker invoker, Task task, IDisposable scope)
   at Microsoft.AspNetCore.Mvc.Infrastructure.ResourceInvoker.<InvokeAsync>g__Awaited|17_0(ResourceInvoker invoker, Task task, IDisposable scope)
   at Freshwalk.API.Logging.AuditRequestLoggingMiddleware.InvokeAsync(HttpContext context, RequestDelegate next) in D:\Projects\Freshwalk Shoe Cleaning web app\API\Freshwalk.API\Logging\AuditRequestLoggingMiddleware.cs:line 63
   at Freshwalk.API.Logging.AuditRequestLoggingMiddleware.InvokeAsync(HttpContext context, RequestDelegate next) in D:\Projects\Freshwalk Shoe Cleaning web app\API\Freshwalk.API\Logging\AuditRequestLoggingMiddleware.cs:line 91
   at Freshwalk.API.Logging.AuditRequestLoggingMiddleware.InvokeAsync(HttpContext context, RequestDelegate next) in D:\Projects\Freshwalk Shoe Cleaning web app\API\Freshwalk.API\Logging\AuditRequestLoggingMiddleware.cs:line 91
   at Microsoft.AspNetCore.Builder.UseMiddlewareExtensions.InterfaceMiddlewareBinder.<>c__DisplayClass2_0.<<CreateMiddleware>b__0>d.MoveNext()
--- End of stack trace from previous location ---
   at Microsoft.AspNetCore.Authorization.AuthorizationMiddleware.Invoke(HttpContext context)
   at Microsoft.AspNetCore.Authentication.AuthenticationMiddleware.Invoke(HttpContext context)
   at Serilog.AspNetCore.RequestLoggingMiddleware.Invoke(HttpContext httpContext)
   at Swashbuckle.AspNetCore.SwaggerUI.SwaggerUIMiddleware.Invoke(HttpContext httpContext)
   at Swashbuckle.AspNetCore.Swagger.SwaggerMiddleware.Invoke(HttpContext httpContext, ISwaggerProvider swaggerProvider)
   at Microsoft.AspNetCore.Diagnostics.DeveloperExceptionPageMiddlewareImpl.Invoke(HttpContext context)
2026-04-03 19:41:39.090 +03:00 [INF] HTTP OPTIONS /api/catalog/preview-pricing responded 204 in 0.0375 ms
2026-04-03 19:41:39.100 +03:00 [ERR] An error occurred using the connection to database 'postgres' on server 'tcp://aws-1-eu-west-1.pooler.supabase.com:5432'.
2026-04-03 19:41:39.105 +03:00 [ERR] An exception occurred while iterating over the results of a query for context type 'Freshwalk.Infrastructure.Data.AppDbContext'.
System.Net.Sockets.SocketException (11001): No such host is known.
   at System.Net.NameResolutionPal.ProcessResult(SocketError errorCode, GetAddrInfoExContext* context)
   at System.Net.NameResolutionPal.GetAddressInfoExCallback(Int32 error, Int32 bytes, NativeOverlapped* overlapped)
--- End of stack trace from previous location ---
   at Npgsql.TaskTimeoutAndCancellation.ExecuteAsync(Func`2 getTaskFunc, NpgsqlTimeout timeout, CancellationToken cancellationToken)
   at Npgsql.TaskTimeoutAndCancellation.ExecuteAsync[TResult](Func`2 getTaskFunc, NpgsqlTimeout timeout, CancellationToken cancellationToken)
   at Npgsql.Internal.NpgsqlConnector.ConnectAsync(NpgsqlTimeout timeout, CancellationToken cancellationToken)
   at Npgsql.Internal.NpgsqlConnector.RawOpen(SslMode sslMode, NpgsqlTimeout timeout, Boolean async, CancellationToken cancellationToken)
   at Npgsql.Internal.NpgsqlConnector.<Open>g__OpenCore|214_1(NpgsqlConnector conn, SslMode sslMode, NpgsqlTimeout timeout, Boolean async, CancellationToken cancellationToken)
   at Npgsql.Internal.NpgsqlConnector.Open(NpgsqlTimeout timeout, Boolean async, CancellationToken cancellationToken)
   at Npgsql.PoolingDataSource.OpenNewConnector(NpgsqlConnection conn, NpgsqlTimeout timeout, Boolean async, CancellationToken cancellationToken)
   at Npgsql.PoolingDataSource.<Get>g__RentAsync|33_0(NpgsqlConnection conn, NpgsqlTimeout timeout, Boolean async, CancellationToken cancellationToken)
   at Npgsql.NpgsqlConnection.<Open>g__OpenAsync|42_0(Boolean async, CancellationToken cancellationToken)
   at Microsoft.EntityFrameworkCore.Storage.RelationalConnection.OpenInternalAsync(Boolean errorsExpected, CancellationToken cancellationToken)
   at Microsoft.EntityFrameworkCore.Storage.RelationalConnection.OpenInternalAsync(Boolean errorsExpected, CancellationToken cancellationToken)
   at Microsoft.EntityFrameworkCore.Storage.RelationalConnection.OpenAsync(CancellationToken cancellationToken, Boolean errorsExpected)
   at Microsoft.EntityFrameworkCore.Storage.RelationalCommand.ExecuteReaderAsync(RelationalCommandParameterObject parameterObject, CancellationToken cancellationToken)
   at Microsoft.EntityFrameworkCore.Query.Internal.SingleQueryingEnumerable`1.AsyncEnumerator.InitializeReaderAsync(AsyncEnumerator enumerator, CancellationToken cancellationToken)
   at Npgsql.EntityFrameworkCore.PostgreSQL.Storage.Internal.NpgsqlExecutionStrategy.ExecuteAsync[TState,TResult](TState state, Func`4 operation, Func`4 verifySucceeded, CancellationToken cancellationToken)
   at Microsoft.EntityFrameworkCore.Query.Internal.SingleQueryingEnumerable`1.AsyncEnumerator.MoveNextAsync()
System.Net.Sockets.SocketException (11001): No such host is known.
   at System.Net.NameResolutionPal.ProcessResult(SocketError errorCode, GetAddrInfoExContext* context)
   at System.Net.NameResolutionPal.GetAddressInfoExCallback(Int32 error, Int32 bytes, NativeOverlapped* overlapped)
--- End of stack trace from previous location ---
   at Npgsql.TaskTimeoutAndCancellation.ExecuteAsync(Func`2 getTaskFunc, NpgsqlTimeout timeout, CancellationToken cancellationToken)
   at Npgsql.TaskTimeoutAndCancellation.ExecuteAsync[TResult](Func`2 getTaskFunc, NpgsqlTimeout timeout, CancellationToken cancellationToken)
   at Npgsql.Internal.NpgsqlConnector.ConnectAsync(NpgsqlTimeout timeout, CancellationToken cancellationToken)
   at Npgsql.Internal.NpgsqlConnector.RawOpen(SslMode sslMode, NpgsqlTimeout timeout, Boolean async, CancellationToken cancellationToken)
   at Npgsql.Internal.NpgsqlConnector.<Open>g__OpenCore|214_1(NpgsqlConnector conn, SslMode sslMode, NpgsqlTimeout timeout, Boolean async, CancellationToken cancellationToken)
   at Npgsql.Internal.NpgsqlConnector.Open(NpgsqlTimeout timeout, Boolean async, CancellationToken cancellationToken)
   at Npgsql.PoolingDataSource.OpenNewConnector(NpgsqlConnection conn, NpgsqlTimeout timeout, Boolean async, CancellationToken cancellationToken)
   at Npgsql.PoolingDataSource.<Get>g__RentAsync|33_0(NpgsqlConnection conn, NpgsqlTimeout timeout, Boolean async, CancellationToken cancellationToken)
   at Npgsql.NpgsqlConnection.<Open>g__OpenAsync|42_0(Boolean async, CancellationToken cancellationToken)
   at Microsoft.EntityFrameworkCore.Storage.RelationalConnection.OpenInternalAsync(Boolean errorsExpected, CancellationToken cancellationToken)
   at Microsoft.EntityFrameworkCore.Storage.RelationalConnection.OpenInternalAsync(Boolean errorsExpected, CancellationToken cancellationToken)
   at Microsoft.EntityFrameworkCore.Storage.RelationalConnection.OpenAsync(CancellationToken cancellationToken, Boolean errorsExpected)
   at Microsoft.EntityFrameworkCore.Storage.RelationalCommand.ExecuteReaderAsync(RelationalCommandParameterObject parameterObject, CancellationToken cancellationToken)
   at Microsoft.EntityFrameworkCore.Query.Internal.SingleQueryingEnumerable`1.AsyncEnumerator.InitializeReaderAsync(AsyncEnumerator enumerator, CancellationToken cancellationToken)
   at Npgsql.EntityFrameworkCore.PostgreSQL.Storage.Internal.NpgsqlExecutionStrategy.ExecuteAsync[TState,TResult](TState state, Func`4 operation, Func`4 verifySucceeded, CancellationToken cancellationToken)
   at Microsoft.EntityFrameworkCore.Query.Internal.SingleQueryingEnumerable`1.AsyncEnumerator.MoveNextAsync()
2026-04-03 19:41:39.160 +03:00 [ERR] HTTP POST /api/catalog/preview-pricing responded 500 in 65.3561 ms
System.Net.Sockets.SocketException (11001): No such host is known.
   at System.Net.NameResolutionPal.ProcessResult(SocketError errorCode, GetAddrInfoExContext* context)
   at System.Net.NameResolutionPal.GetAddressInfoExCallback(Int32 error, Int32 bytes, NativeOverlapped* overlapped)
--- End of stack trace from previous location ---
   at Npgsql.TaskTimeoutAndCancellation.ExecuteAsync(Func`2 getTaskFunc, NpgsqlTimeout timeout, CancellationToken cancellationToken)
   at Npgsql.TaskTimeoutAndCancellation.ExecuteAsync[TResult](Func`2 getTaskFunc, NpgsqlTimeout timeout, CancellationToken cancellationToken)
   at Npgsql.Internal.NpgsqlConnector.ConnectAsync(NpgsqlTimeout timeout, CancellationToken cancellationToken)
   at Npgsql.Internal.NpgsqlConnector.RawOpen(SslMode sslMode, NpgsqlTimeout timeout, Boolean async, CancellationToken cancellationToken)
   at Npgsql.Internal.NpgsqlConnector.<Open>g__OpenCore|214_1(NpgsqlConnector conn, SslMode sslMode, NpgsqlTimeout timeout, Boolean async, CancellationToken cancellationToken)
   at Npgsql.Internal.NpgsqlConnector.Open(NpgsqlTimeout timeout, Boolean async, CancellationToken cancellationToken)
   at Npgsql.PoolingDataSource.OpenNewConnector(NpgsqlConnection conn, NpgsqlTimeout timeout, Boolean async, CancellationToken cancellationToken)
   at Npgsql.PoolingDataSource.<Get>g__RentAsync|33_0(NpgsqlConnection conn, NpgsqlTimeout timeout, Boolean async, CancellationToken cancellationToken)
   at Npgsql.NpgsqlConnection.<Open>g__OpenAsync|42_0(Boolean async, CancellationToken cancellationToken)
   at Microsoft.EntityFrameworkCore.Storage.RelationalConnection.OpenInternalAsync(Boolean errorsExpected, CancellationToken cancellationToken)
   at Microsoft.EntityFrameworkCore.Storage.RelationalConnection.OpenInternalAsync(Boolean errorsExpected, CancellationToken cancellationToken)
   at Microsoft.EntityFrameworkCore.Storage.RelationalConnection.OpenAsync(CancellationToken cancellationToken, Boolean errorsExpected)
   at Microsoft.EntityFrameworkCore.Storage.RelationalCommand.ExecuteReaderAsync(RelationalCommandParameterObject parameterObject, CancellationToken cancellationToken)
   at Microsoft.EntityFrameworkCore.Query.Internal.SingleQueryingEnumerable`1.AsyncEnumerator.InitializeReaderAsync(AsyncEnumerator enumerator, CancellationToken cancellationToken)
   at Npgsql.EntityFrameworkCore.PostgreSQL.Storage.Internal.NpgsqlExecutionStrategy.ExecuteAsync[TState,TResult](TState state, Func`4 operation, Func`4 verifySucceeded, CancellationToken cancellationToken)
   at Microsoft.EntityFrameworkCore.Query.Internal.SingleQueryingEnumerable`1.AsyncEnumerator.MoveNextAsync()
   at Microsoft.EntityFrameworkCore.EntityFrameworkQueryableExtensions.ToListAsync[TSource](IQueryable`1 source, CancellationToken cancellationToken)
   at Microsoft.EntityFrameworkCore.EntityFrameworkQueryableExtensions.ToListAsync[TSource](IQueryable`1 source, CancellationToken cancellationToken)
   at Freshwalk.Infrastructure.Services.PricingService.CalculateBreakdownAsync(List`1 items, IReadOnlyList`1 addOns, CancellationToken cancellationToken) in D:\Projects\Freshwalk Shoe Cleaning web app\API\Freshwalk.Infrastructure\Services\PricingService.cs:line 38
   at Freshwalk.API.Controllers.CatalogController.PreviewPricing(PreviewPricingRequest request, CancellationToken cancellationToken) in D:\Projects\Freshwalk Shoe Cleaning web app\API\Freshwalk.API\Controllers\CatalogController.cs:line 53
   at Microsoft.AspNetCore.Mvc.Infrastructure.ActionMethodExecutor.TaskOfIActionResultExecutor.Execute(ActionContext actionContext, IActionResultTypeMapper mapper, ObjectMethodExecutor executor, Object controller, Object[] arguments)
   at Microsoft.AspNetCore.Mvc.Infrastructure.ControllerActionInvoker.<InvokeActionMethodAsync>g__Awaited|12_0(ControllerActionInvoker invoker, ValueTask`1 actionResultValueTask)
   at Microsoft.AspNetCore.Mvc.Infrastructure.ControllerActionInvoker.<InvokeNextActionFilterAsync>g__Awaited|10_0(ControllerActionInvoker invoker, Task lastTask, State next, Scope scope, Object state, Boolean isCompleted)
   at Microsoft.AspNetCore.Mvc.Infrastructure.ControllerActionInvoker.Rethrow(ActionExecutedContextSealed context)
   at Microsoft.AspNetCore.Mvc.Infrastructure.ControllerActionInvoker.Next(State& next, Scope& scope, Object& state, Boolean& isCompleted)
   at Microsoft.AspNetCore.Mvc.Infrastructure.ControllerActionInvoker.<InvokeInnerFilterAsync>g__Awaited|13_0(ControllerActionInvoker invoker, Task lastTask, State next, Scope scope, Object state, Boolean isCompleted)
   at Microsoft.AspNetCore.Mvc.Infrastructure.ResourceInvoker.<InvokeFilterPipelineAsync>g__Awaited|20_0(ResourceInvoker invoker, Task lastTask, State next, Scope scope, Object state, Boolean isCompleted)
   at Microsoft.AspNetCore.Mvc.Infrastructure.ResourceInvoker.<InvokeAsync>g__Awaited|17_0(ResourceInvoker invoker, Task task, IDisposable scope)
   at Microsoft.AspNetCore.Mvc.Infrastructure.ResourceInvoker.<InvokeAsync>g__Awaited|17_0(ResourceInvoker invoker, Task task, IDisposable scope)
   at Freshwalk.API.Logging.AuditRequestLoggingMiddleware.InvokeAsync(HttpContext context, RequestDelegate next) in D:\Projects\Freshwalk Shoe Cleaning web app\API\Freshwalk.API\Logging\AuditRequestLoggingMiddleware.cs:line 63
   at Freshwalk.API.Logging.AuditRequestLoggingMiddleware.InvokeAsync(HttpContext context, RequestDelegate next) in D:\Projects\Freshwalk Shoe Cleaning web app\API\Freshwalk.API\Logging\AuditRequestLoggingMiddleware.cs:line 91
   at Freshwalk.API.Logging.AuditRequestLoggingMiddleware.InvokeAsync(HttpContext context, RequestDelegate next) in D:\Projects\Freshwalk Shoe Cleaning web app\API\Freshwalk.API\Logging\AuditRequestLoggingMiddleware.cs:line 91
   at Microsoft.AspNetCore.Builder.UseMiddlewareExtensions.InterfaceMiddlewareBinder.<>c__DisplayClass2_0.<<CreateMiddleware>b__0>d.MoveNext()
--- End of stack trace from previous location ---
   at Microsoft.AspNetCore.Authorization.AuthorizationMiddleware.Invoke(HttpContext context)
   at Microsoft.AspNetCore.Authentication.AuthenticationMiddleware.Invoke(HttpContext context)
   at Serilog.AspNetCore.RequestLoggingMiddleware.Invoke(HttpContext httpContext)
2026-04-03 19:41:39.187 +03:00 [ERR] An unhandled exception has occurred while executing the request.
System.Net.Sockets.SocketException (11001): No such host is known.
   at System.Net.NameResolutionPal.ProcessResult(SocketError errorCode, GetAddrInfoExContext* context)
   at System.Net.NameResolutionPal.GetAddressInfoExCallback(Int32 error, Int32 bytes, NativeOverlapped* overlapped)
--- End of stack trace from previous location ---
   at Npgsql.TaskTimeoutAndCancellation.ExecuteAsync(Func`2 getTaskFunc, NpgsqlTimeout timeout, CancellationToken cancellationToken)
   at Npgsql.TaskTimeoutAndCancellation.ExecuteAsync[TResult](Func`2 getTaskFunc, NpgsqlTimeout timeout, CancellationToken cancellationToken)
   at Npgsql.Internal.NpgsqlConnector.ConnectAsync(NpgsqlTimeout timeout, CancellationToken cancellationToken)
   at Npgsql.Internal.NpgsqlConnector.RawOpen(SslMode sslMode, NpgsqlTimeout timeout, Boolean async, CancellationToken cancellationToken)
   at Npgsql.Internal.NpgsqlConnector.<Open>g__OpenCore|214_1(NpgsqlConnector conn, SslMode sslMode, NpgsqlTimeout timeout, Boolean async, CancellationToken cancellationToken)
   at Npgsql.Internal.NpgsqlConnector.Open(NpgsqlTimeout timeout, Boolean async, CancellationToken cancellationToken)
   at Npgsql.PoolingDataSource.OpenNewConnector(NpgsqlConnection conn, NpgsqlTimeout timeout, Boolean async, CancellationToken cancellationToken)
   at Npgsql.PoolingDataSource.<Get>g__RentAsync|33_0(NpgsqlConnection conn, NpgsqlTimeout timeout, Boolean async, CancellationToken cancellationToken)
   at Npgsql.NpgsqlConnection.<Open>g__OpenAsync|42_0(Boolean async, CancellationToken cancellationToken)
   at Microsoft.EntityFrameworkCore.Storage.RelationalConnection.OpenInternalAsync(Boolean errorsExpected, CancellationToken cancellationToken)
   at Microsoft.EntityFrameworkCore.Storage.RelationalConnection.OpenInternalAsync(Boolean errorsExpected, CancellationToken cancellationToken)
   at Microsoft.EntityFrameworkCore.Storage.RelationalConnection.OpenAsync(CancellationToken cancellationToken, Boolean errorsExpected)
   at Microsoft.EntityFrameworkCore.Storage.RelationalCommand.ExecuteReaderAsync(RelationalCommandParameterObject parameterObject, CancellationToken cancellationToken)
   at Microsoft.EntityFrameworkCore.Query.Internal.SingleQueryingEnumerable`1.AsyncEnumerator.InitializeReaderAsync(AsyncEnumerator enumerator, CancellationToken cancellationToken)
   at Npgsql.EntityFrameworkCore.PostgreSQL.Storage.Internal.NpgsqlExecutionStrategy.ExecuteAsync[TState,TResult](TState state, Func`4 operation, Func`4 verifySucceeded, CancellationToken cancellationToken)
   at Microsoft.EntityFrameworkCore.Query.Internal.SingleQueryingEnumerable`1.AsyncEnumerator.MoveNextAsync()
   at Microsoft.EntityFrameworkCore.EntityFrameworkQueryableExtensions.ToListAsync[TSource](IQueryable`1 source, CancellationToken cancellationToken)
   at Microsoft.EntityFrameworkCore.EntityFrameworkQueryableExtensions.ToListAsync[TSource](IQueryable`1 source, CancellationToken cancellationToken)
   at Freshwalk.Infrastructure.Services.PricingService.CalculateBreakdownAsync(List`1 items, IReadOnlyList`1 addOns, CancellationToken cancellationToken) in D:\Projects\Freshwalk Shoe Cleaning web app\API\Freshwalk.Infrastructure\Services\PricingService.cs:line 38
   at Freshwalk.API.Controllers.CatalogController.PreviewPricing(PreviewPricingRequest request, CancellationToken cancellationToken) in D:\Projects\Freshwalk Shoe Cleaning web app\API\Freshwalk.API\Controllers\CatalogController.cs:line 53
   at Microsoft.AspNetCore.Mvc.Infrastructure.ActionMethodExecutor.TaskOfIActionResultExecutor.Execute(ActionContext actionContext, IActionResultTypeMapper mapper, ObjectMethodExecutor executor, Object controller, Object[] arguments)
   at Microsoft.AspNetCore.Mvc.Infrastructure.ControllerActionInvoker.<InvokeActionMethodAsync>g__Awaited|12_0(ControllerActionInvoker invoker, ValueTask`1 actionResultValueTask)
   at Microsoft.AspNetCore.Mvc.Infrastructure.ControllerActionInvoker.<InvokeNextActionFilterAsync>g__Awaited|10_0(ControllerActionInvoker invoker, Task lastTask, State next, Scope scope, Object state, Boolean isCompleted)
   at Microsoft.AspNetCore.Mvc.Infrastructure.ControllerActionInvoker.Rethrow(ActionExecutedContextSealed context)
   at Microsoft.AspNetCore.Mvc.Infrastructure.ControllerActionInvoker.Next(State& next, Scope& scope, Object& state, Boolean& isCompleted)
   at Microsoft.AspNetCore.Mvc.Infrastructure.ControllerActionInvoker.<InvokeInnerFilterAsync>g__Awaited|13_0(ControllerActionInvoker invoker, Task lastTask, State next, Scope scope, Object state, Boolean isCompleted)
   at Microsoft.AspNetCore.Mvc.Infrastructure.ResourceInvoker.<InvokeFilterPipelineAsync>g__Awaited|20_0(ResourceInvoker invoker, Task lastTask, State next, Scope scope, Object state, Boolean isCompleted)
   at Microsoft.AspNetCore.Mvc.Infrastructure.ResourceInvoker.<InvokeAsync>g__Awaited|17_0(ResourceInvoker invoker, Task task, IDisposable scope)
   at Microsoft.AspNetCore.Mvc.Infrastructure.ResourceInvoker.<InvokeAsync>g__Awaited|17_0(ResourceInvoker invoker, Task task, IDisposable scope)
   at Freshwalk.API.Logging.AuditRequestLoggingMiddleware.InvokeAsync(HttpContext context, RequestDelegate next) in D:\Projects\Freshwalk Shoe Cleaning web app\API\Freshwalk.API\Logging\AuditRequestLoggingMiddleware.cs:line 63
   at Freshwalk.API.Logging.AuditRequestLoggingMiddleware.InvokeAsync(HttpContext context, RequestDelegate next) in D:\Projects\Freshwalk Shoe Cleaning web app\API\Freshwalk.API\Logging\AuditRequestLoggingMiddleware.cs:line 91
   at Freshwalk.API.Logging.AuditRequestLoggingMiddleware.InvokeAsync(HttpContext context, RequestDelegate next) in D:\Projects\Freshwalk Shoe Cleaning web app\API\Freshwalk.API\Logging\AuditRequestLoggingMiddleware.cs:line 91
   at Microsoft.AspNetCore.Builder.UseMiddlewareExtensions.InterfaceMiddlewareBinder.<>c__DisplayClass2_0.<<CreateMiddleware>b__0>d.MoveNext()
--- End of stack trace from previous location ---
   at Microsoft.AspNetCore.Authorization.AuthorizationMiddleware.Invoke(HttpContext context)
   at Microsoft.AspNetCore.Authentication.AuthenticationMiddleware.Invoke(HttpContext context)
   at Serilog.AspNetCore.RequestLoggingMiddleware.Invoke(HttpContext httpContext)
   at Swashbuckle.AspNetCore.SwaggerUI.SwaggerUIMiddleware.Invoke(HttpContext httpContext)
   at Swashbuckle.AspNetCore.Swagger.SwaggerMiddleware.Invoke(HttpContext httpContext, ISwaggerProvider swaggerProvider)
   at Microsoft.AspNetCore.Diagnostics.DeveloperExceptionPageMiddlewareImpl.Invoke(HttpContext context)
2026-04-03 19:43:33.810 +03:00 [INF] HTTP OPTIONS /api/catalog/shoe-services responded 204 in 0.0643 ms
2026-04-03 19:43:33.810 +03:00 [INF] HTTP OPTIONS /api/catalog/shoe-services responded 204 in 0.0343 ms
2026-04-03 19:43:33.825 +03:00 [ERR] An error occurred using the connection to database 'postgres' on server 'tcp://aws-1-eu-west-1.pooler.supabase.com:5432'.
2026-04-03 19:43:33.830 +03:00 [ERR] An exception occurred while iterating over the results of a query for context type 'Freshwalk.Infrastructure.Data.AppDbContext'.
System.Net.Sockets.SocketException (11001): No such host is known.
   at System.Net.NameResolutionPal.ProcessResult(SocketError errorCode, GetAddrInfoExContext* context)
   at System.Net.NameResolutionPal.GetAddressInfoExCallback(Int32 error, Int32 bytes, NativeOverlapped* overlapped)
--- End of stack trace from previous location ---
   at Npgsql.TaskTimeoutAndCancellation.ExecuteAsync(Func`2 getTaskFunc, NpgsqlTimeout timeout, CancellationToken cancellationToken)
   at Npgsql.TaskTimeoutAndCancellation.ExecuteAsync[TResult](Func`2 getTaskFunc, NpgsqlTimeout timeout, CancellationToken cancellationToken)
   at Npgsql.Internal.NpgsqlConnector.ConnectAsync(NpgsqlTimeout timeout, CancellationToken cancellationToken)
   at Npgsql.Internal.NpgsqlConnector.RawOpen(SslMode sslMode, NpgsqlTimeout timeout, Boolean async, CancellationToken cancellationToken)
   at Npgsql.Internal.NpgsqlConnector.<Open>g__OpenCore|214_1(NpgsqlConnector conn, SslMode sslMode, NpgsqlTimeout timeout, Boolean async, CancellationToken cancellationToken)
   at Npgsql.Internal.NpgsqlConnector.Open(NpgsqlTimeout timeout, Boolean async, CancellationToken cancellationToken)
   at Npgsql.PoolingDataSource.OpenNewConnector(NpgsqlConnection conn, NpgsqlTimeout timeout, Boolean async, CancellationToken cancellationToken)
   at Npgsql.PoolingDataSource.<Get>g__RentAsync|33_0(NpgsqlConnection conn, NpgsqlTimeout timeout, Boolean async, CancellationToken cancellationToken)
   at Npgsql.NpgsqlConnection.<Open>g__OpenAsync|42_0(Boolean async, CancellationToken cancellationToken)
   at Microsoft.EntityFrameworkCore.Storage.RelationalConnection.OpenInternalAsync(Boolean errorsExpected, CancellationToken cancellationToken)
   at Microsoft.EntityFrameworkCore.Storage.RelationalConnection.OpenInternalAsync(Boolean errorsExpected, CancellationToken cancellationToken)
   at Microsoft.EntityFrameworkCore.Storage.RelationalConnection.OpenAsync(CancellationToken cancellationToken, Boolean errorsExpected)
   at Microsoft.EntityFrameworkCore.Storage.RelationalCommand.ExecuteReaderAsync(RelationalCommandParameterObject parameterObject, CancellationToken cancellationToken)
   at Microsoft.EntityFrameworkCore.Query.Internal.SingleQueryingEnumerable`1.AsyncEnumerator.InitializeReaderAsync(AsyncEnumerator enumerator, CancellationToken cancellationToken)
   at Npgsql.EntityFrameworkCore.PostgreSQL.Storage.Internal.NpgsqlExecutionStrategy.ExecuteAsync[TState,TResult](TState state, Func`4 operation, Func`4 verifySucceeded, CancellationToken cancellationToken)
   at Microsoft.EntityFrameworkCore.Query.Internal.SingleQueryingEnumerable`1.AsyncEnumerator.MoveNextAsync()
System.Net.Sockets.SocketException (11001): No such host is known.
   at System.Net.NameResolutionPal.ProcessResult(SocketError errorCode, GetAddrInfoExContext* context)
   at System.Net.NameResolutionPal.GetAddressInfoExCallback(Int32 error, Int32 bytes, NativeOverlapped* overlapped)
--- End of stack trace from previous location ---
   at Npgsql.TaskTimeoutAndCancellation.ExecuteAsync(Func`2 getTaskFunc, NpgsqlTimeout timeout, CancellationToken cancellationToken)
   at Npgsql.TaskTimeoutAndCancellation.ExecuteAsync[TResult](Func`2 getTaskFunc, NpgsqlTimeout timeout, CancellationToken cancellationToken)
   at Npgsql.Internal.NpgsqlConnector.ConnectAsync(NpgsqlTimeout timeout, CancellationToken cancellationToken)
   at Npgsql.Internal.NpgsqlConnector.RawOpen(SslMode sslMode, NpgsqlTimeout timeout, Boolean async, CancellationToken cancellationToken)
   at Npgsql.Internal.NpgsqlConnector.<Open>g__OpenCore|214_1(NpgsqlConnector conn, SslMode sslMode, NpgsqlTimeout timeout, Boolean async, CancellationToken cancellationToken)
   at Npgsql.Internal.NpgsqlConnector.Open(NpgsqlTimeout timeout, Boolean async, CancellationToken cancellationToken)
   at Npgsql.PoolingDataSource.OpenNewConnector(NpgsqlConnection conn, NpgsqlTimeout timeout, Boolean async, CancellationToken cancellationToken)
   at Npgsql.PoolingDataSource.<Get>g__RentAsync|33_0(NpgsqlConnection conn, NpgsqlTimeout timeout, Boolean async, CancellationToken cancellationToken)
   at Npgsql.NpgsqlConnection.<Open>g__OpenAsync|42_0(Boolean async, CancellationToken cancellationToken)
   at Microsoft.EntityFrameworkCore.Storage.RelationalConnection.OpenInternalAsync(Boolean errorsExpected, CancellationToken cancellationToken)
   at Microsoft.EntityFrameworkCore.Storage.RelationalConnection.OpenInternalAsync(Boolean errorsExpected, CancellationToken cancellationToken)
   at Microsoft.EntityFrameworkCore.Storage.RelationalConnection.OpenAsync(CancellationToken cancellationToken, Boolean errorsExpected)
   at Microsoft.EntityFrameworkCore.Storage.RelationalCommand.ExecuteReaderAsync(RelationalCommandParameterObject parameterObject, CancellationToken cancellationToken)
   at Microsoft.EntityFrameworkCore.Query.Internal.SingleQueryingEnumerable`1.AsyncEnumerator.InitializeReaderAsync(AsyncEnumerator enumerator, CancellationToken cancellationToken)
   at Npgsql.EntityFrameworkCore.PostgreSQL.Storage.Internal.NpgsqlExecutionStrategy.ExecuteAsync[TState,TResult](TState state, Func`4 operation, Func`4 verifySucceeded, CancellationToken cancellationToken)
   at Microsoft.EntityFrameworkCore.Query.Internal.SingleQueryingEnumerable`1.AsyncEnumerator.MoveNextAsync()
2026-04-03 19:43:33.868 +03:00 [ERR] HTTP GET /api/catalog/shoe-services responded 500 in 46.5752 ms
System.Net.Sockets.SocketException (11001): No such host is known.
   at System.Net.NameResolutionPal.ProcessResult(SocketError errorCode, GetAddrInfoExContext* context)
   at System.Net.NameResolutionPal.GetAddressInfoExCallback(Int32 error, Int32 bytes, NativeOverlapped* overlapped)
--- End of stack trace from previous location ---
   at Npgsql.TaskTimeoutAndCancellation.ExecuteAsync(Func`2 getTaskFunc, NpgsqlTimeout timeout, CancellationToken cancellationToken)
   at Npgsql.TaskTimeoutAndCancellation.ExecuteAsync[TResult](Func`2 getTaskFunc, NpgsqlTimeout timeout, CancellationToken cancellationToken)
   at Npgsql.Internal.NpgsqlConnector.ConnectAsync(NpgsqlTimeout timeout, CancellationToken cancellationToken)
   at Npgsql.Internal.NpgsqlConnector.RawOpen(SslMode sslMode, NpgsqlTimeout timeout, Boolean async, CancellationToken cancellationToken)
   at Npgsql.Internal.NpgsqlConnector.<Open>g__OpenCore|214_1(NpgsqlConnector conn, SslMode sslMode, NpgsqlTimeout timeout, Boolean async, CancellationToken cancellationToken)
   at Npgsql.Internal.NpgsqlConnector.Open(NpgsqlTimeout timeout, Boolean async, CancellationToken cancellationToken)
   at Npgsql.PoolingDataSource.OpenNewConnector(NpgsqlConnection conn, NpgsqlTimeout timeout, Boolean async, CancellationToken cancellationToken)
   at Npgsql.PoolingDataSource.<Get>g__RentAsync|33_0(NpgsqlConnection conn, NpgsqlTimeout timeout, Boolean async, CancellationToken cancellationToken)
   at Npgsql.NpgsqlConnection.<Open>g__OpenAsync|42_0(Boolean async, CancellationToken cancellationToken)
   at Microsoft.EntityFrameworkCore.Storage.RelationalConnection.OpenInternalAsync(Boolean errorsExpected, CancellationToken cancellationToken)
   at Microsoft.EntityFrameworkCore.Storage.RelationalConnection.OpenInternalAsync(Boolean errorsExpected, CancellationToken cancellationToken)
   at Microsoft.EntityFrameworkCore.Storage.RelationalConnection.OpenAsync(CancellationToken cancellationToken, Boolean errorsExpected)
   at Microsoft.EntityFrameworkCore.Storage.RelationalCommand.ExecuteReaderAsync(RelationalCommandParameterObject parameterObject, CancellationToken cancellationToken)
   at Microsoft.EntityFrameworkCore.Query.Internal.SingleQueryingEnumerable`1.AsyncEnumerator.InitializeReaderAsync(AsyncEnumerator enumerator, CancellationToken cancellationToken)
   at Npgsql.EntityFrameworkCore.PostgreSQL.Storage.Internal.NpgsqlExecutionStrategy.ExecuteAsync[TState,TResult](TState state, Func`4 operation, Func`4 verifySucceeded, CancellationToken cancellationToken)
   at Microsoft.EntityFrameworkCore.Query.Internal.SingleQueryingEnumerable`1.AsyncEnumerator.MoveNextAsync()
   at Microsoft.EntityFrameworkCore.EntityFrameworkQueryableExtensions.ToListAsync[TSource](IQueryable`1 source, CancellationToken cancellationToken)
   at Microsoft.EntityFrameworkCore.EntityFrameworkQueryableExtensions.ToListAsync[TSource](IQueryable`1 source, CancellationToken cancellationToken)
   at Freshwalk.API.Controllers.CatalogController.ShoeServices(CancellationToken cancellationToken) in D:\Projects\Freshwalk Shoe Cleaning web app\API\Freshwalk.API\Controllers\CatalogController.cs:line 20
   at Microsoft.AspNetCore.Mvc.Infrastructure.ActionMethodExecutor.TaskOfIActionResultExecutor.Execute(ActionContext actionContext, IActionResultTypeMapper mapper, ObjectMethodExecutor executor, Object controller, Object[] arguments)
   at Microsoft.AspNetCore.Mvc.Infrastructure.ControllerActionInvoker.<InvokeActionMethodAsync>g__Awaited|12_0(ControllerActionInvoker invoker, ValueTask`1 actionResultValueTask)
   at Microsoft.AspNetCore.Mvc.Infrastructure.ControllerActionInvoker.<InvokeNextActionFilterAsync>g__Awaited|10_0(ControllerActionInvoker invoker, Task lastTask, State next, Scope scope, Object state, Boolean isCompleted)
   at Microsoft.AspNetCore.Mvc.Infrastructure.ControllerActionInvoker.Rethrow(ActionExecutedContextSealed context)
   at Microsoft.AspNetCore.Mvc.Infrastructure.ControllerActionInvoker.Next(State& next, Scope& scope, Object& state, Boolean& isCompleted)
   at Microsoft.AspNetCore.Mvc.Infrastructure.ControllerActionInvoker.<InvokeInnerFilterAsync>g__Awaited|13_0(ControllerActionInvoker invoker, Task lastTask, State next, Scope scope, Object state, Boolean isCompleted)
   at Microsoft.AspNetCore.Mvc.Infrastructure.ResourceInvoker.<InvokeFilterPipelineAsync>g__Awaited|20_0(ResourceInvoker invoker, Task lastTask, State next, Scope scope, Object state, Boolean isCompleted)
   at Microsoft.AspNetCore.Mvc.Infrastructure.ResourceInvoker.<InvokeAsync>g__Awaited|17_0(ResourceInvoker invoker, Task task, IDisposable scope)
   at Microsoft.AspNetCore.Mvc.Infrastructure.ResourceInvoker.<InvokeAsync>g__Awaited|17_0(ResourceInvoker invoker, Task task, IDisposable scope)
   at Freshwalk.API.Logging.AuditRequestLoggingMiddleware.InvokeAsync(HttpContext context, RequestDelegate next) in D:\Projects\Freshwalk Shoe Cleaning web app\API\Freshwalk.API\Logging\AuditRequestLoggingMiddleware.cs:line 63
   at Freshwalk.API.Logging.AuditRequestLoggingMiddleware.InvokeAsync(HttpContext context, RequestDelegate next) in D:\Projects\Freshwalk Shoe Cleaning web app\API\Freshwalk.API\Logging\AuditRequestLoggingMiddleware.cs:line 91
   at Freshwalk.API.Logging.AuditRequestLoggingMiddleware.InvokeAsync(HttpContext context, RequestDelegate next) in D:\Projects\Freshwalk Shoe Cleaning web app\API\Freshwalk.API\Logging\AuditRequestLoggingMiddleware.cs:line 91
   at Microsoft.AspNetCore.Builder.UseMiddlewareExtensions.InterfaceMiddlewareBinder.<>c__DisplayClass2_0.<<CreateMiddleware>b__0>d.MoveNext()
--- End of stack trace from previous location ---
   at Microsoft.AspNetCore.Authorization.AuthorizationMiddleware.Invoke(HttpContext context)
   at Microsoft.AspNetCore.Authentication.AuthenticationMiddleware.Invoke(HttpContext context)
   at Serilog.AspNetCore.RequestLoggingMiddleware.Invoke(HttpContext httpContext)
2026-04-03 19:43:33.887 +03:00 [ERR] An unhandled exception has occurred while executing the request.
System.Net.Sockets.SocketException (11001): No such host is known.
   at System.Net.NameResolutionPal.ProcessResult(SocketError errorCode, GetAddrInfoExContext* context)
   at System.Net.NameResolutionPal.GetAddressInfoExCallback(Int32 error, Int32 bytes, NativeOverlapped* overlapped)
--- End of stack trace from previous location ---
   at Npgsql.TaskTimeoutAndCancellation.ExecuteAsync(Func`2 getTaskFunc, NpgsqlTimeout timeout, CancellationToken cancellationToken)
   at Npgsql.TaskTimeoutAndCancellation.ExecuteAsync[TResult](Func`2 getTaskFunc, NpgsqlTimeout timeout, CancellationToken cancellationToken)
   at Npgsql.Internal.NpgsqlConnector.ConnectAsync(NpgsqlTimeout timeout, CancellationToken cancellationToken)
   at Npgsql.Internal.NpgsqlConnector.RawOpen(SslMode sslMode, NpgsqlTimeout timeout, Boolean async, CancellationToken cancellationToken)
   at Npgsql.Internal.NpgsqlConnector.<Open>g__OpenCore|214_1(NpgsqlConnector conn, SslMode sslMode, NpgsqlTimeout timeout, Boolean async, CancellationToken cancellationToken)
   at Npgsql.Internal.NpgsqlConnector.Open(NpgsqlTimeout timeout, Boolean async, CancellationToken cancellationToken)
   at Npgsql.PoolingDataSource.OpenNewConnector(NpgsqlConnection conn, NpgsqlTimeout timeout, Boolean async, CancellationToken cancellationToken)
   at Npgsql.PoolingDataSource.<Get>g__RentAsync|33_0(NpgsqlConnection conn, NpgsqlTimeout timeout, Boolean async, CancellationToken cancellationToken)
   at Npgsql.NpgsqlConnection.<Open>g__OpenAsync|42_0(Boolean async, CancellationToken cancellationToken)
   at Microsoft.EntityFrameworkCore.Storage.RelationalConnection.OpenInternalAsync(Boolean errorsExpected, CancellationToken cancellationToken)
   at Microsoft.EntityFrameworkCore.Storage.RelationalConnection.OpenInternalAsync(Boolean errorsExpected, CancellationToken cancellationToken)
   at Microsoft.EntityFrameworkCore.Storage.RelationalConnection.OpenAsync(CancellationToken cancellationToken, Boolean errorsExpected)
   at Microsoft.EntityFrameworkCore.Storage.RelationalCommand.ExecuteReaderAsync(RelationalCommandParameterObject parameterObject, CancellationToken cancellationToken)
   at Microsoft.EntityFrameworkCore.Query.Internal.SingleQueryingEnumerable`1.AsyncEnumerator.InitializeReaderAsync(AsyncEnumerator enumerator, CancellationToken cancellationToken)
   at Npgsql.EntityFrameworkCore.PostgreSQL.Storage.Internal.NpgsqlExecutionStrategy.ExecuteAsync[TState,TResult](TState state, Func`4 operation, Func`4 verifySucceeded, CancellationToken cancellationToken)
   at Microsoft.EntityFrameworkCore.Query.Internal.SingleQueryingEnumerable`1.AsyncEnumerator.MoveNextAsync()
   at Microsoft.EntityFrameworkCore.EntityFrameworkQueryableExtensions.ToListAsync[TSource](IQueryable`1 source, CancellationToken cancellationToken)
   at Microsoft.EntityFrameworkCore.EntityFrameworkQueryableExtensions.ToListAsync[TSource](IQueryable`1 source, CancellationToken cancellationToken)
   at Freshwalk.API.Controllers.CatalogController.ShoeServices(CancellationToken cancellationToken) in D:\Projects\Freshwalk Shoe Cleaning web app\API\Freshwalk.API\Controllers\CatalogController.cs:line 20
   at Microsoft.AspNetCore.Mvc.Infrastructure.ActionMethodExecutor.TaskOfIActionResultExecutor.Execute(ActionContext actionContext, IActionResultTypeMapper mapper, ObjectMethodExecutor executor, Object controller, Object[] arguments)
   at Microsoft.AspNetCore.Mvc.Infrastructure.ControllerActionInvoker.<InvokeActionMethodAsync>g__Awaited|12_0(ControllerActionInvoker invoker, ValueTask`1 actionResultValueTask)
   at Microsoft.AspNetCore.Mvc.Infrastructure.ControllerActionInvoker.<InvokeNextActionFilterAsync>g__Awaited|10_0(ControllerActionInvoker invoker, Task lastTask, State next, Scope scope, Object state, Boolean isCompleted)
   at Microsoft.AspNetCore.Mvc.Infrastructure.ControllerActionInvoker.Rethrow(ActionExecutedContextSealed context)
   at Microsoft.AspNetCore.Mvc.Infrastructure.ControllerActionInvoker.Next(State& next, Scope& scope, Object& state, Boolean& isCompleted)
   at Microsoft.AspNetCore.Mvc.Infrastructure.ControllerActionInvoker.<InvokeInnerFilterAsync>g__Awaited|13_0(ControllerActionInvoker invoker, Task lastTask, State next, Scope scope, Object state, Boolean isCompleted)
   at Microsoft.AspNetCore.Mvc.Infrastructure.ResourceInvoker.<InvokeFilterPipelineAsync>g__Awaited|20_0(ResourceInvoker invoker, Task lastTask, State next, Scope scope, Object state, Boolean isCompleted)
   at Microsoft.AspNetCore.Mvc.Infrastructure.ResourceInvoker.<InvokeAsync>g__Awaited|17_0(ResourceInvoker invoker, Task task, IDisposable scope)
   at Microsoft.AspNetCore.Mvc.Infrastructure.ResourceInvoker.<InvokeAsync>g__Awaited|17_0(ResourceInvoker invoker, Task task, IDisposable scope)
   at Freshwalk.API.Logging.AuditRequestLoggingMiddleware.InvokeAsync(HttpContext context, RequestDelegate next) in D:\Projects\Freshwalk Shoe Cleaning web app\API\Freshwalk.API\Logging\AuditRequestLoggingMiddleware.cs:line 63
   at Freshwalk.API.Logging.AuditRequestLoggingMiddleware.InvokeAsync(HttpContext context, RequestDelegate next) in D:\Projects\Freshwalk Shoe Cleaning web app\API\Freshwalk.API\Logging\AuditRequestLoggingMiddleware.cs:line 91
   at Freshwalk.API.Logging.AuditRequestLoggingMiddleware.InvokeAsync(HttpContext context, RequestDelegate next) in D:\Projects\Freshwalk Shoe Cleaning web app\API\Freshwalk.API\Logging\AuditRequestLoggingMiddleware.cs:line 91
   at Microsoft.AspNetCore.Builder.UseMiddlewareExtensions.InterfaceMiddlewareBinder.<>c__DisplayClass2_0.<<CreateMiddleware>b__0>d.MoveNext()
--- End of stack trace from previous location ---
   at Microsoft.AspNetCore.Authorization.AuthorizationMiddleware.Invoke(HttpContext context)
   at Microsoft.AspNetCore.Authentication.AuthenticationMiddleware.Invoke(HttpContext context)
   at Serilog.AspNetCore.RequestLoggingMiddleware.Invoke(HttpContext httpContext)
   at Swashbuckle.AspNetCore.SwaggerUI.SwaggerUIMiddleware.Invoke(HttpContext httpContext)
   at Swashbuckle.AspNetCore.Swagger.SwaggerMiddleware.Invoke(HttpContext httpContext, ISwaggerProvider swaggerProvider)
   at Microsoft.AspNetCore.Diagnostics.DeveloperExceptionPageMiddlewareImpl.Invoke(HttpContext context)
2026-04-03 19:43:33.933 +03:00 [ERR] An error occurred using the connection to database 'postgres' on server 'tcp://aws-1-eu-west-1.pooler.supabase.com:5432'.
2026-04-03 19:43:33.936 +03:00 [ERR] An exception occurred while iterating over the results of a query for context type 'Freshwalk.Infrastructure.Data.AppDbContext'.
System.Net.Sockets.SocketException (11001): No such host is known.
   at System.Net.NameResolutionPal.ProcessResult(SocketError errorCode, GetAddrInfoExContext* context)
   at System.Net.NameResolutionPal.GetAddressInfoExCallback(Int32 error, Int32 bytes, NativeOverlapped* overlapped)
--- End of stack trace from previous location ---
   at Npgsql.TaskTimeoutAndCancellation.ExecuteAsync(Func`2 getTaskFunc, NpgsqlTimeout timeout, CancellationToken cancellationToken)
   at Npgsql.TaskTimeoutAndCancellation.ExecuteAsync[TResult](Func`2 getTaskFunc, NpgsqlTimeout timeout, CancellationToken cancellationToken)
   at Npgsql.Internal.NpgsqlConnector.ConnectAsync(NpgsqlTimeout timeout, CancellationToken cancellationToken)
   at Npgsql.Internal.NpgsqlConnector.RawOpen(SslMode sslMode, NpgsqlTimeout timeout, Boolean async, CancellationToken cancellationToken)
   at Npgsql.Internal.NpgsqlConnector.<Open>g__OpenCore|214_1(NpgsqlConnector conn, SslMode sslMode, NpgsqlTimeout timeout, Boolean async, CancellationToken cancellationToken)
   at Npgsql.Internal.NpgsqlConnector.Open(NpgsqlTimeout timeout, Boolean async, CancellationToken cancellationToken)
   at Npgsql.PoolingDataSource.OpenNewConnector(NpgsqlConnection conn, NpgsqlTimeout timeout, Boolean async, CancellationToken cancellationToken)
   at Npgsql.PoolingDataSource.<Get>g__RentAsync|33_0(NpgsqlConnection conn, NpgsqlTimeout timeout, Boolean async, CancellationToken cancellationToken)
   at Npgsql.NpgsqlConnection.<Open>g__OpenAsync|42_0(Boolean async, CancellationToken cancellationToken)
   at Microsoft.EntityFrameworkCore.Storage.RelationalConnection.OpenInternalAsync(Boolean errorsExpected, CancellationToken cancellationToken)
   at Microsoft.EntityFrameworkCore.Storage.RelationalConnection.OpenInternalAsync(Boolean errorsExpected, CancellationToken cancellationToken)
   at Microsoft.EntityFrameworkCore.Storage.RelationalConnection.OpenAsync(CancellationToken cancellationToken, Boolean errorsExpected)
   at Microsoft.EntityFrameworkCore.Storage.RelationalCommand.ExecuteReaderAsync(RelationalCommandParameterObject parameterObject, CancellationToken cancellationToken)
   at Microsoft.EntityFrameworkCore.Query.Internal.SingleQueryingEnumerable`1.AsyncEnumerator.InitializeReaderAsync(AsyncEnumerator enumerator, CancellationToken cancellationToken)
   at Npgsql.EntityFrameworkCore.PostgreSQL.Storage.Internal.NpgsqlExecutionStrategy.ExecuteAsync[TState,TResult](TState state, Func`4 operation, Func`4 verifySucceeded, CancellationToken cancellationToken)
   at Microsoft.EntityFrameworkCore.Query.Internal.SingleQueryingEnumerable`1.AsyncEnumerator.MoveNextAsync()
System.Net.Sockets.SocketException (11001): No such host is known.
   at System.Net.NameResolutionPal.ProcessResult(SocketError errorCode, GetAddrInfoExContext* context)
   at System.Net.NameResolutionPal.GetAddressInfoExCallback(Int32 error, Int32 bytes, NativeOverlapped* overlapped)
--- End of stack trace from previous location ---
   at Npgsql.TaskTimeoutAndCancellation.ExecuteAsync(Func`2 getTaskFunc, NpgsqlTimeout timeout, CancellationToken cancellationToken)
   at Npgsql.TaskTimeoutAndCancellation.ExecuteAsync[TResult](Func`2 getTaskFunc, NpgsqlTimeout timeout, CancellationToken cancellationToken)
   at Npgsql.Internal.NpgsqlConnector.ConnectAsync(NpgsqlTimeout timeout, CancellationToken cancellationToken)
   at Npgsql.Internal.NpgsqlConnector.RawOpen(SslMode sslMode, NpgsqlTimeout timeout, Boolean async, CancellationToken cancellationToken)
   at Npgsql.Internal.NpgsqlConnector.<Open>g__OpenCore|214_1(NpgsqlConnector conn, SslMode sslMode, NpgsqlTimeout timeout, Boolean async, CancellationToken cancellationToken)
   at Npgsql.Internal.NpgsqlConnector.Open(NpgsqlTimeout timeout, Boolean async, CancellationToken cancellationToken)
   at Npgsql.PoolingDataSource.OpenNewConnector(NpgsqlConnection conn, NpgsqlTimeout timeout, Boolean async, CancellationToken cancellationToken)
   at Npgsql.PoolingDataSource.<Get>g__RentAsync|33_0(NpgsqlConnection conn, NpgsqlTimeout timeout, Boolean async, CancellationToken cancellationToken)
   at Npgsql.NpgsqlConnection.<Open>g__OpenAsync|42_0(Boolean async, CancellationToken cancellationToken)
   at Microsoft.EntityFrameworkCore.Storage.RelationalConnection.OpenInternalAsync(Boolean errorsExpected, CancellationToken cancellationToken)
   at Microsoft.EntityFrameworkCore.Storage.RelationalConnection.OpenInternalAsync(Boolean errorsExpected, CancellationToken cancellationToken)
   at Microsoft.EntityFrameworkCore.Storage.RelationalConnection.OpenAsync(CancellationToken cancellationToken, Boolean errorsExpected)
   at Microsoft.EntityFrameworkCore.Storage.RelationalCommand.ExecuteReaderAsync(RelationalCommandParameterObject parameterObject, CancellationToken cancellationToken)
   at Microsoft.EntityFrameworkCore.Query.Internal.SingleQueryingEnumerable`1.AsyncEnumerator.InitializeReaderAsync(AsyncEnumerator enumerator, CancellationToken cancellationToken)
   at Npgsql.EntityFrameworkCore.PostgreSQL.Storage.Internal.NpgsqlExecutionStrategy.ExecuteAsync[TState,TResult](TState state, Func`4 operation, Func`4 verifySucceeded, CancellationToken cancellationToken)
   at Microsoft.EntityFrameworkCore.Query.Internal.SingleQueryingEnumerable`1.AsyncEnumerator.MoveNextAsync()
2026-04-03 19:43:33.951 +03:00 [ERR] HTTP GET /api/catalog/shoe-services responded 500 in 21.1685 ms
System.Net.Sockets.SocketException (11001): No such host is known.
   at System.Net.NameResolutionPal.ProcessResult(SocketError errorCode, GetAddrInfoExContext* context)
   at System.Net.NameResolutionPal.GetAddressInfoExCallback(Int32 error, Int32 bytes, NativeOverlapped* overlapped)
--- End of stack trace from previous location ---
   at Npgsql.TaskTimeoutAndCancellation.ExecuteAsync(Func`2 getTaskFunc, NpgsqlTimeout timeout, CancellationToken cancellationToken)
   at Npgsql.TaskTimeoutAndCancellation.ExecuteAsync[TResult](Func`2 getTaskFunc, NpgsqlTimeout timeout, CancellationToken cancellationToken)
   at Npgsql.Internal.NpgsqlConnector.ConnectAsync(NpgsqlTimeout timeout, CancellationToken cancellationToken)
   at Npgsql.Internal.NpgsqlConnector.RawOpen(SslMode sslMode, NpgsqlTimeout timeout, Boolean async, CancellationToken cancellationToken)
   at Npgsql.Internal.NpgsqlConnector.<Open>g__OpenCore|214_1(NpgsqlConnector conn, SslMode sslMode, NpgsqlTimeout timeout, Boolean async, CancellationToken cancellationToken)
   at Npgsql.Internal.NpgsqlConnector.Open(NpgsqlTimeout timeout, Boolean async, CancellationToken cancellationToken)
   at Npgsql.PoolingDataSource.OpenNewConnector(NpgsqlConnection conn, NpgsqlTimeout timeout, Boolean async, CancellationToken cancellationToken)
   at Npgsql.PoolingDataSource.<Get>g__RentAsync|33_0(NpgsqlConnection conn, NpgsqlTimeout timeout, Boolean async, CancellationToken cancellationToken)
   at Npgsql.NpgsqlConnection.<Open>g__OpenAsync|42_0(Boolean async, CancellationToken cancellationToken)
   at Microsoft.EntityFrameworkCore.Storage.RelationalConnection.OpenInternalAsync(Boolean errorsExpected, CancellationToken cancellationToken)
   at Microsoft.EntityFrameworkCore.Storage.RelationalConnection.OpenInternalAsync(Boolean errorsExpected, CancellationToken cancellationToken)
   at Microsoft.EntityFrameworkCore.Storage.RelationalConnection.OpenAsync(CancellationToken cancellationToken, Boolean errorsExpected)
   at Microsoft.EntityFrameworkCore.Storage.RelationalCommand.ExecuteReaderAsync(RelationalCommandParameterObject parameterObject, CancellationToken cancellationToken)
   at Microsoft.EntityFrameworkCore.Query.Internal.SingleQueryingEnumerable`1.AsyncEnumerator.InitializeReaderAsync(AsyncEnumerator enumerator, CancellationToken cancellationToken)
   at Npgsql.EntityFrameworkCore.PostgreSQL.Storage.Internal.NpgsqlExecutionStrategy.ExecuteAsync[TState,TResult](TState state, Func`4 operation, Func`4 verifySucceeded, CancellationToken cancellationToken)
   at Microsoft.EntityFrameworkCore.Query.Internal.SingleQueryingEnumerable`1.AsyncEnumerator.MoveNextAsync()
   at Microsoft.EntityFrameworkCore.EntityFrameworkQueryableExtensions.ToListAsync[TSource](IQueryable`1 source, CancellationToken cancellationToken)
   at Microsoft.EntityFrameworkCore.EntityFrameworkQueryableExtensions.ToListAsync[TSource](IQueryable`1 source, CancellationToken cancellationToken)
   at Freshwalk.API.Controllers.CatalogController.ShoeServices(CancellationToken cancellationToken) in D:\Projects\Freshwalk Shoe Cleaning web app\API\Freshwalk.API\Controllers\CatalogController.cs:line 20
   at Microsoft.AspNetCore.Mvc.Infrastructure.ActionMethodExecutor.TaskOfIActionResultExecutor.Execute(ActionContext actionContext, IActionResultTypeMapper mapper, ObjectMethodExecutor executor, Object controller, Object[] arguments)
   at Microsoft.AspNetCore.Mvc.Infrastructure.ControllerActionInvoker.<InvokeActionMethodAsync>g__Awaited|12_0(ControllerActionInvoker invoker, ValueTask`1 actionResultValueTask)
   at Microsoft.AspNetCore.Mvc.Infrastructure.ControllerActionInvoker.<InvokeNextActionFilterAsync>g__Awaited|10_0(ControllerActionInvoker invoker, Task lastTask, State next, Scope scope, Object state, Boolean isCompleted)
   at Microsoft.AspNetCore.Mvc.Infrastructure.ControllerActionInvoker.Rethrow(ActionExecutedContextSealed context)
   at Microsoft.AspNetCore.Mvc.Infrastructure.ControllerActionInvoker.Next(State& next, Scope& scope, Object& state, Boolean& isCompleted)
   at Microsoft.AspNetCore.Mvc.Infrastructure.ControllerActionInvoker.<InvokeInnerFilterAsync>g__Awaited|13_0(ControllerActionInvoker invoker, Task lastTask, State next, Scope scope, Object state, Boolean isCompleted)
   at Microsoft.AspNetCore.Mvc.Infrastructure.ResourceInvoker.<InvokeFilterPipelineAsync>g__Awaited|20_0(ResourceInvoker invoker, Task lastTask, State next, Scope scope, Object state, Boolean isCompleted)
   at Microsoft.AspNetCore.Mvc.Infrastructure.ResourceInvoker.<InvokeAsync>g__Awaited|17_0(ResourceInvoker invoker, Task task, IDisposable scope)
   at Microsoft.AspNetCore.Mvc.Infrastructure.ResourceInvoker.<InvokeAsync>g__Awaited|17_0(ResourceInvoker invoker, Task task, IDisposable scope)
   at Freshwalk.API.Logging.AuditRequestLoggingMiddleware.InvokeAsync(HttpContext context, RequestDelegate next) in D:\Projects\Freshwalk Shoe Cleaning web app\API\Freshwalk.API\Logging\AuditRequestLoggingMiddleware.cs:line 63
   at Freshwalk.API.Logging.AuditRequestLoggingMiddleware.InvokeAsync(HttpContext context, RequestDelegate next) in D:\Projects\Freshwalk Shoe Cleaning web app\API\Freshwalk.API\Logging\AuditRequestLoggingMiddleware.cs:line 91
   at Freshwalk.API.Logging.AuditRequestLoggingMiddleware.InvokeAsync(HttpContext context, RequestDelegate next) in D:\Projects\Freshwalk Shoe Cleaning web app\API\Freshwalk.API\Logging\AuditRequestLoggingMiddleware.cs:line 91
   at Microsoft.AspNetCore.Builder.UseMiddlewareExtensions.InterfaceMiddlewareBinder.<>c__DisplayClass2_0.<<CreateMiddleware>b__0>d.MoveNext()
--- End of stack trace from previous location ---
   at Microsoft.AspNetCore.Authorization.AuthorizationMiddleware.Invoke(HttpContext context)
   at Microsoft.AspNetCore.Authentication.AuthenticationMiddleware.Invoke(HttpContext context)
   at Serilog.AspNetCore.RequestLoggingMiddleware.Invoke(HttpContext httpContext)
2026-04-03 19:43:33.967 +03:00 [ERR] An unhandled exception has occurred while executing the request.
System.Net.Sockets.SocketException (11001): No such host is known.
   at System.Net.NameResolutionPal.ProcessResult(SocketError errorCode, GetAddrInfoExContext* context)
   at System.Net.NameResolutionPal.GetAddressInfoExCallback(Int32 error, Int32 bytes, NativeOverlapped* overlapped)
--- End of stack trace from previous location ---
   at Npgsql.TaskTimeoutAndCancellation.ExecuteAsync(Func`2 getTaskFunc, NpgsqlTimeout timeout, CancellationToken cancellationToken)
   at Npgsql.TaskTimeoutAndCancellation.ExecuteAsync[TResult](Func`2 getTaskFunc, NpgsqlTimeout timeout, CancellationToken cancellationToken)
   at Npgsql.Internal.NpgsqlConnector.ConnectAsync(NpgsqlTimeout timeout, CancellationToken cancellationToken)
   at Npgsql.Internal.NpgsqlConnector.RawOpen(SslMode sslMode, NpgsqlTimeout timeout, Boolean async, CancellationToken cancellationToken)
   at Npgsql.Internal.NpgsqlConnector.<Open>g__OpenCore|214_1(NpgsqlConnector conn, SslMode sslMode, NpgsqlTimeout timeout, Boolean async, CancellationToken cancellationToken)
   at Npgsql.Internal.NpgsqlConnector.Open(NpgsqlTimeout timeout, Boolean async, CancellationToken cancellationToken)
   at Npgsql.PoolingDataSource.OpenNewConnector(NpgsqlConnection conn, NpgsqlTimeout timeout, Boolean async, CancellationToken cancellationToken)
   at Npgsql.PoolingDataSource.<Get>g__RentAsync|33_0(NpgsqlConnection conn, NpgsqlTimeout timeout, Boolean async, CancellationToken cancellationToken)
   at Npgsql.NpgsqlConnection.<Open>g__OpenAsync|42_0(Boolean async, CancellationToken cancellationToken)
   at Microsoft.EntityFrameworkCore.Storage.RelationalConnection.OpenInternalAsync(Boolean errorsExpected, CancellationToken cancellationToken)
   at Microsoft.EntityFrameworkCore.Storage.RelationalConnection.OpenInternalAsync(Boolean errorsExpected, CancellationToken cancellationToken)
   at Microsoft.EntityFrameworkCore.Storage.RelationalConnection.OpenAsync(CancellationToken cancellationToken, Boolean errorsExpected)
   at Microsoft.EntityFrameworkCore.Storage.RelationalCommand.ExecuteReaderAsync(RelationalCommandParameterObject parameterObject, CancellationToken cancellationToken)
   at Microsoft.EntityFrameworkCore.Query.Internal.SingleQueryingEnumerable`1.AsyncEnumerator.InitializeReaderAsync(AsyncEnumerator enumerator, CancellationToken cancellationToken)
   at Npgsql.EntityFrameworkCore.PostgreSQL.Storage.Internal.NpgsqlExecutionStrategy.ExecuteAsync[TState,TResult](TState state, Func`4 operation, Func`4 verifySucceeded, CancellationToken cancellationToken)
   at Microsoft.EntityFrameworkCore.Query.Internal.SingleQueryingEnumerable`1.AsyncEnumerator.MoveNextAsync()
   at Microsoft.EntityFrameworkCore.EntityFrameworkQueryableExtensions.ToListAsync[TSource](IQueryable`1 source, CancellationToken cancellationToken)
   at Microsoft.EntityFrameworkCore.EntityFrameworkQueryableExtensions.ToListAsync[TSource](IQueryable`1 source, CancellationToken cancellationToken)
   at Freshwalk.API.Controllers.CatalogController.ShoeServices(CancellationToken cancellationToken) in D:\Projects\Freshwalk Shoe Cleaning web app\API\Freshwalk.API\Controllers\CatalogController.cs:line 20
   at Microsoft.AspNetCore.Mvc.Infrastructure.ActionMethodExecutor.TaskOfIActionResultExecutor.Execute(ActionContext actionContext, IActionResultTypeMapper mapper, ObjectMethodExecutor executor, Object controller, Object[] arguments)
   at Microsoft.AspNetCore.Mvc.Infrastructure.ControllerActionInvoker.<InvokeActionMethodAsync>g__Awaited|12_0(ControllerActionInvoker invoker, ValueTask`1 actionResultValueTask)
   at Microsoft.AspNetCore.Mvc.Infrastructure.ControllerActionInvoker.<InvokeNextActionFilterAsync>g__Awaited|10_0(ControllerActionInvoker invoker, Task lastTask, State next, Scope scope, Object state, Boolean isCompleted)
   at Microsoft.AspNetCore.Mvc.Infrastructure.ControllerActionInvoker.Rethrow(ActionExecutedContextSealed context)
   at Microsoft.AspNetCore.Mvc.Infrastructure.ControllerActionInvoker.Next(State& next, Scope& scope, Object& state, Boolean& isCompleted)
   at Microsoft.AspNetCore.Mvc.Infrastructure.ControllerActionInvoker.<InvokeInnerFilterAsync>g__Awaited|13_0(ControllerActionInvoker invoker, Task lastTask, State next, Scope scope, Object state, Boolean isCompleted)
   at Microsoft.AspNetCore.Mvc.Infrastructure.ResourceInvoker.<InvokeFilterPipelineAsync>g__Awaited|20_0(ResourceInvoker invoker, Task lastTask, State next, Scope scope, Object state, Boolean isCompleted)
   at Microsoft.AspNetCore.Mvc.Infrastructure.ResourceInvoker.<InvokeAsync>g__Awaited|17_0(ResourceInvoker invoker, Task task, IDisposable scope)
   at Microsoft.AspNetCore.Mvc.Infrastructure.ResourceInvoker.<InvokeAsync>g__Awaited|17_0(ResourceInvoker invoker, Task task, IDisposable scope)
   at Freshwalk.API.Logging.AuditRequestLoggingMiddleware.InvokeAsync(HttpContext context, RequestDelegate next) in D:\Projects\Freshwalk Shoe Cleaning web app\API\Freshwalk.API\Logging\AuditRequestLoggingMiddleware.cs:line 63
   at Freshwalk.API.Logging.AuditRequestLoggingMiddleware.InvokeAsync(HttpContext context, RequestDelegate next) in D:\Projects\Freshwalk Shoe Cleaning web app\API\Freshwalk.API\Logging\AuditRequestLoggingMiddleware.cs:line 91
   at Freshwalk.API.Logging.AuditRequestLoggingMiddleware.InvokeAsync(HttpContext context, RequestDelegate next) in D:\Projects\Freshwalk Shoe Cleaning web app\API\Freshwalk.API\Logging\AuditRequestLoggingMiddleware.cs:line 91
   at Microsoft.AspNetCore.Builder.UseMiddlewareExtensions.InterfaceMiddlewareBinder.<>c__DisplayClass2_0.<<CreateMiddleware>b__0>d.MoveNext()
--- End of stack trace from previous location ---
   at Microsoft.AspNetCore.Authorization.AuthorizationMiddleware.Invoke(HttpContext context)
   at Microsoft.AspNetCore.Authentication.AuthenticationMiddleware.Invoke(HttpContext context)
   at Serilog.AspNetCore.RequestLoggingMiddleware.Invoke(HttpContext httpContext)
   at Swashbuckle.AspNetCore.SwaggerUI.SwaggerUIMiddleware.Invoke(HttpContext httpContext)
   at Swashbuckle.AspNetCore.Swagger.SwaggerMiddleware.Invoke(HttpContext httpContext, ISwaggerProvider swaggerProvider)
   at Microsoft.AspNetCore.Diagnostics.DeveloperExceptionPageMiddlewareImpl.Invoke(HttpContext context)
2026-04-03 19:43:34.184 +03:00 [INF] HTTP OPTIONS /api/catalog/preview-pricing responded 204 in 0.0475 ms
2026-04-03 19:43:34.193 +03:00 [ERR] An error occurred using the connection to database 'postgres' on server 'tcp://aws-1-eu-west-1.pooler.supabase.com:5432'.
2026-04-03 19:43:34.201 +03:00 [ERR] An exception occurred while iterating over the results of a query for context type 'Freshwalk.Infrastructure.Data.AppDbContext'.
System.Net.Sockets.SocketException (11001): No such host is known.
   at System.Net.NameResolutionPal.ProcessResult(SocketError errorCode, GetAddrInfoExContext* context)
   at System.Net.NameResolutionPal.GetAddressInfoExCallback(Int32 error, Int32 bytes, NativeOverlapped* overlapped)
--- End of stack trace from previous location ---
   at Npgsql.TaskTimeoutAndCancellation.ExecuteAsync(Func`2 getTaskFunc, NpgsqlTimeout timeout, CancellationToken cancellationToken)
   at Npgsql.TaskTimeoutAndCancellation.ExecuteAsync[TResult](Func`2 getTaskFunc, NpgsqlTimeout timeout, CancellationToken cancellationToken)
   at Npgsql.Internal.NpgsqlConnector.ConnectAsync(NpgsqlTimeout timeout, CancellationToken cancellationToken)
   at Npgsql.Internal.NpgsqlConnector.RawOpen(SslMode sslMode, NpgsqlTimeout timeout, Boolean async, CancellationToken cancellationToken)
   at Npgsql.Internal.NpgsqlConnector.<Open>g__OpenCore|214_1(NpgsqlConnector conn, SslMode sslMode, NpgsqlTimeout timeout, Boolean async, CancellationToken cancellationToken)
   at Npgsql.Internal.NpgsqlConnector.Open(NpgsqlTimeout timeout, Boolean async, CancellationToken cancellationToken)
   at Npgsql.PoolingDataSource.OpenNewConnector(NpgsqlConnection conn, NpgsqlTimeout timeout, Boolean async, CancellationToken cancellationToken)
   at Npgsql.PoolingDataSource.<Get>g__RentAsync|33_0(NpgsqlConnection conn, NpgsqlTimeout timeout, Boolean async, CancellationToken cancellationToken)
   at Npgsql.NpgsqlConnection.<Open>g__OpenAsync|42_0(Boolean async, CancellationToken cancellationToken)
   at Microsoft.EntityFrameworkCore.Storage.RelationalConnection.OpenInternalAsync(Boolean errorsExpected, CancellationToken cancellationToken)
   at Microsoft.EntityFrameworkCore.Storage.RelationalConnection.OpenInternalAsync(Boolean errorsExpected, CancellationToken cancellationToken)
   at Microsoft.EntityFrameworkCore.Storage.RelationalConnection.OpenAsync(CancellationToken cancellationToken, Boolean errorsExpected)
   at Microsoft.EntityFrameworkCore.Storage.RelationalCommand.ExecuteReaderAsync(RelationalCommandParameterObject parameterObject, CancellationToken cancellationToken)
   at Microsoft.EntityFrameworkCore.Query.Internal.SingleQueryingEnumerable`1.AsyncEnumerator.InitializeReaderAsync(AsyncEnumerator enumerator, CancellationToken cancellationToken)
   at Npgsql.EntityFrameworkCore.PostgreSQL.Storage.Internal.NpgsqlExecutionStrategy.ExecuteAsync[TState,TResult](TState state, Func`4 operation, Func`4 verifySucceeded, CancellationToken cancellationToken)
   at Microsoft.EntityFrameworkCore.Query.Internal.SingleQueryingEnumerable`1.AsyncEnumerator.MoveNextAsync()
System.Net.Sockets.SocketException (11001): No such host is known.
   at System.Net.NameResolutionPal.ProcessResult(SocketError errorCode, GetAddrInfoExContext* context)
   at System.Net.NameResolutionPal.GetAddressInfoExCallback(Int32 error, Int32 bytes, NativeOverlapped* overlapped)
--- End of stack trace from previous location ---
   at Npgsql.TaskTimeoutAndCancellation.ExecuteAsync(Func`2 getTaskFunc, NpgsqlTimeout timeout, CancellationToken cancellationToken)
   at Npgsql.TaskTimeoutAndCancellation.ExecuteAsync[TResult](Func`2 getTaskFunc, NpgsqlTimeout timeout, CancellationToken cancellationToken)
   at Npgsql.Internal.NpgsqlConnector.ConnectAsync(NpgsqlTimeout timeout, CancellationToken cancellationToken)
   at Npgsql.Internal.NpgsqlConnector.RawOpen(SslMode sslMode, NpgsqlTimeout timeout, Boolean async, CancellationToken cancellationToken)
   at Npgsql.Internal.NpgsqlConnector.<Open>g__OpenCore|214_1(NpgsqlConnector conn, SslMode sslMode, NpgsqlTimeout timeout, Boolean async, CancellationToken cancellationToken)
   at Npgsql.Internal.NpgsqlConnector.Open(NpgsqlTimeout timeout, Boolean async, CancellationToken cancellationToken)
   at Npgsql.PoolingDataSource.OpenNewConnector(NpgsqlConnection conn, NpgsqlTimeout timeout, Boolean async, CancellationToken cancellationToken)
   at Npgsql.PoolingDataSource.<Get>g__RentAsync|33_0(NpgsqlConnection conn, NpgsqlTimeout timeout, Boolean async, CancellationToken cancellationToken)
   at Npgsql.NpgsqlConnection.<Open>g__OpenAsync|42_0(Boolean async, CancellationToken cancellationToken)
   at Microsoft.EntityFrameworkCore.Storage.RelationalConnection.OpenInternalAsync(Boolean errorsExpected, CancellationToken cancellationToken)
   at Microsoft.EntityFrameworkCore.Storage.RelationalConnection.OpenInternalAsync(Boolean errorsExpected, CancellationToken cancellationToken)
   at Microsoft.EntityFrameworkCore.Storage.RelationalConnection.OpenAsync(CancellationToken cancellationToken, Boolean errorsExpected)
   at Microsoft.EntityFrameworkCore.Storage.RelationalCommand.ExecuteReaderAsync(RelationalCommandParameterObject parameterObject, CancellationToken cancellationToken)
   at Microsoft.EntityFrameworkCore.Query.Internal.SingleQueryingEnumerable`1.AsyncEnumerator.InitializeReaderAsync(AsyncEnumerator enumerator, CancellationToken cancellationToken)
   at Npgsql.EntityFrameworkCore.PostgreSQL.Storage.Internal.NpgsqlExecutionStrategy.ExecuteAsync[TState,TResult](TState state, Func`4 operation, Func`4 verifySucceeded, CancellationToken cancellationToken)
   at Microsoft.EntityFrameworkCore.Query.Internal.SingleQueryingEnumerable`1.AsyncEnumerator.MoveNextAsync()
2026-04-03 19:43:34.220 +03:00 [ERR] HTTP POST /api/catalog/preview-pricing responded 500 in 30.8654 ms
System.Net.Sockets.SocketException (11001): No such host is known.
   at System.Net.NameResolutionPal.ProcessResult(SocketError errorCode, GetAddrInfoExContext* context)
   at System.Net.NameResolutionPal.GetAddressInfoExCallback(Int32 error, Int32 bytes, NativeOverlapped* overlapped)
--- End of stack trace from previous location ---
   at Npgsql.TaskTimeoutAndCancellation.ExecuteAsync(Func`2 getTaskFunc, NpgsqlTimeout timeout, CancellationToken cancellationToken)
   at Npgsql.TaskTimeoutAndCancellation.ExecuteAsync[TResult](Func`2 getTaskFunc, NpgsqlTimeout timeout, CancellationToken cancellationToken)
   at Npgsql.Internal.NpgsqlConnector.ConnectAsync(NpgsqlTimeout timeout, CancellationToken cancellationToken)
   at Npgsql.Internal.NpgsqlConnector.RawOpen(SslMode sslMode, NpgsqlTimeout timeout, Boolean async, CancellationToken cancellationToken)
   at Npgsql.Internal.NpgsqlConnector.<Open>g__OpenCore|214_1(NpgsqlConnector conn, SslMode sslMode, NpgsqlTimeout timeout, Boolean async, CancellationToken cancellationToken)
   at Npgsql.Internal.NpgsqlConnector.Open(NpgsqlTimeout timeout, Boolean async, CancellationToken cancellationToken)
   at Npgsql.PoolingDataSource.OpenNewConnector(NpgsqlConnection conn, NpgsqlTimeout timeout, Boolean async, CancellationToken cancellationToken)
   at Npgsql.PoolingDataSource.<Get>g__RentAsync|33_0(NpgsqlConnection conn, NpgsqlTimeout timeout, Boolean async, CancellationToken cancellationToken)
   at Npgsql.NpgsqlConnection.<Open>g__OpenAsync|42_0(Boolean async, CancellationToken cancellationToken)
   at Microsoft.EntityFrameworkCore.Storage.RelationalConnection.OpenInternalAsync(Boolean errorsExpected, CancellationToken cancellationToken)
   at Microsoft.EntityFrameworkCore.Storage.RelationalConnection.OpenInternalAsync(Boolean errorsExpected, CancellationToken cancellationToken)
   at Microsoft.EntityFrameworkCore.Storage.RelationalConnection.OpenAsync(CancellationToken cancellationToken, Boolean errorsExpected)
   at Microsoft.EntityFrameworkCore.Storage.RelationalCommand.ExecuteReaderAsync(RelationalCommandParameterObject parameterObject, CancellationToken cancellationToken)
   at Microsoft.EntityFrameworkCore.Query.Internal.SingleQueryingEnumerable`1.AsyncEnumerator.InitializeReaderAsync(AsyncEnumerator enumerator, CancellationToken cancellationToken)
   at Npgsql.EntityFrameworkCore.PostgreSQL.Storage.Internal.NpgsqlExecutionStrategy.ExecuteAsync[TState,TResult](TState state, Func`4 operation, Func`4 verifySucceeded, CancellationToken cancellationToken)
   at Microsoft.EntityFrameworkCore.Query.Internal.SingleQueryingEnumerable`1.AsyncEnumerator.MoveNextAsync()
   at Microsoft.EntityFrameworkCore.EntityFrameworkQueryableExtensions.ToListAsync[TSource](IQueryable`1 source, CancellationToken cancellationToken)
   at Microsoft.EntityFrameworkCore.EntityFrameworkQueryableExtensions.ToListAsync[TSource](IQueryable`1 source, CancellationToken cancellationToken)
   at Freshwalk.Infrastructure.Services.PricingService.CalculateBreakdownAsync(List`1 items, IReadOnlyList`1 addOns, CancellationToken cancellationToken) in D:\Projects\Freshwalk Shoe Cleaning web app\API\Freshwalk.Infrastructure\Services\PricingService.cs:line 38
   at Freshwalk.API.Controllers.CatalogController.PreviewPricing(PreviewPricingRequest request, CancellationToken cancellationToken) in D:\Projects\Freshwalk Shoe Cleaning web app\API\Freshwalk.API\Controllers\CatalogController.cs:line 53
   at Microsoft.AspNetCore.Mvc.Infrastructure.ActionMethodExecutor.TaskOfIActionResultExecutor.Execute(ActionContext actionContext, IActionResultTypeMapper mapper, ObjectMethodExecutor executor, Object controller, Object[] arguments)
   at Microsoft.AspNetCore.Mvc.Infrastructure.ControllerActionInvoker.<InvokeActionMethodAsync>g__Awaited|12_0(ControllerActionInvoker invoker, ValueTask`1 actionResultValueTask)
   at Microsoft.AspNetCore.Mvc.Infrastructure.ControllerActionInvoker.<InvokeNextActionFilterAsync>g__Awaited|10_0(ControllerActionInvoker invoker, Task lastTask, State next, Scope scope, Object state, Boolean isCompleted)
   at Microsoft.AspNetCore.Mvc.Infrastructure.ControllerActionInvoker.Rethrow(ActionExecutedContextSealed context)
   at Microsoft.AspNetCore.Mvc.Infrastructure.ControllerActionInvoker.Next(State& next, Scope& scope, Object& state, Boolean& isCompleted)
   at Microsoft.AspNetCore.Mvc.Infrastructure.ControllerActionInvoker.<InvokeInnerFilterAsync>g__Awaited|13_0(ControllerActionInvoker invoker, Task lastTask, State next, Scope scope, Object state, Boolean isCompleted)
   at Microsoft.AspNetCore.Mvc.Infrastructure.ResourceInvoker.<InvokeFilterPipelineAsync>g__Awaited|20_0(ResourceInvoker invoker, Task lastTask, State next, Scope scope, Object state, Boolean isCompleted)
   at Microsoft.AspNetCore.Mvc.Infrastructure.ResourceInvoker.<InvokeAsync>g__Awaited|17_0(ResourceInvoker invoker, Task task, IDisposable scope)
   at Microsoft.AspNetCore.Mvc.Infrastructure.ResourceInvoker.<InvokeAsync>g__Awaited|17_0(ResourceInvoker invoker, Task task, IDisposable scope)
   at Freshwalk.API.Logging.AuditRequestLoggingMiddleware.InvokeAsync(HttpContext context, RequestDelegate next) in D:\Projects\Freshwalk Shoe Cleaning web app\API\Freshwalk.API\Logging\AuditRequestLoggingMiddleware.cs:line 63
   at Freshwalk.API.Logging.AuditRequestLoggingMiddleware.InvokeAsync(HttpContext context, RequestDelegate next) in D:\Projects\Freshwalk Shoe Cleaning web app\API\Freshwalk.API\Logging\AuditRequestLoggingMiddleware.cs:line 91
   at Freshwalk.API.Logging.AuditRequestLoggingMiddleware.InvokeAsync(HttpContext context, RequestDelegate next) in D:\Projects\Freshwalk Shoe Cleaning web app\API\Freshwalk.API\Logging\AuditRequestLoggingMiddleware.cs:line 91
   at Microsoft.AspNetCore.Builder.UseMiddlewareExtensions.InterfaceMiddlewareBinder.<>c__DisplayClass2_0.<<CreateMiddleware>b__0>d.MoveNext()
--- End of stack trace from previous location ---
   at Microsoft.AspNetCore.Authorization.AuthorizationMiddleware.Invoke(HttpContext context)
   at Microsoft.AspNetCore.Authentication.AuthenticationMiddleware.Invoke(HttpContext context)
   at Serilog.AspNetCore.RequestLoggingMiddleware.Invoke(HttpContext httpContext)
2026-04-03 19:43:34.247 +03:00 [ERR] An unhandled exception has occurred while executing the request.
System.Net.Sockets.SocketException (11001): No such host is known.
   at System.Net.NameResolutionPal.ProcessResult(SocketError errorCode, GetAddrInfoExContext* context)
   at System.Net.NameResolutionPal.GetAddressInfoExCallback(Int32 error, Int32 bytes, NativeOverlapped* overlapped)
--- End of stack trace from previous location ---
   at Npgsql.TaskTimeoutAndCancellation.ExecuteAsync(Func`2 getTaskFunc, NpgsqlTimeout timeout, CancellationToken cancellationToken)
   at Npgsql.TaskTimeoutAndCancellation.ExecuteAsync[TResult](Func`2 getTaskFunc, NpgsqlTimeout timeout, CancellationToken cancellationToken)
   at Npgsql.Internal.NpgsqlConnector.ConnectAsync(NpgsqlTimeout timeout, CancellationToken cancellationToken)
   at Npgsql.Internal.NpgsqlConnector.RawOpen(SslMode sslMode, NpgsqlTimeout timeout, Boolean async, CancellationToken cancellationToken)
   at Npgsql.Internal.NpgsqlConnector.<Open>g__OpenCore|214_1(NpgsqlConnector conn, SslMode sslMode, NpgsqlTimeout timeout, Boolean async, CancellationToken cancellationToken)
   at Npgsql.Internal.NpgsqlConnector.Open(NpgsqlTimeout timeout, Boolean async, CancellationToken cancellationToken)
   at Npgsql.PoolingDataSource.OpenNewConnector(NpgsqlConnection conn, NpgsqlTimeout timeout, Boolean async, CancellationToken cancellationToken)
   at Npgsql.PoolingDataSource.<Get>g__RentAsync|33_0(NpgsqlConnection conn, NpgsqlTimeout timeout, Boolean async, CancellationToken cancellationToken)
   at Npgsql.NpgsqlConnection.<Open>g__OpenAsync|42_0(Boolean async, CancellationToken cancellationToken)
   at Microsoft.EntityFrameworkCore.Storage.RelationalConnection.OpenInternalAsync(Boolean errorsExpected, CancellationToken cancellationToken)
   at Microsoft.EntityFrameworkCore.Storage.RelationalConnection.OpenInternalAsync(Boolean errorsExpected, CancellationToken cancellationToken)
   at Microsoft.EntityFrameworkCore.Storage.RelationalConnection.OpenAsync(CancellationToken cancellationToken, Boolean errorsExpected)
   at Microsoft.EntityFrameworkCore.Storage.RelationalCommand.ExecuteReaderAsync(RelationalCommandParameterObject parameterObject, CancellationToken cancellationToken)
   at Microsoft.EntityFrameworkCore.Query.Internal.SingleQueryingEnumerable`1.AsyncEnumerator.InitializeReaderAsync(AsyncEnumerator enumerator, CancellationToken cancellationToken)
   at Npgsql.EntityFrameworkCore.PostgreSQL.Storage.Internal.NpgsqlExecutionStrategy.ExecuteAsync[TState,TResult](TState state, Func`4 operation, Func`4 verifySucceeded, CancellationToken cancellationToken)
   at Microsoft.EntityFrameworkCore.Query.Internal.SingleQueryingEnumerable`1.AsyncEnumerator.MoveNextAsync()
   at Microsoft.EntityFrameworkCore.EntityFrameworkQueryableExtensions.ToListAsync[TSource](IQueryable`1 source, CancellationToken cancellationToken)
   at Microsoft.EntityFrameworkCore.EntityFrameworkQueryableExtensions.ToListAsync[TSource](IQueryable`1 source, CancellationToken cancellationToken)
   at Freshwalk.Infrastructure.Services.PricingService.CalculateBreakdownAsync(List`1 items, IReadOnlyList`1 addOns, CancellationToken cancellationToken) in D:\Projects\Freshwalk Shoe Cleaning web app\API\Freshwalk.Infrastructure\Services\PricingService.cs:line 38
   at Freshwalk.API.Controllers.CatalogController.PreviewPricing(PreviewPricingRequest request, CancellationToken cancellationToken) in D:\Projects\Freshwalk Shoe Cleaning web app\API\Freshwalk.API\Controllers\CatalogController.cs:line 53
   at Microsoft.AspNetCore.Mvc.Infrastructure.ActionMethodExecutor.TaskOfIActionResultExecutor.Execute(ActionContext actionContext, IActionResultTypeMapper mapper, ObjectMethodExecutor executor, Object controller, Object[] arguments)
   at Microsoft.AspNetCore.Mvc.Infrastructure.ControllerActionInvoker.<InvokeActionMethodAsync>g__Awaited|12_0(ControllerActionInvoker invoker, ValueTask`1 actionResultValueTask)
   at Microsoft.AspNetCore.Mvc.Infrastructure.ControllerActionInvoker.<InvokeNextActionFilterAsync>g__Awaited|10_0(ControllerActionInvoker invoker, Task lastTask, State next, Scope scope, Object state, Boolean isCompleted)
   at Microsoft.AspNetCore.Mvc.Infrastructure.ControllerActionInvoker.Rethrow(ActionExecutedContextSealed context)
   at Microsoft.AspNetCore.Mvc.Infrastructure.ControllerActionInvoker.Next(State& next, Scope& scope, Object& state, Boolean& isCompleted)
   at Microsoft.AspNetCore.Mvc.Infrastructure.ControllerActionInvoker.<InvokeInnerFilterAsync>g__Awaited|13_0(ControllerActionInvoker invoker, Task lastTask, State next, Scope scope, Object state, Boolean isCompleted)
   at Microsoft.AspNetCore.Mvc.Infrastructure.ResourceInvoker.<InvokeFilterPipelineAsync>g__Awaited|20_0(ResourceInvoker invoker, Task lastTask, State next, Scope scope, Object state, Boolean isCompleted)
   at Microsoft.AspNetCore.Mvc.Infrastructure.ResourceInvoker.<InvokeAsync>g__Awaited|17_0(ResourceInvoker invoker, Task task, IDisposable scope)
   at Microsoft.AspNetCore.Mvc.Infrastructure.ResourceInvoker.<InvokeAsync>g__Awaited|17_0(ResourceInvoker invoker, Task task, IDisposable scope)
   at Freshwalk.API.Logging.AuditRequestLoggingMiddleware.InvokeAsync(HttpContext context, RequestDelegate next) in D:\Projects\Freshwalk Shoe Cleaning web app\API\Freshwalk.API\Logging\AuditRequestLoggingMiddleware.cs:line 63
   at Freshwalk.API.Logging.AuditRequestLoggingMiddleware.InvokeAsync(HttpContext context, RequestDelegate next) in D:\Projects\Freshwalk Shoe Cleaning web app\API\Freshwalk.API\Logging\AuditRequestLoggingMiddleware.cs:line 91
   at Freshwalk.API.Logging.AuditRequestLoggingMiddleware.InvokeAsync(HttpContext context, RequestDelegate next) in D:\Projects\Freshwalk Shoe Cleaning web app\API\Freshwalk.API\Logging\AuditRequestLoggingMiddleware.cs:line 91
   at Microsoft.AspNetCore.Builder.UseMiddlewareExtensions.InterfaceMiddlewareBinder.<>c__DisplayClass2_0.<<CreateMiddleware>b__0>d.MoveNext()
--- End of stack trace from previous location ---
   at Microsoft.AspNetCore.Authorization.AuthorizationMiddleware.Invoke(HttpContext context)
   at Microsoft.AspNetCore.Authentication.AuthenticationMiddleware.Invoke(HttpContext context)
   at Serilog.AspNetCore.RequestLoggingMiddleware.Invoke(HttpContext httpContext)
   at Swashbuckle.AspNetCore.SwaggerUI.SwaggerUIMiddleware.Invoke(HttpContext httpContext)
   at Swashbuckle.AspNetCore.Swagger.SwaggerMiddleware.Invoke(HttpContext httpContext, ISwaggerProvider swaggerProvider)
   at Microsoft.AspNetCore.Diagnostics.DeveloperExceptionPageMiddlewareImpl.Invoke(HttpContext context)
2026-04-03 19:44:07.625 +03:00 [INF] HTTP OPTIONS /api/catalog/shoe-services responded 204 in 0.0490 ms
2026-04-03 19:44:07.625 +03:00 [INF] HTTP OPTIONS /api/catalog/shoe-services responded 204 in 0.0445 ms
2026-04-03 19:44:07.631 +03:00 [ERR] An error occurred using the connection to database 'postgres' on server 'tcp://aws-1-eu-west-1.pooler.supabase.com:5432'.
2026-04-03 19:44:07.639 +03:00 [ERR] An exception occurred while iterating over the results of a query for context type 'Freshwalk.Infrastructure.Data.AppDbContext'.
System.Net.Sockets.SocketException (11001): No such host is known.
   at System.Net.NameResolutionPal.ProcessResult(SocketError errorCode, GetAddrInfoExContext* context)
   at System.Net.NameResolutionPal.GetAddressInfoExCallback(Int32 error, Int32 bytes, NativeOverlapped* overlapped)
--- End of stack trace from previous location ---
   at Npgsql.TaskTimeoutAndCancellation.ExecuteAsync(Func`2 getTaskFunc, NpgsqlTimeout timeout, CancellationToken cancellationToken)
   at Npgsql.TaskTimeoutAndCancellation.ExecuteAsync[TResult](Func`2 getTaskFunc, NpgsqlTimeout timeout, CancellationToken cancellationToken)
   at Npgsql.Internal.NpgsqlConnector.ConnectAsync(NpgsqlTimeout timeout, CancellationToken cancellationToken)
   at Npgsql.Internal.NpgsqlConnector.RawOpen(SslMode sslMode, NpgsqlTimeout timeout, Boolean async, CancellationToken cancellationToken)
   at Npgsql.Internal.NpgsqlConnector.<Open>g__OpenCore|214_1(NpgsqlConnector conn, SslMode sslMode, NpgsqlTimeout timeout, Boolean async, CancellationToken cancellationToken)
   at Npgsql.Internal.NpgsqlConnector.Open(NpgsqlTimeout timeout, Boolean async, CancellationToken cancellationToken)
   at Npgsql.PoolingDataSource.OpenNewConnector(NpgsqlConnection conn, NpgsqlTimeout timeout, Boolean async, CancellationToken cancellationToken)
   at Npgsql.PoolingDataSource.<Get>g__RentAsync|33_0(NpgsqlConnection conn, NpgsqlTimeout timeout, Boolean async, CancellationToken cancellationToken)
   at Npgsql.NpgsqlConnection.<Open>g__OpenAsync|42_0(Boolean async, CancellationToken cancellationToken)
   at Microsoft.EntityFrameworkCore.Storage.RelationalConnection.OpenInternalAsync(Boolean errorsExpected, CancellationToken cancellationToken)
   at Microsoft.EntityFrameworkCore.Storage.RelationalConnection.OpenInternalAsync(Boolean errorsExpected, CancellationToken cancellationToken)
   at Microsoft.EntityFrameworkCore.Storage.RelationalConnection.OpenAsync(CancellationToken cancellationToken, Boolean errorsExpected)
   at Microsoft.EntityFrameworkCore.Storage.RelationalCommand.ExecuteReaderAsync(RelationalCommandParameterObject parameterObject, CancellationToken cancellationToken)
   at Microsoft.EntityFrameworkCore.Query.Internal.SingleQueryingEnumerable`1.AsyncEnumerator.InitializeReaderAsync(AsyncEnumerator enumerator, CancellationToken cancellationToken)
   at Npgsql.EntityFrameworkCore.PostgreSQL.Storage.Internal.NpgsqlExecutionStrategy.ExecuteAsync[TState,TResult](TState state, Func`4 operation, Func`4 verifySucceeded, CancellationToken cancellationToken)
   at Microsoft.EntityFrameworkCore.Query.Internal.SingleQueryingEnumerable`1.AsyncEnumerator.MoveNextAsync()
System.Net.Sockets.SocketException (11001): No such host is known.
   at System.Net.NameResolutionPal.ProcessResult(SocketError errorCode, GetAddrInfoExContext* context)
   at System.Net.NameResolutionPal.GetAddressInfoExCallback(Int32 error, Int32 bytes, NativeOverlapped* overlapped)
--- End of stack trace from previous location ---
   at Npgsql.TaskTimeoutAndCancellation.ExecuteAsync(Func`2 getTaskFunc, NpgsqlTimeout timeout, CancellationToken cancellationToken)
   at Npgsql.TaskTimeoutAndCancellation.ExecuteAsync[TResult](Func`2 getTaskFunc, NpgsqlTimeout timeout, CancellationToken cancellationToken)
   at Npgsql.Internal.NpgsqlConnector.ConnectAsync(NpgsqlTimeout timeout, CancellationToken cancellationToken)
   at Npgsql.Internal.NpgsqlConnector.RawOpen(SslMode sslMode, NpgsqlTimeout timeout, Boolean async, CancellationToken cancellationToken)
   at Npgsql.Internal.NpgsqlConnector.<Open>g__OpenCore|214_1(NpgsqlConnector conn, SslMode sslMode, NpgsqlTimeout timeout, Boolean async, CancellationToken cancellationToken)
   at Npgsql.Internal.NpgsqlConnector.Open(NpgsqlTimeout timeout, Boolean async, CancellationToken cancellationToken)
   at Npgsql.PoolingDataSource.OpenNewConnector(NpgsqlConnection conn, NpgsqlTimeout timeout, Boolean async, CancellationToken cancellationToken)
   at Npgsql.PoolingDataSource.<Get>g__RentAsync|33_0(NpgsqlConnection conn, NpgsqlTimeout timeout, Boolean async, CancellationToken cancellationToken)
   at Npgsql.NpgsqlConnection.<Open>g__OpenAsync|42_0(Boolean async, CancellationToken cancellationToken)
   at Microsoft.EntityFrameworkCore.Storage.RelationalConnection.OpenInternalAsync(Boolean errorsExpected, CancellationToken cancellationToken)
   at Microsoft.EntityFrameworkCore.Storage.RelationalConnection.OpenInternalAsync(Boolean errorsExpected, CancellationToken cancellationToken)
   at Microsoft.EntityFrameworkCore.Storage.RelationalConnection.OpenAsync(CancellationToken cancellationToken, Boolean errorsExpected)
   at Microsoft.EntityFrameworkCore.Storage.RelationalCommand.ExecuteReaderAsync(RelationalCommandParameterObject parameterObject, CancellationToken cancellationToken)
   at Microsoft.EntityFrameworkCore.Query.Internal.SingleQueryingEnumerable`1.AsyncEnumerator.InitializeReaderAsync(AsyncEnumerator enumerator, CancellationToken cancellationToken)
   at Npgsql.EntityFrameworkCore.PostgreSQL.Storage.Internal.NpgsqlExecutionStrategy.ExecuteAsync[TState,TResult](TState state, Func`4 operation, Func`4 verifySucceeded, CancellationToken cancellationToken)
   at Microsoft.EntityFrameworkCore.Query.Internal.SingleQueryingEnumerable`1.AsyncEnumerator.MoveNextAsync()
2026-04-03 19:44:07.657 +03:00 [ERR] HTTP GET /api/catalog/shoe-services responded 500 in 28.2491 ms
System.Net.Sockets.SocketException (11001): No such host is known.
   at System.Net.NameResolutionPal.ProcessResult(SocketError errorCode, GetAddrInfoExContext* context)
   at System.Net.NameResolutionPal.GetAddressInfoExCallback(Int32 error, Int32 bytes, NativeOverlapped* overlapped)
--- End of stack trace from previous location ---
   at Npgsql.TaskTimeoutAndCancellation.ExecuteAsync(Func`2 getTaskFunc, NpgsqlTimeout timeout, CancellationToken cancellationToken)
   at Npgsql.TaskTimeoutAndCancellation.ExecuteAsync[TResult](Func`2 getTaskFunc, NpgsqlTimeout timeout, CancellationToken cancellationToken)
   at Npgsql.Internal.NpgsqlConnector.ConnectAsync(NpgsqlTimeout timeout, CancellationToken cancellationToken)
   at Npgsql.Internal.NpgsqlConnector.RawOpen(SslMode sslMode, NpgsqlTimeout timeout, Boolean async, CancellationToken cancellationToken)
   at Npgsql.Internal.NpgsqlConnector.<Open>g__OpenCore|214_1(NpgsqlConnector conn, SslMode sslMode, NpgsqlTimeout timeout, Boolean async, CancellationToken cancellationToken)
   at Npgsql.Internal.NpgsqlConnector.Open(NpgsqlTimeout timeout, Boolean async, CancellationToken cancellationToken)
   at Npgsql.PoolingDataSource.OpenNewConnector(NpgsqlConnection conn, NpgsqlTimeout timeout, Boolean async, CancellationToken cancellationToken)
   at Npgsql.PoolingDataSource.<Get>g__RentAsync|33_0(NpgsqlConnection conn, NpgsqlTimeout timeout, Boolean async, CancellationToken cancellationToken)
   at Npgsql.NpgsqlConnection.<Open>g__OpenAsync|42_0(Boolean async, CancellationToken cancellationToken)
   at Microsoft.EntityFrameworkCore.Storage.RelationalConnection.OpenInternalAsync(Boolean errorsExpected, CancellationToken cancellationToken)
   at Microsoft.EntityFrameworkCore.Storage.RelationalConnection.OpenInternalAsync(Boolean errorsExpected, CancellationToken cancellationToken)
   at Microsoft.EntityFrameworkCore.Storage.RelationalConnection.OpenAsync(CancellationToken cancellationToken, Boolean errorsExpected)
   at Microsoft.EntityFrameworkCore.Storage.RelationalCommand.ExecuteReaderAsync(RelationalCommandParameterObject parameterObject, CancellationToken cancellationToken)
   at Microsoft.EntityFrameworkCore.Query.Internal.SingleQueryingEnumerable`1.AsyncEnumerator.InitializeReaderAsync(AsyncEnumerator enumerator, CancellationToken cancellationToken)
   at Npgsql.EntityFrameworkCore.PostgreSQL.Storage.Internal.NpgsqlExecutionStrategy.ExecuteAsync[TState,TResult](TState state, Func`4 operation, Func`4 verifySucceeded, CancellationToken cancellationToken)
   at Microsoft.EntityFrameworkCore.Query.Internal.SingleQueryingEnumerable`1.AsyncEnumerator.MoveNextAsync()
   at Microsoft.EntityFrameworkCore.EntityFrameworkQueryableExtensions.ToListAsync[TSource](IQueryable`1 source, CancellationToken cancellationToken)
   at Microsoft.EntityFrameworkCore.EntityFrameworkQueryableExtensions.ToListAsync[TSource](IQueryable`1 source, CancellationToken cancellationToken)
   at Freshwalk.API.Controllers.CatalogController.ShoeServices(CancellationToken cancellationToken) in D:\Projects\Freshwalk Shoe Cleaning web app\API\Freshwalk.API\Controllers\CatalogController.cs:line 20
   at Microsoft.AspNetCore.Mvc.Infrastructure.ActionMethodExecutor.TaskOfIActionResultExecutor.Execute(ActionContext actionContext, IActionResultTypeMapper mapper, ObjectMethodExecutor executor, Object controller, Object[] arguments)
   at Microsoft.AspNetCore.Mvc.Infrastructure.ControllerActionInvoker.<InvokeActionMethodAsync>g__Awaited|12_0(ControllerActionInvoker invoker, ValueTask`1 actionResultValueTask)
   at Microsoft.AspNetCore.Mvc.Infrastructure.ControllerActionInvoker.<InvokeNextActionFilterAsync>g__Awaited|10_0(ControllerActionInvoker invoker, Task lastTask, State next, Scope scope, Object state, Boolean isCompleted)
   at Microsoft.AspNetCore.Mvc.Infrastructure.ControllerActionInvoker.Rethrow(ActionExecutedContextSealed context)
   at Microsoft.AspNetCore.Mvc.Infrastructure.ControllerActionInvoker.Next(State& next, Scope& scope, Object& state, Boolean& isCompleted)
   at Microsoft.AspNetCore.Mvc.Infrastructure.ControllerActionInvoker.<InvokeInnerFilterAsync>g__Awaited|13_0(ControllerActionInvoker invoker, Task lastTask, State next, Scope scope, Object state, Boolean isCompleted)
   at Microsoft.AspNetCore.Mvc.Infrastructure.ResourceInvoker.<InvokeFilterPipelineAsync>g__Awaited|20_0(ResourceInvoker invoker, Task lastTask, State next, Scope scope, Object state, Boolean isCompleted)
   at Microsoft.AspNetCore.Mvc.Infrastructure.ResourceInvoker.<InvokeAsync>g__Awaited|17_0(ResourceInvoker invoker, Task task, IDisposable scope)
   at Microsoft.AspNetCore.Mvc.Infrastructure.ResourceInvoker.<InvokeAsync>g__Awaited|17_0(ResourceInvoker invoker, Task task, IDisposable scope)
   at Freshwalk.API.Logging.AuditRequestLoggingMiddleware.InvokeAsync(HttpContext context, RequestDelegate next) in D:\Projects\Freshwalk Shoe Cleaning web app\API\Freshwalk.API\Logging\AuditRequestLoggingMiddleware.cs:line 63
   at Freshwalk.API.Logging.AuditRequestLoggingMiddleware.InvokeAsync(HttpContext context, RequestDelegate next) in D:\Projects\Freshwalk Shoe Cleaning web app\API\Freshwalk.API\Logging\AuditRequestLoggingMiddleware.cs:line 91
   at Freshwalk.API.Logging.AuditRequestLoggingMiddleware.InvokeAsync(HttpContext context, RequestDelegate next) in D:\Projects\Freshwalk Shoe Cleaning web app\API\Freshwalk.API\Logging\AuditRequestLoggingMiddleware.cs:line 91
   at Microsoft.AspNetCore.Builder.UseMiddlewareExtensions.InterfaceMiddlewareBinder.<>c__DisplayClass2_0.<<CreateMiddleware>b__0>d.MoveNext()
--- End of stack trace from previous location ---
   at Microsoft.AspNetCore.Authorization.AuthorizationMiddleware.Invoke(HttpContext context)
   at Microsoft.AspNetCore.Authentication.AuthenticationMiddleware.Invoke(HttpContext context)
   at Serilog.AspNetCore.RequestLoggingMiddleware.Invoke(HttpContext httpContext)
2026-04-03 19:44:07.676 +03:00 [ERR] An unhandled exception has occurred while executing the request.
System.Net.Sockets.SocketException (11001): No such host is known.
   at System.Net.NameResolutionPal.ProcessResult(SocketError errorCode, GetAddrInfoExContext* context)
   at System.Net.NameResolutionPal.GetAddressInfoExCallback(Int32 error, Int32 bytes, NativeOverlapped* overlapped)
--- End of stack trace from previous location ---
   at Npgsql.TaskTimeoutAndCancellation.ExecuteAsync(Func`2 getTaskFunc, NpgsqlTimeout timeout, CancellationToken cancellationToken)
   at Npgsql.TaskTimeoutAndCancellation.ExecuteAsync[TResult](Func`2 getTaskFunc, NpgsqlTimeout timeout, CancellationToken cancellationToken)
   at Npgsql.Internal.NpgsqlConnector.ConnectAsync(NpgsqlTimeout timeout, CancellationToken cancellationToken)
   at Npgsql.Internal.NpgsqlConnector.RawOpen(SslMode sslMode, NpgsqlTimeout timeout, Boolean async, CancellationToken cancellationToken)
   at Npgsql.Internal.NpgsqlConnector.<Open>g__OpenCore|214_1(NpgsqlConnector conn, SslMode sslMode, NpgsqlTimeout timeout, Boolean async, CancellationToken cancellationToken)
   at Npgsql.Internal.NpgsqlConnector.Open(NpgsqlTimeout timeout, Boolean async, CancellationToken cancellationToken)
   at Npgsql.PoolingDataSource.OpenNewConnector(NpgsqlConnection conn, NpgsqlTimeout timeout, Boolean async, CancellationToken cancellationToken)
   at Npgsql.PoolingDataSource.<Get>g__RentAsync|33_0(NpgsqlConnection conn, NpgsqlTimeout timeout, Boolean async, CancellationToken cancellationToken)
   at Npgsql.NpgsqlConnection.<Open>g__OpenAsync|42_0(Boolean async, CancellationToken cancellationToken)
   at Microsoft.EntityFrameworkCore.Storage.RelationalConnection.OpenInternalAsync(Boolean errorsExpected, CancellationToken cancellationToken)
   at Microsoft.EntityFrameworkCore.Storage.RelationalConnection.OpenInternalAsync(Boolean errorsExpected, CancellationToken cancellationToken)
   at Microsoft.EntityFrameworkCore.Storage.RelationalConnection.OpenAsync(CancellationToken cancellationToken, Boolean errorsExpected)
   at Microsoft.EntityFrameworkCore.Storage.RelationalCommand.ExecuteReaderAsync(RelationalCommandParameterObject parameterObject, CancellationToken cancellationToken)
   at Microsoft.EntityFrameworkCore.Query.Internal.SingleQueryingEnumerable`1.AsyncEnumerator.InitializeReaderAsync(AsyncEnumerator enumerator, CancellationToken cancellationToken)
   at Npgsql.EntityFrameworkCore.PostgreSQL.Storage.Internal.NpgsqlExecutionStrategy.ExecuteAsync[TState,TResult](TState state, Func`4 operation, Func`4 verifySucceeded, CancellationToken cancellationToken)
   at Microsoft.EntityFrameworkCore.Query.Internal.SingleQueryingEnumerable`1.AsyncEnumerator.MoveNextAsync()
   at Microsoft.EntityFrameworkCore.EntityFrameworkQueryableExtensions.ToListAsync[TSource](IQueryable`1 source, CancellationToken cancellationToken)
   at Microsoft.EntityFrameworkCore.EntityFrameworkQueryableExtensions.ToListAsync[TSource](IQueryable`1 source, CancellationToken cancellationToken)
   at Freshwalk.API.Controllers.CatalogController.ShoeServices(CancellationToken cancellationToken) in D:\Projects\Freshwalk Shoe Cleaning web app\API\Freshwalk.API\Controllers\CatalogController.cs:line 20
   at Microsoft.AspNetCore.Mvc.Infrastructure.ActionMethodExecutor.TaskOfIActionResultExecutor.Execute(ActionContext actionContext, IActionResultTypeMapper mapper, ObjectMethodExecutor executor, Object controller, Object[] arguments)
   at Microsoft.AspNetCore.Mvc.Infrastructure.ControllerActionInvoker.<InvokeActionMethodAsync>g__Awaited|12_0(ControllerActionInvoker invoker, ValueTask`1 actionResultValueTask)
   at Microsoft.AspNetCore.Mvc.Infrastructure.ControllerActionInvoker.<InvokeNextActionFilterAsync>g__Awaited|10_0(ControllerActionInvoker invoker, Task lastTask, State next, Scope scope, Object state, Boolean isCompleted)
   at Microsoft.AspNetCore.Mvc.Infrastructure.ControllerActionInvoker.Rethrow(ActionExecutedContextSealed context)
   at Microsoft.AspNetCore.Mvc.Infrastructure.ControllerActionInvoker.Next(State& next, Scope& scope, Object& state, Boolean& isCompleted)
   at Microsoft.AspNetCore.Mvc.Infrastructure.ControllerActionInvoker.<InvokeInnerFilterAsync>g__Awaited|13_0(ControllerActionInvoker invoker, Task lastTask, State next, Scope scope, Object state, Boolean isCompleted)
   at Microsoft.AspNetCore.Mvc.Infrastructure.ResourceInvoker.<InvokeFilterPipelineAsync>g__Awaited|20_0(ResourceInvoker invoker, Task lastTask, State next, Scope scope, Object state, Boolean isCompleted)
   at Microsoft.AspNetCore.Mvc.Infrastructure.ResourceInvoker.<InvokeAsync>g__Awaited|17_0(ResourceInvoker invoker, Task task, IDisposable scope)
   at Microsoft.AspNetCore.Mvc.Infrastructure.ResourceInvoker.<InvokeAsync>g__Awaited|17_0(ResourceInvoker invoker, Task task, IDisposable scope)
   at Freshwalk.API.Logging.AuditRequestLoggingMiddleware.InvokeAsync(HttpContext context, RequestDelegate next) in D:\Projects\Freshwalk Shoe Cleaning web app\API\Freshwalk.API\Logging\AuditRequestLoggingMiddleware.cs:line 63
   at Freshwalk.API.Logging.AuditRequestLoggingMiddleware.InvokeAsync(HttpContext context, RequestDelegate next) in D:\Projects\Freshwalk Shoe Cleaning web app\API\Freshwalk.API\Logging\AuditRequestLoggingMiddleware.cs:line 91
   at Freshwalk.API.Logging.AuditRequestLoggingMiddleware.InvokeAsync(HttpContext context, RequestDelegate next) in D:\Projects\Freshwalk Shoe Cleaning web app\API\Freshwalk.API\Logging\AuditRequestLoggingMiddleware.cs:line 91
   at Microsoft.AspNetCore.Builder.UseMiddlewareExtensions.InterfaceMiddlewareBinder.<>c__DisplayClass2_0.<<CreateMiddleware>b__0>d.MoveNext()
--- End of stack trace from previous location ---
   at Microsoft.AspNetCore.Authorization.AuthorizationMiddleware.Invoke(HttpContext context)
   at Microsoft.AspNetCore.Authentication.AuthenticationMiddleware.Invoke(HttpContext context)
   at Serilog.AspNetCore.RequestLoggingMiddleware.Invoke(HttpContext httpContext)
   at Swashbuckle.AspNetCore.SwaggerUI.SwaggerUIMiddleware.Invoke(HttpContext httpContext)
   at Swashbuckle.AspNetCore.Swagger.SwaggerMiddleware.Invoke(HttpContext httpContext, ISwaggerProvider swaggerProvider)
   at Microsoft.AspNetCore.Diagnostics.DeveloperExceptionPageMiddlewareImpl.Invoke(HttpContext context)
2026-04-03 19:44:07.705 +03:00 [ERR] An error occurred using the connection to database 'postgres' on server 'tcp://aws-1-eu-west-1.pooler.supabase.com:5432'.
2026-04-03 19:44:07.708 +03:00 [ERR] An exception occurred while iterating over the results of a query for context type 'Freshwalk.Infrastructure.Data.AppDbContext'.
System.Net.Sockets.SocketException (11001): No such host is known.
   at System.Net.NameResolutionPal.ProcessResult(SocketError errorCode, GetAddrInfoExContext* context)
   at System.Net.NameResolutionPal.GetAddressInfoExCallback(Int32 error, Int32 bytes, NativeOverlapped* overlapped)
--- End of stack trace from previous location ---
   at Npgsql.TaskTimeoutAndCancellation.ExecuteAsync(Func`2 getTaskFunc, NpgsqlTimeout timeout, CancellationToken cancellationToken)
   at Npgsql.TaskTimeoutAndCancellation.ExecuteAsync[TResult](Func`2 getTaskFunc, NpgsqlTimeout timeout, CancellationToken cancellationToken)
   at Npgsql.Internal.NpgsqlConnector.ConnectAsync(NpgsqlTimeout timeout, CancellationToken cancellationToken)
   at Npgsql.Internal.NpgsqlConnector.RawOpen(SslMode sslMode, NpgsqlTimeout timeout, Boolean async, CancellationToken cancellationToken)
   at Npgsql.Internal.NpgsqlConnector.<Open>g__OpenCore|214_1(NpgsqlConnector conn, SslMode sslMode, NpgsqlTimeout timeout, Boolean async, CancellationToken cancellationToken)
   at Npgsql.Internal.NpgsqlConnector.Open(NpgsqlTimeout timeout, Boolean async, CancellationToken cancellationToken)
   at Npgsql.PoolingDataSource.OpenNewConnector(NpgsqlConnection conn, NpgsqlTimeout timeout, Boolean async, CancellationToken cancellationToken)
   at Npgsql.PoolingDataSource.<Get>g__RentAsync|33_0(NpgsqlConnection conn, NpgsqlTimeout timeout, Boolean async, CancellationToken cancellationToken)
   at Npgsql.NpgsqlConnection.<Open>g__OpenAsync|42_0(Boolean async, CancellationToken cancellationToken)
   at Microsoft.EntityFrameworkCore.Storage.RelationalConnection.OpenInternalAsync(Boolean errorsExpected, CancellationToken cancellationToken)
   at Microsoft.EntityFrameworkCore.Storage.RelationalConnection.OpenInternalAsync(Boolean errorsExpected, CancellationToken cancellationToken)
   at Microsoft.EntityFrameworkCore.Storage.RelationalConnection.OpenAsync(CancellationToken cancellationToken, Boolean errorsExpected)
   at Microsoft.EntityFrameworkCore.Storage.RelationalCommand.ExecuteReaderAsync(RelationalCommandParameterObject parameterObject, CancellationToken cancellationToken)
   at Microsoft.EntityFrameworkCore.Query.Internal.SingleQueryingEnumerable`1.AsyncEnumerator.InitializeReaderAsync(AsyncEnumerator enumerator, CancellationToken cancellationToken)
   at Npgsql.EntityFrameworkCore.PostgreSQL.Storage.Internal.NpgsqlExecutionStrategy.ExecuteAsync[TState,TResult](TState state, Func`4 operation, Func`4 verifySucceeded, CancellationToken cancellationToken)
   at Microsoft.EntityFrameworkCore.Query.Internal.SingleQueryingEnumerable`1.AsyncEnumerator.MoveNextAsync()
System.Net.Sockets.SocketException (11001): No such host is known.
   at System.Net.NameResolutionPal.ProcessResult(SocketError errorCode, GetAddrInfoExContext* context)
   at System.Net.NameResolutionPal.GetAddressInfoExCallback(Int32 error, Int32 bytes, NativeOverlapped* overlapped)
--- End of stack trace from previous location ---
   at Npgsql.TaskTimeoutAndCancellation.ExecuteAsync(Func`2 getTaskFunc, NpgsqlTimeout timeout, CancellationToken cancellationToken)
   at Npgsql.TaskTimeoutAndCancellation.ExecuteAsync[TResult](Func`2 getTaskFunc, NpgsqlTimeout timeout, CancellationToken cancellationToken)
   at Npgsql.Internal.NpgsqlConnector.ConnectAsync(NpgsqlTimeout timeout, CancellationToken cancellationToken)
   at Npgsql.Internal.NpgsqlConnector.RawOpen(SslMode sslMode, NpgsqlTimeout timeout, Boolean async, CancellationToken cancellationToken)
   at Npgsql.Internal.NpgsqlConnector.<Open>g__OpenCore|214_1(NpgsqlConnector conn, SslMode sslMode, NpgsqlTimeout timeout, Boolean async, CancellationToken cancellationToken)
   at Npgsql.Internal.NpgsqlConnector.Open(NpgsqlTimeout timeout, Boolean async, CancellationToken cancellationToken)
   at Npgsql.PoolingDataSource.OpenNewConnector(NpgsqlConnection conn, NpgsqlTimeout timeout, Boolean async, CancellationToken cancellationToken)
   at Npgsql.PoolingDataSource.<Get>g__RentAsync|33_0(NpgsqlConnection conn, NpgsqlTimeout timeout, Boolean async, CancellationToken cancellationToken)
   at Npgsql.NpgsqlConnection.<Open>g__OpenAsync|42_0(Boolean async, CancellationToken cancellationToken)
   at Microsoft.EntityFrameworkCore.Storage.RelationalConnection.OpenInternalAsync(Boolean errorsExpected, CancellationToken cancellationToken)
   at Microsoft.EntityFrameworkCore.Storage.RelationalConnection.OpenInternalAsync(Boolean errorsExpected, CancellationToken cancellationToken)
   at Microsoft.EntityFrameworkCore.Storage.RelationalConnection.OpenAsync(CancellationToken cancellationToken, Boolean errorsExpected)
   at Microsoft.EntityFrameworkCore.Storage.RelationalCommand.ExecuteReaderAsync(RelationalCommandParameterObject parameterObject, CancellationToken cancellationToken)
   at Microsoft.EntityFrameworkCore.Query.Internal.SingleQueryingEnumerable`1.AsyncEnumerator.InitializeReaderAsync(AsyncEnumerator enumerator, CancellationToken cancellationToken)
   at Npgsql.EntityFrameworkCore.PostgreSQL.Storage.Internal.NpgsqlExecutionStrategy.ExecuteAsync[TState,TResult](TState state, Func`4 operation, Func`4 verifySucceeded, CancellationToken cancellationToken)
   at Microsoft.EntityFrameworkCore.Query.Internal.SingleQueryingEnumerable`1.AsyncEnumerator.MoveNextAsync()
2026-04-03 19:44:07.720 +03:00 [ERR] HTTP GET /api/catalog/shoe-services responded 500 in 17.7384 ms
System.Net.Sockets.SocketException (11001): No such host is known.
   at System.Net.NameResolutionPal.ProcessResult(SocketError errorCode, GetAddrInfoExContext* context)
   at System.Net.NameResolutionPal.GetAddressInfoExCallback(Int32 error, Int32 bytes, NativeOverlapped* overlapped)
--- End of stack trace from previous location ---
   at Npgsql.TaskTimeoutAndCancellation.ExecuteAsync(Func`2 getTaskFunc, NpgsqlTimeout timeout, CancellationToken cancellationToken)
   at Npgsql.TaskTimeoutAndCancellation.ExecuteAsync[TResult](Func`2 getTaskFunc, NpgsqlTimeout timeout, CancellationToken cancellationToken)
   at Npgsql.Internal.NpgsqlConnector.ConnectAsync(NpgsqlTimeout timeout, CancellationToken cancellationToken)
   at Npgsql.Internal.NpgsqlConnector.RawOpen(SslMode sslMode, NpgsqlTimeout timeout, Boolean async, CancellationToken cancellationToken)
   at Npgsql.Internal.NpgsqlConnector.<Open>g__OpenCore|214_1(NpgsqlConnector conn, SslMode sslMode, NpgsqlTimeout timeout, Boolean async, CancellationToken cancellationToken)
   at Npgsql.Internal.NpgsqlConnector.Open(NpgsqlTimeout timeout, Boolean async, CancellationToken cancellationToken)
   at Npgsql.PoolingDataSource.OpenNewConnector(NpgsqlConnection conn, NpgsqlTimeout timeout, Boolean async, CancellationToken cancellationToken)
   at Npgsql.PoolingDataSource.<Get>g__RentAsync|33_0(NpgsqlConnection conn, NpgsqlTimeout timeout, Boolean async, CancellationToken cancellationToken)
   at Npgsql.NpgsqlConnection.<Open>g__OpenAsync|42_0(Boolean async, CancellationToken cancellationToken)
   at Microsoft.EntityFrameworkCore.Storage.RelationalConnection.OpenInternalAsync(Boolean errorsExpected, CancellationToken cancellationToken)
   at Microsoft.EntityFrameworkCore.Storage.RelationalConnection.OpenInternalAsync(Boolean errorsExpected, CancellationToken cancellationToken)
   at Microsoft.EntityFrameworkCore.Storage.RelationalConnection.OpenAsync(CancellationToken cancellationToken, Boolean errorsExpected)
   at Microsoft.EntityFrameworkCore.Storage.RelationalCommand.ExecuteReaderAsync(RelationalCommandParameterObject parameterObject, CancellationToken cancellationToken)
   at Microsoft.EntityFrameworkCore.Query.Internal.SingleQueryingEnumerable`1.AsyncEnumerator.InitializeReaderAsync(AsyncEnumerator enumerator, CancellationToken cancellationToken)
   at Npgsql.EntityFrameworkCore.PostgreSQL.Storage.Internal.NpgsqlExecutionStrategy.ExecuteAsync[TState,TResult](TState state, Func`4 operation, Func`4 verifySucceeded, CancellationToken cancellationToken)
   at Microsoft.EntityFrameworkCore.Query.Internal.SingleQueryingEnumerable`1.AsyncEnumerator.MoveNextAsync()
   at Microsoft.EntityFrameworkCore.EntityFrameworkQueryableExtensions.ToListAsync[TSource](IQueryable`1 source, CancellationToken cancellationToken)
   at Microsoft.EntityFrameworkCore.EntityFrameworkQueryableExtensions.ToListAsync[TSource](IQueryable`1 source, CancellationToken cancellationToken)
   at Freshwalk.API.Controllers.CatalogController.ShoeServices(CancellationToken cancellationToken) in D:\Projects\Freshwalk Shoe Cleaning web app\API\Freshwalk.API\Controllers\CatalogController.cs:line 20
   at Microsoft.AspNetCore.Mvc.Infrastructure.ActionMethodExecutor.TaskOfIActionResultExecutor.Execute(ActionContext actionContext, IActionResultTypeMapper mapper, ObjectMethodExecutor executor, Object controller, Object[] arguments)
   at Microsoft.AspNetCore.Mvc.Infrastructure.ControllerActionInvoker.<InvokeActionMethodAsync>g__Awaited|12_0(ControllerActionInvoker invoker, ValueTask`1 actionResultValueTask)
   at Microsoft.AspNetCore.Mvc.Infrastructure.ControllerActionInvoker.<InvokeNextActionFilterAsync>g__Awaited|10_0(ControllerActionInvoker invoker, Task lastTask, State next, Scope scope, Object state, Boolean isCompleted)
   at Microsoft.AspNetCore.Mvc.Infrastructure.ControllerActionInvoker.Rethrow(ActionExecutedContextSealed context)
   at Microsoft.AspNetCore.Mvc.Infrastructure.ControllerActionInvoker.Next(State& next, Scope& scope, Object& state, Boolean& isCompleted)
   at Microsoft.AspNetCore.Mvc.Infrastructure.ControllerActionInvoker.<InvokeInnerFilterAsync>g__Awaited|13_0(ControllerActionInvoker invoker, Task lastTask, State next, Scope scope, Object state, Boolean isCompleted)
   at Microsoft.AspNetCore.Mvc.Infrastructure.ResourceInvoker.<InvokeFilterPipelineAsync>g__Awaited|20_0(ResourceInvoker invoker, Task lastTask, State next, Scope scope, Object state, Boolean isCompleted)
   at Microsoft.AspNetCore.Mvc.Infrastructure.ResourceInvoker.<InvokeAsync>g__Awaited|17_0(ResourceInvoker invoker, Task task, IDisposable scope)
   at Microsoft.AspNetCore.Mvc.Infrastructure.ResourceInvoker.<InvokeAsync>g__Awaited|17_0(ResourceInvoker invoker, Task task, IDisposable scope)
   at Freshwalk.API.Logging.AuditRequestLoggingMiddleware.InvokeAsync(HttpContext context, RequestDelegate next) in D:\Projects\Freshwalk Shoe Cleaning web app\API\Freshwalk.API\Logging\AuditRequestLoggingMiddleware.cs:line 63
   at Freshwalk.API.Logging.AuditRequestLoggingMiddleware.InvokeAsync(HttpContext context, RequestDelegate next) in D:\Projects\Freshwalk Shoe Cleaning web app\API\Freshwalk.API\Logging\AuditRequestLoggingMiddleware.cs:line 91
   at Freshwalk.API.Logging.AuditRequestLoggingMiddleware.InvokeAsync(HttpContext context, RequestDelegate next) in D:\Projects\Freshwalk Shoe Cleaning web app\API\Freshwalk.API\Logging\AuditRequestLoggingMiddleware.cs:line 91
   at Microsoft.AspNetCore.Builder.UseMiddlewareExtensions.InterfaceMiddlewareBinder.<>c__DisplayClass2_0.<<CreateMiddleware>b__0>d.MoveNext()
--- End of stack trace from previous location ---
   at Microsoft.AspNetCore.Authorization.AuthorizationMiddleware.Invoke(HttpContext context)
   at Microsoft.AspNetCore.Authentication.AuthenticationMiddleware.Invoke(HttpContext context)
   at Serilog.AspNetCore.RequestLoggingMiddleware.Invoke(HttpContext httpContext)
2026-04-03 19:44:07.735 +03:00 [ERR] An unhandled exception has occurred while executing the request.
System.Net.Sockets.SocketException (11001): No such host is known.
   at System.Net.NameResolutionPal.ProcessResult(SocketError errorCode, GetAddrInfoExContext* context)
   at System.Net.NameResolutionPal.GetAddressInfoExCallback(Int32 error, Int32 bytes, NativeOverlapped* overlapped)
--- End of stack trace from previous location ---
   at Npgsql.TaskTimeoutAndCancellation.ExecuteAsync(Func`2 getTaskFunc, NpgsqlTimeout timeout, CancellationToken cancellationToken)
   at Npgsql.TaskTimeoutAndCancellation.ExecuteAsync[TResult](Func`2 getTaskFunc, NpgsqlTimeout timeout, CancellationToken cancellationToken)
   at Npgsql.Internal.NpgsqlConnector.ConnectAsync(NpgsqlTimeout timeout, CancellationToken cancellationToken)
   at Npgsql.Internal.NpgsqlConnector.RawOpen(SslMode sslMode, NpgsqlTimeout timeout, Boolean async, CancellationToken cancellationToken)
   at Npgsql.Internal.NpgsqlConnector.<Open>g__OpenCore|214_1(NpgsqlConnector conn, SslMode sslMode, NpgsqlTimeout timeout, Boolean async, CancellationToken cancellationToken)
   at Npgsql.Internal.NpgsqlConnector.Open(NpgsqlTimeout timeout, Boolean async, CancellationToken cancellationToken)
   at Npgsql.PoolingDataSource.OpenNewConnector(NpgsqlConnection conn, NpgsqlTimeout timeout, Boolean async, CancellationToken cancellationToken)
   at Npgsql.PoolingDataSource.<Get>g__RentAsync|33_0(NpgsqlConnection conn, NpgsqlTimeout timeout, Boolean async, CancellationToken cancellationToken)
   at Npgsql.NpgsqlConnection.<Open>g__OpenAsync|42_0(Boolean async, CancellationToken cancellationToken)
   at Microsoft.EntityFrameworkCore.Storage.RelationalConnection.OpenInternalAsync(Boolean errorsExpected, CancellationToken cancellationToken)
   at Microsoft.EntityFrameworkCore.Storage.RelationalConnection.OpenInternalAsync(Boolean errorsExpected, CancellationToken cancellationToken)
   at Microsoft.EntityFrameworkCore.Storage.RelationalConnection.OpenAsync(CancellationToken cancellationToken, Boolean errorsExpected)
   at Microsoft.EntityFrameworkCore.Storage.RelationalCommand.ExecuteReaderAsync(RelationalCommandParameterObject parameterObject, CancellationToken cancellationToken)
   at Microsoft.EntityFrameworkCore.Query.Internal.SingleQueryingEnumerable`1.AsyncEnumerator.InitializeReaderAsync(AsyncEnumerator enumerator, CancellationToken cancellationToken)
   at Npgsql.EntityFrameworkCore.PostgreSQL.Storage.Internal.NpgsqlExecutionStrategy.ExecuteAsync[TState,TResult](TState state, Func`4 operation, Func`4 verifySucceeded, CancellationToken cancellationToken)
   at Microsoft.EntityFrameworkCore.Query.Internal.SingleQueryingEnumerable`1.AsyncEnumerator.MoveNextAsync()
   at Microsoft.EntityFrameworkCore.EntityFrameworkQueryableExtensions.ToListAsync[TSource](IQueryable`1 source, CancellationToken cancellationToken)
   at Microsoft.EntityFrameworkCore.EntityFrameworkQueryableExtensions.ToListAsync[TSource](IQueryable`1 source, CancellationToken cancellationToken)
   at Freshwalk.API.Controllers.CatalogController.ShoeServices(CancellationToken cancellationToken) in D:\Projects\Freshwalk Shoe Cleaning web app\API\Freshwalk.API\Controllers\CatalogController.cs:line 20
   at Microsoft.AspNetCore.Mvc.Infrastructure.ActionMethodExecutor.TaskOfIActionResultExecutor.Execute(ActionContext actionContext, IActionResultTypeMapper mapper, ObjectMethodExecutor executor, Object controller, Object[] arguments)
   at Microsoft.AspNetCore.Mvc.Infrastructure.ControllerActionInvoker.<InvokeActionMethodAsync>g__Awaited|12_0(ControllerActionInvoker invoker, ValueTask`1 actionResultValueTask)
   at Microsoft.AspNetCore.Mvc.Infrastructure.ControllerActionInvoker.<InvokeNextActionFilterAsync>g__Awaited|10_0(ControllerActionInvoker invoker, Task lastTask, State next, Scope scope, Object state, Boolean isCompleted)
   at Microsoft.AspNetCore.Mvc.Infrastructure.ControllerActionInvoker.Rethrow(ActionExecutedContextSealed context)
   at Microsoft.AspNetCore.Mvc.Infrastructure.ControllerActionInvoker.Next(State& next, Scope& scope, Object& state, Boolean& isCompleted)
   at Microsoft.AspNetCore.Mvc.Infrastructure.ControllerActionInvoker.<InvokeInnerFilterAsync>g__Awaited|13_0(ControllerActionInvoker invoker, Task lastTask, State next, Scope scope, Object state, Boolean isCompleted)
   at Microsoft.AspNetCore.Mvc.Infrastructure.ResourceInvoker.<InvokeFilterPipelineAsync>g__Awaited|20_0(ResourceInvoker invoker, Task lastTask, State next, Scope scope, Object state, Boolean isCompleted)
   at Microsoft.AspNetCore.Mvc.Infrastructure.ResourceInvoker.<InvokeAsync>g__Awaited|17_0(ResourceInvoker invoker, Task task, IDisposable scope)
   at Microsoft.AspNetCore.Mvc.Infrastructure.ResourceInvoker.<InvokeAsync>g__Awaited|17_0(ResourceInvoker invoker, Task task, IDisposable scope)
   at Freshwalk.API.Logging.AuditRequestLoggingMiddleware.InvokeAsync(HttpContext context, RequestDelegate next) in D:\Projects\Freshwalk Shoe Cleaning web app\API\Freshwalk.API\Logging\AuditRequestLoggingMiddleware.cs:line 63
   at Freshwalk.API.Logging.AuditRequestLoggingMiddleware.InvokeAsync(HttpContext context, RequestDelegate next) in D:\Projects\Freshwalk Shoe Cleaning web app\API\Freshwalk.API\Logging\AuditRequestLoggingMiddleware.cs:line 91
   at Freshwalk.API.Logging.AuditRequestLoggingMiddleware.InvokeAsync(HttpContext context, RequestDelegate next) in D:\Projects\Freshwalk Shoe Cleaning web app\API\Freshwalk.API\Logging\AuditRequestLoggingMiddleware.cs:line 91
   at Microsoft.AspNetCore.Builder.UseMiddlewareExtensions.InterfaceMiddlewareBinder.<>c__DisplayClass2_0.<<CreateMiddleware>b__0>d.MoveNext()
--- End of stack trace from previous location ---
   at Microsoft.AspNetCore.Authorization.AuthorizationMiddleware.Invoke(HttpContext context)
   at Microsoft.AspNetCore.Authentication.AuthenticationMiddleware.Invoke(HttpContext context)
   at Serilog.AspNetCore.RequestLoggingMiddleware.Invoke(HttpContext httpContext)
   at Swashbuckle.AspNetCore.SwaggerUI.SwaggerUIMiddleware.Invoke(HttpContext httpContext)
   at Swashbuckle.AspNetCore.Swagger.SwaggerMiddleware.Invoke(HttpContext httpContext, ISwaggerProvider swaggerProvider)
   at Microsoft.AspNetCore.Diagnostics.DeveloperExceptionPageMiddlewareImpl.Invoke(HttpContext context)
2026-04-03 19:44:56.404 +03:00 [INF] HTTP OPTIONS /api/catalog/shoe-services responded 204 in 0.0374 ms
2026-04-03 19:44:56.410 +03:00 [INF] HTTP OPTIONS /api/catalog/shoe-services responded 204 in 0.2039 ms
2026-04-03 19:44:56.429 +03:00 [ERR] An error occurred using the connection to database 'postgres' on server 'tcp://aws-1-eu-west-1.pooler.supabase.com:5432'.
2026-04-03 19:44:56.435 +03:00 [ERR] An exception occurred while iterating over the results of a query for context type 'Freshwalk.Infrastructure.Data.AppDbContext'.
System.Net.Sockets.SocketException (11001): No such host is known.
   at System.Net.NameResolutionPal.ProcessResult(SocketError errorCode, GetAddrInfoExContext* context)
   at System.Net.NameResolutionPal.GetAddressInfoExCallback(Int32 error, Int32 bytes, NativeOverlapped* overlapped)
--- End of stack trace from previous location ---
   at Npgsql.TaskTimeoutAndCancellation.ExecuteAsync(Func`2 getTaskFunc, NpgsqlTimeout timeout, CancellationToken cancellationToken)
   at Npgsql.TaskTimeoutAndCancellation.ExecuteAsync[TResult](Func`2 getTaskFunc, NpgsqlTimeout timeout, CancellationToken cancellationToken)
   at Npgsql.Internal.NpgsqlConnector.ConnectAsync(NpgsqlTimeout timeout, CancellationToken cancellationToken)
   at Npgsql.Internal.NpgsqlConnector.RawOpen(SslMode sslMode, NpgsqlTimeout timeout, Boolean async, CancellationToken cancellationToken)
   at Npgsql.Internal.NpgsqlConnector.<Open>g__OpenCore|214_1(NpgsqlConnector conn, SslMode sslMode, NpgsqlTimeout timeout, Boolean async, CancellationToken cancellationToken)
   at Npgsql.Internal.NpgsqlConnector.Open(NpgsqlTimeout timeout, Boolean async, CancellationToken cancellationToken)
   at Npgsql.PoolingDataSource.OpenNewConnector(NpgsqlConnection conn, NpgsqlTimeout timeout, Boolean async, CancellationToken cancellationToken)
   at Npgsql.PoolingDataSource.<Get>g__RentAsync|33_0(NpgsqlConnection conn, NpgsqlTimeout timeout, Boolean async, CancellationToken cancellationToken)
   at Npgsql.NpgsqlConnection.<Open>g__OpenAsync|42_0(Boolean async, CancellationToken cancellationToken)
   at Microsoft.EntityFrameworkCore.Storage.RelationalConnection.OpenInternalAsync(Boolean errorsExpected, CancellationToken cancellationToken)
   at Microsoft.EntityFrameworkCore.Storage.RelationalConnection.OpenInternalAsync(Boolean errorsExpected, CancellationToken cancellationToken)
   at Microsoft.EntityFrameworkCore.Storage.RelationalConnection.OpenAsync(CancellationToken cancellationToken, Boolean errorsExpected)
   at Microsoft.EntityFrameworkCore.Storage.RelationalCommand.ExecuteReaderAsync(RelationalCommandParameterObject parameterObject, CancellationToken cancellationToken)
   at Microsoft.EntityFrameworkCore.Query.Internal.SingleQueryingEnumerable`1.AsyncEnumerator.InitializeReaderAsync(AsyncEnumerator enumerator, CancellationToken cancellationToken)
   at Npgsql.EntityFrameworkCore.PostgreSQL.Storage.Internal.NpgsqlExecutionStrategy.ExecuteAsync[TState,TResult](TState state, Func`4 operation, Func`4 verifySucceeded, CancellationToken cancellationToken)
   at Microsoft.EntityFrameworkCore.Query.Internal.SingleQueryingEnumerable`1.AsyncEnumerator.MoveNextAsync()
System.Net.Sockets.SocketException (11001): No such host is known.
   at System.Net.NameResolutionPal.ProcessResult(SocketError errorCode, GetAddrInfoExContext* context)
   at System.Net.NameResolutionPal.GetAddressInfoExCallback(Int32 error, Int32 bytes, NativeOverlapped* overlapped)
--- End of stack trace from previous location ---
   at Npgsql.TaskTimeoutAndCancellation.ExecuteAsync(Func`2 getTaskFunc, NpgsqlTimeout timeout, CancellationToken cancellationToken)
   at Npgsql.TaskTimeoutAndCancellation.ExecuteAsync[TResult](Func`2 getTaskFunc, NpgsqlTimeout timeout, CancellationToken cancellationToken)
   at Npgsql.Internal.NpgsqlConnector.ConnectAsync(NpgsqlTimeout timeout, CancellationToken cancellationToken)
   at Npgsql.Internal.NpgsqlConnector.RawOpen(SslMode sslMode, NpgsqlTimeout timeout, Boolean async, CancellationToken cancellationToken)
   at Npgsql.Internal.NpgsqlConnector.<Open>g__OpenCore|214_1(NpgsqlConnector conn, SslMode sslMode, NpgsqlTimeout timeout, Boolean async, CancellationToken cancellationToken)
   at Npgsql.Internal.NpgsqlConnector.Open(NpgsqlTimeout timeout, Boolean async, CancellationToken cancellationToken)
   at Npgsql.PoolingDataSource.OpenNewConnector(NpgsqlConnection conn, NpgsqlTimeout timeout, Boolean async, CancellationToken cancellationToken)
   at Npgsql.PoolingDataSource.<Get>g__RentAsync|33_0(NpgsqlConnection conn, NpgsqlTimeout timeout, Boolean async, CancellationToken cancellationToken)
   at Npgsql.NpgsqlConnection.<Open>g__OpenAsync|42_0(Boolean async, CancellationToken cancellationToken)
   at Microsoft.EntityFrameworkCore.Storage.RelationalConnection.OpenInternalAsync(Boolean errorsExpected, CancellationToken cancellationToken)
   at Microsoft.EntityFrameworkCore.Storage.RelationalConnection.OpenInternalAsync(Boolean errorsExpected, CancellationToken cancellationToken)
   at Microsoft.EntityFrameworkCore.Storage.RelationalConnection.OpenAsync(CancellationToken cancellationToken, Boolean errorsExpected)
   at Microsoft.EntityFrameworkCore.Storage.RelationalCommand.ExecuteReaderAsync(RelationalCommandParameterObject parameterObject, CancellationToken cancellationToken)
   at Microsoft.EntityFrameworkCore.Query.Internal.SingleQueryingEnumerable`1.AsyncEnumerator.InitializeReaderAsync(AsyncEnumerator enumerator, CancellationToken cancellationToken)
   at Npgsql.EntityFrameworkCore.PostgreSQL.Storage.Internal.NpgsqlExecutionStrategy.ExecuteAsync[TState,TResult](TState state, Func`4 operation, Func`4 verifySucceeded, CancellationToken cancellationToken)
   at Microsoft.EntityFrameworkCore.Query.Internal.SingleQueryingEnumerable`1.AsyncEnumerator.MoveNextAsync()
2026-04-03 19:44:56.454 +03:00 [ERR] HTTP GET /api/catalog/shoe-services responded 500 in 28.4834 ms
System.Net.Sockets.SocketException (11001): No such host is known.
   at System.Net.NameResolutionPal.ProcessResult(SocketError errorCode, GetAddrInfoExContext* context)
   at System.Net.NameResolutionPal.GetAddressInfoExCallback(Int32 error, Int32 bytes, NativeOverlapped* overlapped)
--- End of stack trace from previous location ---
   at Npgsql.TaskTimeoutAndCancellation.ExecuteAsync(Func`2 getTaskFunc, NpgsqlTimeout timeout, CancellationToken cancellationToken)
   at Npgsql.TaskTimeoutAndCancellation.ExecuteAsync[TResult](Func`2 getTaskFunc, NpgsqlTimeout timeout, CancellationToken cancellationToken)
   at Npgsql.Internal.NpgsqlConnector.ConnectAsync(NpgsqlTimeout timeout, CancellationToken cancellationToken)
   at Npgsql.Internal.NpgsqlConnector.RawOpen(SslMode sslMode, NpgsqlTimeout timeout, Boolean async, CancellationToken cancellationToken)
   at Npgsql.Internal.NpgsqlConnector.<Open>g__OpenCore|214_1(NpgsqlConnector conn, SslMode sslMode, NpgsqlTimeout timeout, Boolean async, CancellationToken cancellationToken)
   at Npgsql.Internal.NpgsqlConnector.Open(NpgsqlTimeout timeout, Boolean async, CancellationToken cancellationToken)
   at Npgsql.PoolingDataSource.OpenNewConnector(NpgsqlConnection conn, NpgsqlTimeout timeout, Boolean async, CancellationToken cancellationToken)
   at Npgsql.PoolingDataSource.<Get>g__RentAsync|33_0(NpgsqlConnection conn, NpgsqlTimeout timeout, Boolean async, CancellationToken cancellationToken)
   at Npgsql.NpgsqlConnection.<Open>g__OpenAsync|42_0(Boolean async, CancellationToken cancellationToken)
   at Microsoft.EntityFrameworkCore.Storage.RelationalConnection.OpenInternalAsync(Boolean errorsExpected, CancellationToken cancellationToken)
   at Microsoft.EntityFrameworkCore.Storage.RelationalConnection.OpenInternalAsync(Boolean errorsExpected, CancellationToken cancellationToken)
   at Microsoft.EntityFrameworkCore.Storage.RelationalConnection.OpenAsync(CancellationToken cancellationToken, Boolean errorsExpected)
   at Microsoft.EntityFrameworkCore.Storage.RelationalCommand.ExecuteReaderAsync(RelationalCommandParameterObject parameterObject, CancellationToken cancellationToken)
   at Microsoft.EntityFrameworkCore.Query.Internal.SingleQueryingEnumerable`1.AsyncEnumerator.InitializeReaderAsync(AsyncEnumerator enumerator, CancellationToken cancellationToken)
   at Npgsql.EntityFrameworkCore.PostgreSQL.Storage.Internal.NpgsqlExecutionStrategy.ExecuteAsync[TState,TResult](TState state, Func`4 operation, Func`4 verifySucceeded, CancellationToken cancellationToken)
   at Microsoft.EntityFrameworkCore.Query.Internal.SingleQueryingEnumerable`1.AsyncEnumerator.MoveNextAsync()
   at Microsoft.EntityFrameworkCore.EntityFrameworkQueryableExtensions.ToListAsync[TSource](IQueryable`1 source, CancellationToken cancellationToken)
   at Microsoft.EntityFrameworkCore.EntityFrameworkQueryableExtensions.ToListAsync[TSource](IQueryable`1 source, CancellationToken cancellationToken)
   at Freshwalk.API.Controllers.CatalogController.ShoeServices(CancellationToken cancellationToken) in D:\Projects\Freshwalk Shoe Cleaning web app\API\Freshwalk.API\Controllers\CatalogController.cs:line 20
   at Microsoft.AspNetCore.Mvc.Infrastructure.ActionMethodExecutor.TaskOfIActionResultExecutor.Execute(ActionContext actionContext, IActionResultTypeMapper mapper, ObjectMethodExecutor executor, Object controller, Object[] arguments)
   at Microsoft.AspNetCore.Mvc.Infrastructure.ControllerActionInvoker.<InvokeActionMethodAsync>g__Awaited|12_0(ControllerActionInvoker invoker, ValueTask`1 actionResultValueTask)
   at Microsoft.AspNetCore.Mvc.Infrastructure.ControllerActionInvoker.<InvokeNextActionFilterAsync>g__Awaited|10_0(ControllerActionInvoker invoker, Task lastTask, State next, Scope scope, Object state, Boolean isCompleted)
   at Microsoft.AspNetCore.Mvc.Infrastructure.ControllerActionInvoker.Rethrow(ActionExecutedContextSealed context)
   at Microsoft.AspNetCore.Mvc.Infrastructure.ControllerActionInvoker.Next(State& next, Scope& scope, Object& state, Boolean& isCompleted)
   at Microsoft.AspNetCore.Mvc.Infrastructure.ControllerActionInvoker.<InvokeInnerFilterAsync>g__Awaited|13_0(ControllerActionInvoker invoker, Task lastTask, State next, Scope scope, Object state, Boolean isCompleted)
   at Microsoft.AspNetCore.Mvc.Infrastructure.ResourceInvoker.<InvokeFilterPipelineAsync>g__Awaited|20_0(ResourceInvoker invoker, Task lastTask, State next, Scope scope, Object state, Boolean isCompleted)
   at Microsoft.AspNetCore.Mvc.Infrastructure.ResourceInvoker.<InvokeAsync>g__Awaited|17_0(ResourceInvoker invoker, Task task, IDisposable scope)
   at Microsoft.AspNetCore.Mvc.Infrastructure.ResourceInvoker.<InvokeAsync>g__Awaited|17_0(ResourceInvoker invoker, Task task, IDisposable scope)
   at Freshwalk.API.Logging.AuditRequestLoggingMiddleware.InvokeAsync(HttpContext context, RequestDelegate next) in D:\Projects\Freshwalk Shoe Cleaning web app\API\Freshwalk.API\Logging\AuditRequestLoggingMiddleware.cs:line 63
   at Freshwalk.API.Logging.AuditRequestLoggingMiddleware.InvokeAsync(HttpContext context, RequestDelegate next) in D:\Projects\Freshwalk Shoe Cleaning web app\API\Freshwalk.API\Logging\AuditRequestLoggingMiddleware.cs:line 91
   at Freshwalk.API.Logging.AuditRequestLoggingMiddleware.InvokeAsync(HttpContext context, RequestDelegate next) in D:\Projects\Freshwalk Shoe Cleaning web app\API\Freshwalk.API\Logging\AuditRequestLoggingMiddleware.cs:line 91
   at Microsoft.AspNetCore.Builder.UseMiddlewareExtensions.InterfaceMiddlewareBinder.<>c__DisplayClass2_0.<<CreateMiddleware>b__0>d.MoveNext()
--- End of stack trace from previous location ---
   at Microsoft.AspNetCore.Authorization.AuthorizationMiddleware.Invoke(HttpContext context)
   at Microsoft.AspNetCore.Authentication.AuthenticationMiddleware.Invoke(HttpContext context)
   at Serilog.AspNetCore.RequestLoggingMiddleware.Invoke(HttpContext httpContext)
2026-04-03 19:44:56.480 +03:00 [ERR] An unhandled exception has occurred while executing the request.
System.Net.Sockets.SocketException (11001): No such host is known.
   at System.Net.NameResolutionPal.ProcessResult(SocketError errorCode, GetAddrInfoExContext* context)
   at System.Net.NameResolutionPal.GetAddressInfoExCallback(Int32 error, Int32 bytes, NativeOverlapped* overlapped)
--- End of stack trace from previous location ---
   at Npgsql.TaskTimeoutAndCancellation.ExecuteAsync(Func`2 getTaskFunc, NpgsqlTimeout timeout, CancellationToken cancellationToken)
   at Npgsql.TaskTimeoutAndCancellation.ExecuteAsync[TResult](Func`2 getTaskFunc, NpgsqlTimeout timeout, CancellationToken cancellationToken)
   at Npgsql.Internal.NpgsqlConnector.ConnectAsync(NpgsqlTimeout timeout, CancellationToken cancellationToken)
   at Npgsql.Internal.NpgsqlConnector.RawOpen(SslMode sslMode, NpgsqlTimeout timeout, Boolean async, CancellationToken cancellationToken)
   at Npgsql.Internal.NpgsqlConnector.<Open>g__OpenCore|214_1(NpgsqlConnector conn, SslMode sslMode, NpgsqlTimeout timeout, Boolean async, CancellationToken cancellationToken)
   at Npgsql.Internal.NpgsqlConnector.Open(NpgsqlTimeout timeout, Boolean async, CancellationToken cancellationToken)
   at Npgsql.PoolingDataSource.OpenNewConnector(NpgsqlConnection conn, NpgsqlTimeout timeout, Boolean async, CancellationToken cancellationToken)
   at Npgsql.PoolingDataSource.<Get>g__RentAsync|33_0(NpgsqlConnection conn, NpgsqlTimeout timeout, Boolean async, CancellationToken cancellationToken)
   at Npgsql.NpgsqlConnection.<Open>g__OpenAsync|42_0(Boolean async, CancellationToken cancellationToken)
   at Microsoft.EntityFrameworkCore.Storage.RelationalConnection.OpenInternalAsync(Boolean errorsExpected, CancellationToken cancellationToken)
   at Microsoft.EntityFrameworkCore.Storage.RelationalConnection.OpenInternalAsync(Boolean errorsExpected, CancellationToken cancellationToken)
   at Microsoft.EntityFrameworkCore.Storage.RelationalConnection.OpenAsync(CancellationToken cancellationToken, Boolean errorsExpected)
   at Microsoft.EntityFrameworkCore.Storage.RelationalCommand.ExecuteReaderAsync(RelationalCommandParameterObject parameterObject, CancellationToken cancellationToken)
   at Microsoft.EntityFrameworkCore.Query.Internal.SingleQueryingEnumerable`1.AsyncEnumerator.InitializeReaderAsync(AsyncEnumerator enumerator, CancellationToken cancellationToken)
   at Npgsql.EntityFrameworkCore.PostgreSQL.Storage.Internal.NpgsqlExecutionStrategy.ExecuteAsync[TState,TResult](TState state, Func`4 operation, Func`4 verifySucceeded, CancellationToken cancellationToken)
   at Microsoft.EntityFrameworkCore.Query.Internal.SingleQueryingEnumerable`1.AsyncEnumerator.MoveNextAsync()
   at Microsoft.EntityFrameworkCore.EntityFrameworkQueryableExtensions.ToListAsync[TSource](IQueryable`1 source, CancellationToken cancellationToken)
   at Microsoft.EntityFrameworkCore.EntityFrameworkQueryableExtensions.ToListAsync[TSource](IQueryable`1 source, CancellationToken cancellationToken)
   at Freshwalk.API.Controllers.CatalogController.ShoeServices(CancellationToken cancellationToken) in D:\Projects\Freshwalk Shoe Cleaning web app\API\Freshwalk.API\Controllers\CatalogController.cs:line 20
   at Microsoft.AspNetCore.Mvc.Infrastructure.ActionMethodExecutor.TaskOfIActionResultExecutor.Execute(ActionContext actionContext, IActionResultTypeMapper mapper, ObjectMethodExecutor executor, Object controller, Object[] arguments)
   at Microsoft.AspNetCore.Mvc.Infrastructure.ControllerActionInvoker.<InvokeActionMethodAsync>g__Awaited|12_0(ControllerActionInvoker invoker, ValueTask`1 actionResultValueTask)
   at Microsoft.AspNetCore.Mvc.Infrastructure.ControllerActionInvoker.<InvokeNextActionFilterAsync>g__Awaited|10_0(ControllerActionInvoker invoker, Task lastTask, State next, Scope scope, Object state, Boolean isCompleted)
   at Microsoft.AspNetCore.Mvc.Infrastructure.ControllerActionInvoker.Rethrow(ActionExecutedContextSealed context)
   at Microsoft.AspNetCore.Mvc.Infrastructure.ControllerActionInvoker.Next(State& next, Scope& scope, Object& state, Boolean& isCompleted)
   at Microsoft.AspNetCore.Mvc.Infrastructure.ControllerActionInvoker.<InvokeInnerFilterAsync>g__Awaited|13_0(ControllerActionInvoker invoker, Task lastTask, State next, Scope scope, Object state, Boolean isCompleted)
   at Microsoft.AspNetCore.Mvc.Infrastructure.ResourceInvoker.<InvokeFilterPipelineAsync>g__Awaited|20_0(ResourceInvoker invoker, Task lastTask, State next, Scope scope, Object state, Boolean isCompleted)
   at Microsoft.AspNetCore.Mvc.Infrastructure.ResourceInvoker.<InvokeAsync>g__Awaited|17_0(ResourceInvoker invoker, Task task, IDisposable scope)
   at Microsoft.AspNetCore.Mvc.Infrastructure.ResourceInvoker.<InvokeAsync>g__Awaited|17_0(ResourceInvoker invoker, Task task, IDisposable scope)
   at Freshwalk.API.Logging.AuditRequestLoggingMiddleware.InvokeAsync(HttpContext context, RequestDelegate next) in D:\Projects\Freshwalk Shoe Cleaning web app\API\Freshwalk.API\Logging\AuditRequestLoggingMiddleware.cs:line 63
   at Freshwalk.API.Logging.AuditRequestLoggingMiddleware.InvokeAsync(HttpContext context, RequestDelegate next) in D:\Projects\Freshwalk Shoe Cleaning web app\API\Freshwalk.API\Logging\AuditRequestLoggingMiddleware.cs:line 91
   at Freshwalk.API.Logging.AuditRequestLoggingMiddleware.InvokeAsync(HttpContext context, RequestDelegate next) in D:\Projects\Freshwalk Shoe Cleaning web app\API\Freshwalk.API\Logging\AuditRequestLoggingMiddleware.cs:line 91
   at Microsoft.AspNetCore.Builder.UseMiddlewareExtensions.InterfaceMiddlewareBinder.<>c__DisplayClass2_0.<<CreateMiddleware>b__0>d.MoveNext()
--- End of stack trace from previous location ---
   at Microsoft.AspNetCore.Authorization.AuthorizationMiddleware.Invoke(HttpContext context)
   at Microsoft.AspNetCore.Authentication.AuthenticationMiddleware.Invoke(HttpContext context)
   at Serilog.AspNetCore.RequestLoggingMiddleware.Invoke(HttpContext httpContext)
   at Swashbuckle.AspNetCore.SwaggerUI.SwaggerUIMiddleware.Invoke(HttpContext httpContext)
   at Swashbuckle.AspNetCore.Swagger.SwaggerMiddleware.Invoke(HttpContext httpContext, ISwaggerProvider swaggerProvider)
   at Microsoft.AspNetCore.Diagnostics.DeveloperExceptionPageMiddlewareImpl.Invoke(HttpContext context)
2026-04-03 19:44:56.504 +03:00 [ERR] An error occurred using the connection to database 'postgres' on server 'tcp://aws-1-eu-west-1.pooler.supabase.com:5432'.
2026-04-03 19:44:56.507 +03:00 [ERR] An exception occurred while iterating over the results of a query for context type 'Freshwalk.Infrastructure.Data.AppDbContext'.
System.Net.Sockets.SocketException (11001): No such host is known.
   at System.Net.NameResolutionPal.ProcessResult(SocketError errorCode, GetAddrInfoExContext* context)
   at System.Net.NameResolutionPal.GetAddressInfoExCallback(Int32 error, Int32 bytes, NativeOverlapped* overlapped)
--- End of stack trace from previous location ---
   at Npgsql.TaskTimeoutAndCancellation.ExecuteAsync(Func`2 getTaskFunc, NpgsqlTimeout timeout, CancellationToken cancellationToken)
   at Npgsql.TaskTimeoutAndCancellation.ExecuteAsync[TResult](Func`2 getTaskFunc, NpgsqlTimeout timeout, CancellationToken cancellationToken)
   at Npgsql.Internal.NpgsqlConnector.ConnectAsync(NpgsqlTimeout timeout, CancellationToken cancellationToken)
   at Npgsql.Internal.NpgsqlConnector.RawOpen(SslMode sslMode, NpgsqlTimeout timeout, Boolean async, CancellationToken cancellationToken)
   at Npgsql.Internal.NpgsqlConnector.<Open>g__OpenCore|214_1(NpgsqlConnector conn, SslMode sslMode, NpgsqlTimeout timeout, Boolean async, CancellationToken cancellationToken)
   at Npgsql.Internal.NpgsqlConnector.Open(NpgsqlTimeout timeout, Boolean async, CancellationToken cancellationToken)
   at Npgsql.PoolingDataSource.OpenNewConnector(NpgsqlConnection conn, NpgsqlTimeout timeout, Boolean async, CancellationToken cancellationToken)
   at Npgsql.PoolingDataSource.<Get>g__RentAsync|33_0(NpgsqlConnection conn, NpgsqlTimeout timeout, Boolean async, CancellationToken cancellationToken)
   at Npgsql.NpgsqlConnection.<Open>g__OpenAsync|42_0(Boolean async, CancellationToken cancellationToken)
   at Microsoft.EntityFrameworkCore.Storage.RelationalConnection.OpenInternalAsync(Boolean errorsExpected, CancellationToken cancellationToken)
   at Microsoft.EntityFrameworkCore.Storage.RelationalConnection.OpenInternalAsync(Boolean errorsExpected, CancellationToken cancellationToken)
   at Microsoft.EntityFrameworkCore.Storage.RelationalConnection.OpenAsync(CancellationToken cancellationToken, Boolean errorsExpected)
   at Microsoft.EntityFrameworkCore.Storage.RelationalCommand.ExecuteReaderAsync(RelationalCommandParameterObject parameterObject, CancellationToken cancellationToken)
   at Microsoft.EntityFrameworkCore.Query.Internal.SingleQueryingEnumerable`1.AsyncEnumerator.InitializeReaderAsync(AsyncEnumerator enumerator, CancellationToken cancellationToken)
   at Npgsql.EntityFrameworkCore.PostgreSQL.Storage.Internal.NpgsqlExecutionStrategy.ExecuteAsync[TState,TResult](TState state, Func`4 operation, Func`4 verifySucceeded, CancellationToken cancellationToken)
   at Microsoft.EntityFrameworkCore.Query.Internal.SingleQueryingEnumerable`1.AsyncEnumerator.MoveNextAsync()
System.Net.Sockets.SocketException (11001): No such host is known.
   at System.Net.NameResolutionPal.ProcessResult(SocketError errorCode, GetAddrInfoExContext* context)
   at System.Net.NameResolutionPal.GetAddressInfoExCallback(Int32 error, Int32 bytes, NativeOverlapped* overlapped)
--- End of stack trace from previous location ---
   at Npgsql.TaskTimeoutAndCancellation.ExecuteAsync(Func`2 getTaskFunc, NpgsqlTimeout timeout, CancellationToken cancellationToken)
   at Npgsql.TaskTimeoutAndCancellation.ExecuteAsync[TResult](Func`2 getTaskFunc, NpgsqlTimeout timeout, CancellationToken cancellationToken)
   at Npgsql.Internal.NpgsqlConnector.ConnectAsync(NpgsqlTimeout timeout, CancellationToken cancellationToken)
   at Npgsql.Internal.NpgsqlConnector.RawOpen(SslMode sslMode, NpgsqlTimeout timeout, Boolean async, CancellationToken cancellationToken)
   at Npgsql.Internal.NpgsqlConnector.<Open>g__OpenCore|214_1(NpgsqlConnector conn, SslMode sslMode, NpgsqlTimeout timeout, Boolean async, CancellationToken cancellationToken)
   at Npgsql.Internal.NpgsqlConnector.Open(NpgsqlTimeout timeout, Boolean async, CancellationToken cancellationToken)
   at Npgsql.PoolingDataSource.OpenNewConnector(NpgsqlConnection conn, NpgsqlTimeout timeout, Boolean async, CancellationToken cancellationToken)
   at Npgsql.PoolingDataSource.<Get>g__RentAsync|33_0(NpgsqlConnection conn, NpgsqlTimeout timeout, Boolean async, CancellationToken cancellationToken)
   at Npgsql.NpgsqlConnection.<Open>g__OpenAsync|42_0(Boolean async, CancellationToken cancellationToken)
   at Microsoft.EntityFrameworkCore.Storage.RelationalConnection.OpenInternalAsync(Boolean errorsExpected, CancellationToken cancellationToken)
   at Microsoft.EntityFrameworkCore.Storage.RelationalConnection.OpenInternalAsync(Boolean errorsExpected, CancellationToken cancellationToken)
   at Microsoft.EntityFrameworkCore.Storage.RelationalConnection.OpenAsync(CancellationToken cancellationToken, Boolean errorsExpected)
   at Microsoft.EntityFrameworkCore.Storage.RelationalCommand.ExecuteReaderAsync(RelationalCommandParameterObject parameterObject, CancellationToken cancellationToken)
   at Microsoft.EntityFrameworkCore.Query.Internal.SingleQueryingEnumerable`1.AsyncEnumerator.InitializeReaderAsync(AsyncEnumerator enumerator, CancellationToken cancellationToken)
   at Npgsql.EntityFrameworkCore.PostgreSQL.Storage.Internal.NpgsqlExecutionStrategy.ExecuteAsync[TState,TResult](TState state, Func`4 operation, Func`4 verifySucceeded, CancellationToken cancellationToken)
   at Microsoft.EntityFrameworkCore.Query.Internal.SingleQueryingEnumerable`1.AsyncEnumerator.MoveNextAsync()
2026-04-03 19:44:56.525 +03:00 [ERR] HTTP GET /api/catalog/shoe-services responded 500 in 24.6968 ms
System.Net.Sockets.SocketException (11001): No such host is known.
   at System.Net.NameResolutionPal.ProcessResult(SocketError errorCode, GetAddrInfoExContext* context)
   at System.Net.NameResolutionPal.GetAddressInfoExCallback(Int32 error, Int32 bytes, NativeOverlapped* overlapped)
--- End of stack trace from previous location ---
   at Npgsql.TaskTimeoutAndCancellation.ExecuteAsync(Func`2 getTaskFunc, NpgsqlTimeout timeout, CancellationToken cancellationToken)
   at Npgsql.TaskTimeoutAndCancellation.ExecuteAsync[TResult](Func`2 getTaskFunc, NpgsqlTimeout timeout, CancellationToken cancellationToken)
   at Npgsql.Internal.NpgsqlConnector.ConnectAsync(NpgsqlTimeout timeout, CancellationToken cancellationToken)
   at Npgsql.Internal.NpgsqlConnector.RawOpen(SslMode sslMode, NpgsqlTimeout timeout, Boolean async, CancellationToken cancellationToken)
   at Npgsql.Internal.NpgsqlConnector.<Open>g__OpenCore|214_1(NpgsqlConnector conn, SslMode sslMode, NpgsqlTimeout timeout, Boolean async, CancellationToken cancellationToken)
   at Npgsql.Internal.NpgsqlConnector.Open(NpgsqlTimeout timeout, Boolean async, CancellationToken cancellationToken)
   at Npgsql.PoolingDataSource.OpenNewConnector(NpgsqlConnection conn, NpgsqlTimeout timeout, Boolean async, CancellationToken cancellationToken)
   at Npgsql.PoolingDataSource.<Get>g__RentAsync|33_0(NpgsqlConnection conn, NpgsqlTimeout timeout, Boolean async, CancellationToken cancellationToken)
   at Npgsql.NpgsqlConnection.<Open>g__OpenAsync|42_0(Boolean async, CancellationToken cancellationToken)
   at Microsoft.EntityFrameworkCore.Storage.RelationalConnection.OpenInternalAsync(Boolean errorsExpected, CancellationToken cancellationToken)
   at Microsoft.EntityFrameworkCore.Storage.RelationalConnection.OpenInternalAsync(Boolean errorsExpected, CancellationToken cancellationToken)
   at Microsoft.EntityFrameworkCore.Storage.RelationalConnection.OpenAsync(CancellationToken cancellationToken, Boolean errorsExpected)
   at Microsoft.EntityFrameworkCore.Storage.RelationalCommand.ExecuteReaderAsync(RelationalCommandParameterObject parameterObject, CancellationToken cancellationToken)
   at Microsoft.EntityFrameworkCore.Query.Internal.SingleQueryingEnumerable`1.AsyncEnumerator.InitializeReaderAsync(AsyncEnumerator enumerator, CancellationToken cancellationToken)
   at Npgsql.EntityFrameworkCore.PostgreSQL.Storage.Internal.NpgsqlExecutionStrategy.ExecuteAsync[TState,TResult](TState state, Func`4 operation, Func`4 verifySucceeded, CancellationToken cancellationToken)
   at Microsoft.EntityFrameworkCore.Query.Internal.SingleQueryingEnumerable`1.AsyncEnumerator.MoveNextAsync()
   at Microsoft.EntityFrameworkCore.EntityFrameworkQueryableExtensions.ToListAsync[TSource](IQueryable`1 source, CancellationToken cancellationToken)
   at Microsoft.EntityFrameworkCore.EntityFrameworkQueryableExtensions.ToListAsync[TSource](IQueryable`1 source, CancellationToken cancellationToken)
   at Freshwalk.API.Controllers.CatalogController.ShoeServices(CancellationToken cancellationToken) in D:\Projects\Freshwalk Shoe Cleaning web app\API\Freshwalk.API\Controllers\CatalogController.cs:line 20
   at Microsoft.AspNetCore.Mvc.Infrastructure.ActionMethodExecutor.TaskOfIActionResultExecutor.Execute(ActionContext actionContext, IActionResultTypeMapper mapper, ObjectMethodExecutor executor, Object controller, Object[] arguments)
   at Microsoft.AspNetCore.Mvc.Infrastructure.ControllerActionInvoker.<InvokeActionMethodAsync>g__Awaited|12_0(ControllerActionInvoker invoker, ValueTask`1 actionResultValueTask)
   at Microsoft.AspNetCore.Mvc.Infrastructure.ControllerActionInvoker.<InvokeNextActionFilterAsync>g__Awaited|10_0(ControllerActionInvoker invoker, Task lastTask, State next, Scope scope, Object state, Boolean isCompleted)
   at Microsoft.AspNetCore.Mvc.Infrastructure.ControllerActionInvoker.Rethrow(ActionExecutedContextSealed context)
   at Microsoft.AspNetCore.Mvc.Infrastructure.ControllerActionInvoker.Next(State& next, Scope& scope, Object& state, Boolean& isCompleted)
   at Microsoft.AspNetCore.Mvc.Infrastructure.ControllerActionInvoker.<InvokeInnerFilterAsync>g__Awaited|13_0(ControllerActionInvoker invoker, Task lastTask, State next, Scope scope, Object state, Boolean isCompleted)
   at Microsoft.AspNetCore.Mvc.Infrastructure.ResourceInvoker.<InvokeFilterPipelineAsync>g__Awaited|20_0(ResourceInvoker invoker, Task lastTask, State next, Scope scope, Object state, Boolean isCompleted)
   at Microsoft.AspNetCore.Mvc.Infrastructure.ResourceInvoker.<InvokeAsync>g__Awaited|17_0(ResourceInvoker invoker, Task task, IDisposable scope)
   at Microsoft.AspNetCore.Mvc.Infrastructure.ResourceInvoker.<InvokeAsync>g__Awaited|17_0(ResourceInvoker invoker, Task task, IDisposable scope)
   at Freshwalk.API.Logging.AuditRequestLoggingMiddleware.InvokeAsync(HttpContext context, RequestDelegate next) in D:\Projects\Freshwalk Shoe Cleaning web app\API\Freshwalk.API\Logging\AuditRequestLoggingMiddleware.cs:line 63
   at Freshwalk.API.Logging.AuditRequestLoggingMiddleware.InvokeAsync(HttpContext context, RequestDelegate next) in D:\Projects\Freshwalk Shoe Cleaning web app\API\Freshwalk.API\Logging\AuditRequestLoggingMiddleware.cs:line 91
   at Freshwalk.API.Logging.AuditRequestLoggingMiddleware.InvokeAsync(HttpContext context, RequestDelegate next) in D:\Projects\Freshwalk Shoe Cleaning web app\API\Freshwalk.API\Logging\AuditRequestLoggingMiddleware.cs:line 91
   at Microsoft.AspNetCore.Builder.UseMiddlewareExtensions.InterfaceMiddlewareBinder.<>c__DisplayClass2_0.<<CreateMiddleware>b__0>d.MoveNext()
--- End of stack trace from previous location ---
   at Microsoft.AspNetCore.Authorization.AuthorizationMiddleware.Invoke(HttpContext context)
   at Microsoft.AspNetCore.Authentication.AuthenticationMiddleware.Invoke(HttpContext context)
   at Serilog.AspNetCore.RequestLoggingMiddleware.Invoke(HttpContext httpContext)
2026-04-03 19:44:56.546 +03:00 [ERR] An unhandled exception has occurred while executing the request.
System.Net.Sockets.SocketException (11001): No such host is known.
   at System.Net.NameResolutionPal.ProcessResult(SocketError errorCode, GetAddrInfoExContext* context)
   at System.Net.NameResolutionPal.GetAddressInfoExCallback(Int32 error, Int32 bytes, NativeOverlapped* overlapped)
--- End of stack trace from previous location ---
   at Npgsql.TaskTimeoutAndCancellation.ExecuteAsync(Func`2 getTaskFunc, NpgsqlTimeout timeout, CancellationToken cancellationToken)
   at Npgsql.TaskTimeoutAndCancellation.ExecuteAsync[TResult](Func`2 getTaskFunc, NpgsqlTimeout timeout, CancellationToken cancellationToken)
   at Npgsql.Internal.NpgsqlConnector.ConnectAsync(NpgsqlTimeout timeout, CancellationToken cancellationToken)
   at Npgsql.Internal.NpgsqlConnector.RawOpen(SslMode sslMode, NpgsqlTimeout timeout, Boolean async, CancellationToken cancellationToken)
   at Npgsql.Internal.NpgsqlConnector.<Open>g__OpenCore|214_1(NpgsqlConnector conn, SslMode sslMode, NpgsqlTimeout timeout, Boolean async, CancellationToken cancellationToken)
   at Npgsql.Internal.NpgsqlConnector.Open(NpgsqlTimeout timeout, Boolean async, CancellationToken cancellationToken)
   at Npgsql.PoolingDataSource.OpenNewConnector(NpgsqlConnection conn, NpgsqlTimeout timeout, Boolean async, CancellationToken cancellationToken)
   at Npgsql.PoolingDataSource.<Get>g__RentAsync|33_0(NpgsqlConnection conn, NpgsqlTimeout timeout, Boolean async, CancellationToken cancellationToken)
   at Npgsql.NpgsqlConnection.<Open>g__OpenAsync|42_0(Boolean async, CancellationToken cancellationToken)
   at Microsoft.EntityFrameworkCore.Storage.RelationalConnection.OpenInternalAsync(Boolean errorsExpected, CancellationToken cancellationToken)
   at Microsoft.EntityFrameworkCore.Storage.RelationalConnection.OpenInternalAsync(Boolean errorsExpected, CancellationToken cancellationToken)
   at Microsoft.EntityFrameworkCore.Storage.RelationalConnection.OpenAsync(CancellationToken cancellationToken, Boolean errorsExpected)
   at Microsoft.EntityFrameworkCore.Storage.RelationalCommand.ExecuteReaderAsync(RelationalCommandParameterObject parameterObject, CancellationToken cancellationToken)
   at Microsoft.EntityFrameworkCore.Query.Internal.SingleQueryingEnumerable`1.AsyncEnumerator.InitializeReaderAsync(AsyncEnumerator enumerator, CancellationToken cancellationToken)
   at Npgsql.EntityFrameworkCore.PostgreSQL.Storage.Internal.NpgsqlExecutionStrategy.ExecuteAsync[TState,TResult](TState state, Func`4 operation, Func`4 verifySucceeded, CancellationToken cancellationToken)
   at Microsoft.EntityFrameworkCore.Query.Internal.SingleQueryingEnumerable`1.AsyncEnumerator.MoveNextAsync()
   at Microsoft.EntityFrameworkCore.EntityFrameworkQueryableExtensions.ToListAsync[TSource](IQueryable`1 source, CancellationToken cancellationToken)
   at Microsoft.EntityFrameworkCore.EntityFrameworkQueryableExtensions.ToListAsync[TSource](IQueryable`1 source, CancellationToken cancellationToken)
   at Freshwalk.API.Controllers.CatalogController.ShoeServices(CancellationToken cancellationToken) in D:\Projects\Freshwalk Shoe Cleaning web app\API\Freshwalk.API\Controllers\CatalogController.cs:line 20
   at Microsoft.AspNetCore.Mvc.Infrastructure.ActionMethodExecutor.TaskOfIActionResultExecutor.Execute(ActionContext actionContext, IActionResultTypeMapper mapper, ObjectMethodExecutor executor, Object controller, Object[] arguments)
   at Microsoft.AspNetCore.Mvc.Infrastructure.ControllerActionInvoker.<InvokeActionMethodAsync>g__Awaited|12_0(ControllerActionInvoker invoker, ValueTask`1 actionResultValueTask)
   at Microsoft.AspNetCore.Mvc.Infrastructure.ControllerActionInvoker.<InvokeNextActionFilterAsync>g__Awaited|10_0(ControllerActionInvoker invoker, Task lastTask, State next, Scope scope, Object state, Boolean isCompleted)
   at Microsoft.AspNetCore.Mvc.Infrastructure.ControllerActionInvoker.Rethrow(ActionExecutedContextSealed context)
   at Microsoft.AspNetCore.Mvc.Infrastructure.ControllerActionInvoker.Next(State& next, Scope& scope, Object& state, Boolean& isCompleted)
   at Microsoft.AspNetCore.Mvc.Infrastructure.ControllerActionInvoker.<InvokeInnerFilterAsync>g__Awaited|13_0(ControllerActionInvoker invoker, Task lastTask, State next, Scope scope, Object state, Boolean isCompleted)
   at Microsoft.AspNetCore.Mvc.Infrastructure.ResourceInvoker.<InvokeFilterPipelineAsync>g__Awaited|20_0(ResourceInvoker invoker, Task lastTask, State next, Scope scope, Object state, Boolean isCompleted)
   at Microsoft.AspNetCore.Mvc.Infrastructure.ResourceInvoker.<InvokeAsync>g__Awaited|17_0(ResourceInvoker invoker, Task task, IDisposable scope)
   at Microsoft.AspNetCore.Mvc.Infrastructure.ResourceInvoker.<InvokeAsync>g__Awaited|17_0(ResourceInvoker invoker, Task task, IDisposable scope)
   at Freshwalk.API.Logging.AuditRequestLoggingMiddleware.InvokeAsync(HttpContext context, RequestDelegate next) in D:\Projects\Freshwalk Shoe Cleaning web app\API\Freshwalk.API\Logging\AuditRequestLoggingMiddleware.cs:line 63
   at Freshwalk.API.Logging.AuditRequestLoggingMiddleware.InvokeAsync(HttpContext context, RequestDelegate next) in D:\Projects\Freshwalk Shoe Cleaning web app\API\Freshwalk.API\Logging\AuditRequestLoggingMiddleware.cs:line 91
   at Freshwalk.API.Logging.AuditRequestLoggingMiddleware.InvokeAsync(HttpContext context, RequestDelegate next) in D:\Projects\Freshwalk Shoe Cleaning web app\API\Freshwalk.API\Logging\AuditRequestLoggingMiddleware.cs:line 91
   at Microsoft.AspNetCore.Builder.UseMiddlewareExtensions.InterfaceMiddlewareBinder.<>c__DisplayClass2_0.<<CreateMiddleware>b__0>d.MoveNext()
--- End of stack trace from previous location ---
   at Microsoft.AspNetCore.Authorization.AuthorizationMiddleware.Invoke(HttpContext context)
   at Microsoft.AspNetCore.Authentication.AuthenticationMiddleware.Invoke(HttpContext context)
   at Serilog.AspNetCore.RequestLoggingMiddleware.Invoke(HttpContext httpContext)
   at Swashbuckle.AspNetCore.SwaggerUI.SwaggerUIMiddleware.Invoke(HttpContext httpContext)
   at Swashbuckle.AspNetCore.Swagger.SwaggerMiddleware.Invoke(HttpContext httpContext, ISwaggerProvider swaggerProvider)
   at Microsoft.AspNetCore.Diagnostics.DeveloperExceptionPageMiddlewareImpl.Invoke(HttpContext context)
2026-04-03 19:44:56.779 +03:00 [INF] HTTP OPTIONS /api/catalog/preview-pricing responded 204 in 0.0309 ms
2026-04-03 19:44:56.786 +03:00 [ERR] An error occurred using the connection to database 'postgres' on server 'tcp://aws-1-eu-west-1.pooler.supabase.com:5432'.
2026-04-03 19:44:56.789 +03:00 [ERR] An exception occurred while iterating over the results of a query for context type 'Freshwalk.Infrastructure.Data.AppDbContext'.
System.Net.Sockets.SocketException (11001): No such host is known.
   at System.Net.NameResolutionPal.ProcessResult(SocketError errorCode, GetAddrInfoExContext* context)
   at System.Net.NameResolutionPal.GetAddressInfoExCallback(Int32 error, Int32 bytes, NativeOverlapped* overlapped)
--- End of stack trace from previous location ---
   at Npgsql.TaskTimeoutAndCancellation.ExecuteAsync(Func`2 getTaskFunc, NpgsqlTimeout timeout, CancellationToken cancellationToken)
   at Npgsql.TaskTimeoutAndCancellation.ExecuteAsync[TResult](Func`2 getTaskFunc, NpgsqlTimeout timeout, CancellationToken cancellationToken)
   at Npgsql.Internal.NpgsqlConnector.ConnectAsync(NpgsqlTimeout timeout, CancellationToken cancellationToken)
   at Npgsql.Internal.NpgsqlConnector.RawOpen(SslMode sslMode, NpgsqlTimeout timeout, Boolean async, CancellationToken cancellationToken)
   at Npgsql.Internal.NpgsqlConnector.<Open>g__OpenCore|214_1(NpgsqlConnector conn, SslMode sslMode, NpgsqlTimeout timeout, Boolean async, CancellationToken cancellationToken)
   at Npgsql.Internal.NpgsqlConnector.Open(NpgsqlTimeout timeout, Boolean async, CancellationToken cancellationToken)
   at Npgsql.PoolingDataSource.OpenNewConnector(NpgsqlConnection conn, NpgsqlTimeout timeout, Boolean async, CancellationToken cancellationToken)
   at Npgsql.PoolingDataSource.<Get>g__RentAsync|33_0(NpgsqlConnection conn, NpgsqlTimeout timeout, Boolean async, CancellationToken cancellationToken)
   at Npgsql.NpgsqlConnection.<Open>g__OpenAsync|42_0(Boolean async, CancellationToken cancellationToken)
   at Microsoft.EntityFrameworkCore.Storage.RelationalConnection.OpenInternalAsync(Boolean errorsExpected, CancellationToken cancellationToken)
   at Microsoft.EntityFrameworkCore.Storage.RelationalConnection.OpenInternalAsync(Boolean errorsExpected, CancellationToken cancellationToken)
   at Microsoft.EntityFrameworkCore.Storage.RelationalConnection.OpenAsync(CancellationToken cancellationToken, Boolean errorsExpected)
   at Microsoft.EntityFrameworkCore.Storage.RelationalCommand.ExecuteReaderAsync(RelationalCommandParameterObject parameterObject, CancellationToken cancellationToken)
   at Microsoft.EntityFrameworkCore.Query.Internal.SingleQueryingEnumerable`1.AsyncEnumerator.InitializeReaderAsync(AsyncEnumerator enumerator, CancellationToken cancellationToken)
   at Npgsql.EntityFrameworkCore.PostgreSQL.Storage.Internal.NpgsqlExecutionStrategy.ExecuteAsync[TState,TResult](TState state, Func`4 operation, Func`4 verifySucceeded, CancellationToken cancellationToken)
   at Microsoft.EntityFrameworkCore.Query.Internal.SingleQueryingEnumerable`1.AsyncEnumerator.MoveNextAsync()
System.Net.Sockets.SocketException (11001): No such host is known.
   at System.Net.NameResolutionPal.ProcessResult(SocketError errorCode, GetAddrInfoExContext* context)
   at System.Net.NameResolutionPal.GetAddressInfoExCallback(Int32 error, Int32 bytes, NativeOverlapped* overlapped)
--- End of stack trace from previous location ---
   at Npgsql.TaskTimeoutAndCancellation.ExecuteAsync(Func`2 getTaskFunc, NpgsqlTimeout timeout, CancellationToken cancellationToken)
   at Npgsql.TaskTimeoutAndCancellation.ExecuteAsync[TResult](Func`2 getTaskFunc, NpgsqlTimeout timeout, CancellationToken cancellationToken)
   at Npgsql.Internal.NpgsqlConnector.ConnectAsync(NpgsqlTimeout timeout, CancellationToken cancellationToken)
   at Npgsql.Internal.NpgsqlConnector.RawOpen(SslMode sslMode, NpgsqlTimeout timeout, Boolean async, CancellationToken cancellationToken)
   at Npgsql.Internal.NpgsqlConnector.<Open>g__OpenCore|214_1(NpgsqlConnector conn, SslMode sslMode, NpgsqlTimeout timeout, Boolean async, CancellationToken cancellationToken)
   at Npgsql.Internal.NpgsqlConnector.Open(NpgsqlTimeout timeout, Boolean async, CancellationToken cancellationToken)
   at Npgsql.PoolingDataSource.OpenNewConnector(NpgsqlConnection conn, NpgsqlTimeout timeout, Boolean async, CancellationToken cancellationToken)
   at Npgsql.PoolingDataSource.<Get>g__RentAsync|33_0(NpgsqlConnection conn, NpgsqlTimeout timeout, Boolean async, CancellationToken cancellationToken)
   at Npgsql.NpgsqlConnection.<Open>g__OpenAsync|42_0(Boolean async, CancellationToken cancellationToken)
   at Microsoft.EntityFrameworkCore.Storage.RelationalConnection.OpenInternalAsync(Boolean errorsExpected, CancellationToken cancellationToken)
   at Microsoft.EntityFrameworkCore.Storage.RelationalConnection.OpenInternalAsync(Boolean errorsExpected, CancellationToken cancellationToken)
   at Microsoft.EntityFrameworkCore.Storage.RelationalConnection.OpenAsync(CancellationToken cancellationToken, Boolean errorsExpected)
   at Microsoft.EntityFrameworkCore.Storage.RelationalCommand.ExecuteReaderAsync(RelationalCommandParameterObject parameterObject, CancellationToken cancellationToken)
   at Microsoft.EntityFrameworkCore.Query.Internal.SingleQueryingEnumerable`1.AsyncEnumerator.InitializeReaderAsync(AsyncEnumerator enumerator, CancellationToken cancellationToken)
   at Npgsql.EntityFrameworkCore.PostgreSQL.Storage.Internal.NpgsqlExecutionStrategy.ExecuteAsync[TState,TResult](TState state, Func`4 operation, Func`4 verifySucceeded, CancellationToken cancellationToken)
   at Microsoft.EntityFrameworkCore.Query.Internal.SingleQueryingEnumerable`1.AsyncEnumerator.MoveNextAsync()
2026-04-03 19:44:56.803 +03:00 [ERR] HTTP POST /api/catalog/preview-pricing responded 500 in 21.2932 ms
System.Net.Sockets.SocketException (11001): No such host is known.
   at System.Net.NameResolutionPal.ProcessResult(SocketError errorCode, GetAddrInfoExContext* context)
   at System.Net.NameResolutionPal.GetAddressInfoExCallback(Int32 error, Int32 bytes, NativeOverlapped* overlapped)
--- End of stack trace from previous location ---
   at Npgsql.TaskTimeoutAndCancellation.ExecuteAsync(Func`2 getTaskFunc, NpgsqlTimeout timeout, CancellationToken cancellationToken)
   at Npgsql.TaskTimeoutAndCancellation.ExecuteAsync[TResult](Func`2 getTaskFunc, NpgsqlTimeout timeout, CancellationToken cancellationToken)
   at Npgsql.Internal.NpgsqlConnector.ConnectAsync(NpgsqlTimeout timeout, CancellationToken cancellationToken)
   at Npgsql.Internal.NpgsqlConnector.RawOpen(SslMode sslMode, NpgsqlTimeout timeout, Boolean async, CancellationToken cancellationToken)
   at Npgsql.Internal.NpgsqlConnector.<Open>g__OpenCore|214_1(NpgsqlConnector conn, SslMode sslMode, NpgsqlTimeout timeout, Boolean async, CancellationToken cancellationToken)
   at Npgsql.Internal.NpgsqlConnector.Open(NpgsqlTimeout timeout, Boolean async, CancellationToken cancellationToken)
   at Npgsql.PoolingDataSource.OpenNewConnector(NpgsqlConnection conn, NpgsqlTimeout timeout, Boolean async, CancellationToken cancellationToken)
   at Npgsql.PoolingDataSource.<Get>g__RentAsync|33_0(NpgsqlConnection conn, NpgsqlTimeout timeout, Boolean async, CancellationToken cancellationToken)
   at Npgsql.NpgsqlConnection.<Open>g__OpenAsync|42_0(Boolean async, CancellationToken cancellationToken)
   at Microsoft.EntityFrameworkCore.Storage.RelationalConnection.OpenInternalAsync(Boolean errorsExpected, CancellationToken cancellationToken)
   at Microsoft.EntityFrameworkCore.Storage.RelationalConnection.OpenInternalAsync(Boolean errorsExpected, CancellationToken cancellationToken)
   at Microsoft.EntityFrameworkCore.Storage.RelationalConnection.OpenAsync(CancellationToken cancellationToken, Boolean errorsExpected)
   at Microsoft.EntityFrameworkCore.Storage.RelationalCommand.ExecuteReaderAsync(RelationalCommandParameterObject parameterObject, CancellationToken cancellationToken)
   at Microsoft.EntityFrameworkCore.Query.Internal.SingleQueryingEnumerable`1.AsyncEnumerator.InitializeReaderAsync(AsyncEnumerator enumerator, CancellationToken cancellationToken)
   at Npgsql.EntityFrameworkCore.PostgreSQL.Storage.Internal.NpgsqlExecutionStrategy.ExecuteAsync[TState,TResult](TState state, Func`4 operation, Func`4 verifySucceeded, CancellationToken cancellationToken)
   at Microsoft.EntityFrameworkCore.Query.Internal.SingleQueryingEnumerable`1.AsyncEnumerator.MoveNextAsync()
   at Microsoft.EntityFrameworkCore.EntityFrameworkQueryableExtensions.ToListAsync[TSource](IQueryable`1 source, CancellationToken cancellationToken)
   at Microsoft.EntityFrameworkCore.EntityFrameworkQueryableExtensions.ToListAsync[TSource](IQueryable`1 source, CancellationToken cancellationToken)
   at Freshwalk.Infrastructure.Services.PricingService.CalculateBreakdownAsync(List`1 items, IReadOnlyList`1 addOns, CancellationToken cancellationToken) in D:\Projects\Freshwalk Shoe Cleaning web app\API\Freshwalk.Infrastructure\Services\PricingService.cs:line 38
   at Freshwalk.API.Controllers.CatalogController.PreviewPricing(PreviewPricingRequest request, CancellationToken cancellationToken) in D:\Projects\Freshwalk Shoe Cleaning web app\API\Freshwalk.API\Controllers\CatalogController.cs:line 53
   at Microsoft.AspNetCore.Mvc.Infrastructure.ActionMethodExecutor.TaskOfIActionResultExecutor.Execute(ActionContext actionContext, IActionResultTypeMapper mapper, ObjectMethodExecutor executor, Object controller, Object[] arguments)
   at Microsoft.AspNetCore.Mvc.Infrastructure.ControllerActionInvoker.<InvokeActionMethodAsync>g__Awaited|12_0(ControllerActionInvoker invoker, ValueTask`1 actionResultValueTask)
   at Microsoft.AspNetCore.Mvc.Infrastructure.ControllerActionInvoker.<InvokeNextActionFilterAsync>g__Awaited|10_0(ControllerActionInvoker invoker, Task lastTask, State next, Scope scope, Object state, Boolean isCompleted)
   at Microsoft.AspNetCore.Mvc.Infrastructure.ControllerActionInvoker.Rethrow(ActionExecutedContextSealed context)
   at Microsoft.AspNetCore.Mvc.Infrastructure.ControllerActionInvoker.Next(State& next, Scope& scope, Object& state, Boolean& isCompleted)
   at Microsoft.AspNetCore.Mvc.Infrastructure.ControllerActionInvoker.<InvokeInnerFilterAsync>g__Awaited|13_0(ControllerActionInvoker invoker, Task lastTask, State next, Scope scope, Object state, Boolean isCompleted)
   at Microsoft.AspNetCore.Mvc.Infrastructure.ResourceInvoker.<InvokeFilterPipelineAsync>g__Awaited|20_0(ResourceInvoker invoker, Task lastTask, State next, Scope scope, Object state, Boolean isCompleted)
   at Microsoft.AspNetCore.Mvc.Infrastructure.ResourceInvoker.<InvokeAsync>g__Awaited|17_0(ResourceInvoker invoker, Task task, IDisposable scope)
   at Microsoft.AspNetCore.Mvc.Infrastructure.ResourceInvoker.<InvokeAsync>g__Awaited|17_0(ResourceInvoker invoker, Task task, IDisposable scope)
   at Freshwalk.API.Logging.AuditRequestLoggingMiddleware.InvokeAsync(HttpContext context, RequestDelegate next) in D:\Projects\Freshwalk Shoe Cleaning web app\API\Freshwalk.API\Logging\AuditRequestLoggingMiddleware.cs:line 63
   at Freshwalk.API.Logging.AuditRequestLoggingMiddleware.InvokeAsync(HttpContext context, RequestDelegate next) in D:\Projects\Freshwalk Shoe Cleaning web app\API\Freshwalk.API\Logging\AuditRequestLoggingMiddleware.cs:line 91
   at Freshwalk.API.Logging.AuditRequestLoggingMiddleware.InvokeAsync(HttpContext context, RequestDelegate next) in D:\Projects\Freshwalk Shoe Cleaning web app\API\Freshwalk.API\Logging\AuditRequestLoggingMiddleware.cs:line 91
   at Microsoft.AspNetCore.Builder.UseMiddlewareExtensions.InterfaceMiddlewareBinder.<>c__DisplayClass2_0.<<CreateMiddleware>b__0>d.MoveNext()
--- End of stack trace from previous location ---
   at Microsoft.AspNetCore.Authorization.AuthorizationMiddleware.Invoke(HttpContext context)
   at Microsoft.AspNetCore.Authentication.AuthenticationMiddleware.Invoke(HttpContext context)
   at Serilog.AspNetCore.RequestLoggingMiddleware.Invoke(HttpContext httpContext)
2026-04-03 19:44:56.867 +03:00 [ERR] An unhandled exception has occurred while executing the request.
System.Net.Sockets.SocketException (11001): No such host is known.
   at System.Net.NameResolutionPal.ProcessResult(SocketError errorCode, GetAddrInfoExContext* context)
   at System.Net.NameResolutionPal.GetAddressInfoExCallback(Int32 error, Int32 bytes, NativeOverlapped* overlapped)
--- End of stack trace from previous location ---
   at Npgsql.TaskTimeoutAndCancellation.ExecuteAsync(Func`2 getTaskFunc, NpgsqlTimeout timeout, CancellationToken cancellationToken)
   at Npgsql.TaskTimeoutAndCancellation.ExecuteAsync[TResult](Func`2 getTaskFunc, NpgsqlTimeout timeout, CancellationToken cancellationToken)
   at Npgsql.Internal.NpgsqlConnector.ConnectAsync(NpgsqlTimeout timeout, CancellationToken cancellationToken)
   at Npgsql.Internal.NpgsqlConnector.RawOpen(SslMode sslMode, NpgsqlTimeout timeout, Boolean async, CancellationToken cancellationToken)
   at Npgsql.Internal.NpgsqlConnector.<Open>g__OpenCore|214_1(NpgsqlConnector conn, SslMode sslMode, NpgsqlTimeout timeout, Boolean async, CancellationToken cancellationToken)
   at Npgsql.Internal.NpgsqlConnector.Open(NpgsqlTimeout timeout, Boolean async, CancellationToken cancellationToken)
   at Npgsql.PoolingDataSource.OpenNewConnector(NpgsqlConnection conn, NpgsqlTimeout timeout, Boolean async, CancellationToken cancellationToken)
   at Npgsql.PoolingDataSource.<Get>g__RentAsync|33_0(NpgsqlConnection conn, NpgsqlTimeout timeout, Boolean async, CancellationToken cancellationToken)
   at Npgsql.NpgsqlConnection.<Open>g__OpenAsync|42_0(Boolean async, CancellationToken cancellationToken)
   at Microsoft.EntityFrameworkCore.Storage.RelationalConnection.OpenInternalAsync(Boolean errorsExpected, CancellationToken cancellationToken)
   at Microsoft.EntityFrameworkCore.Storage.RelationalConnection.OpenInternalAsync(Boolean errorsExpected, CancellationToken cancellationToken)
   at Microsoft.EntityFrameworkCore.Storage.RelationalConnection.OpenAsync(CancellationToken cancellationToken, Boolean errorsExpected)
   at Microsoft.EntityFrameworkCore.Storage.RelationalCommand.ExecuteReaderAsync(RelationalCommandParameterObject parameterObject, CancellationToken cancellationToken)
   at Microsoft.EntityFrameworkCore.Query.Internal.SingleQueryingEnumerable`1.AsyncEnumerator.InitializeReaderAsync(AsyncEnumerator enumerator, CancellationToken cancellationToken)
   at Npgsql.EntityFrameworkCore.PostgreSQL.Storage.Internal.NpgsqlExecutionStrategy.ExecuteAsync[TState,TResult](TState state, Func`4 operation, Func`4 verifySucceeded, CancellationToken cancellationToken)
   at Microsoft.EntityFrameworkCore.Query.Internal.SingleQueryingEnumerable`1.AsyncEnumerator.MoveNextAsync()
   at Microsoft.EntityFrameworkCore.EntityFrameworkQueryableExtensions.ToListAsync[TSource](IQueryable`1 source, CancellationToken cancellationToken)
   at Microsoft.EntityFrameworkCore.EntityFrameworkQueryableExtensions.ToListAsync[TSource](IQueryable`1 source, CancellationToken cancellationToken)
   at Freshwalk.Infrastructure.Services.PricingService.CalculateBreakdownAsync(List`1 items, IReadOnlyList`1 addOns, CancellationToken cancellationToken) in D:\Projects\Freshwalk Shoe Cleaning web app\API\Freshwalk.Infrastructure\Services\PricingService.cs:line 38
   at Freshwalk.API.Controllers.CatalogController.PreviewPricing(PreviewPricingRequest request, CancellationToken cancellationToken) in D:\Projects\Freshwalk Shoe Cleaning web app\API\Freshwalk.API\Controllers\CatalogController.cs:line 53
   at Microsoft.AspNetCore.Mvc.Infrastructure.ActionMethodExecutor.TaskOfIActionResultExecutor.Execute(ActionContext actionContext, IActionResultTypeMapper mapper, ObjectMethodExecutor executor, Object controller, Object[] arguments)
   at Microsoft.AspNetCore.Mvc.Infrastructure.ControllerActionInvoker.<InvokeActionMethodAsync>g__Awaited|12_0(ControllerActionInvoker invoker, ValueTask`1 actionResultValueTask)
   at Microsoft.AspNetCore.Mvc.Infrastructure.ControllerActionInvoker.<InvokeNextActionFilterAsync>g__Awaited|10_0(ControllerActionInvoker invoker, Task lastTask, State next, Scope scope, Object state, Boolean isCompleted)
   at Microsoft.AspNetCore.Mvc.Infrastructure.ControllerActionInvoker.Rethrow(ActionExecutedContextSealed context)
   at Microsoft.AspNetCore.Mvc.Infrastructure.ControllerActionInvoker.Next(State& next, Scope& scope, Object& state, Boolean& isCompleted)
   at Microsoft.AspNetCore.Mvc.Infrastructure.ControllerActionInvoker.<InvokeInnerFilterAsync>g__Awaited|13_0(ControllerActionInvoker invoker, Task lastTask, State next, Scope scope, Object state, Boolean isCompleted)
   at Microsoft.AspNetCore.Mvc.Infrastructure.ResourceInvoker.<InvokeFilterPipelineAsync>g__Awaited|20_0(ResourceInvoker invoker, Task lastTask, State next, Scope scope, Object state, Boolean isCompleted)
   at Microsoft.AspNetCore.Mvc.Infrastructure.ResourceInvoker.<InvokeAsync>g__Awaited|17_0(ResourceInvoker invoker, Task task, IDisposable scope)
   at Microsoft.AspNetCore.Mvc.Infrastructure.ResourceInvoker.<InvokeAsync>g__Awaited|17_0(ResourceInvoker invoker, Task task, IDisposable scope)
   at Freshwalk.API.Logging.AuditRequestLoggingMiddleware.InvokeAsync(HttpContext context, RequestDelegate next) in D:\Projects\Freshwalk Shoe Cleaning web app\API\Freshwalk.API\Logging\AuditRequestLoggingMiddleware.cs:line 63
   at Freshwalk.API.Logging.AuditRequestLoggingMiddleware.InvokeAsync(HttpContext context, RequestDelegate next) in D:\Projects\Freshwalk Shoe Cleaning web app\API\Freshwalk.API\Logging\AuditRequestLoggingMiddleware.cs:line 91
   at Freshwalk.API.Logging.AuditRequestLoggingMiddleware.InvokeAsync(HttpContext context, RequestDelegate next) in D:\Projects\Freshwalk Shoe Cleaning web app\API\Freshwalk.API\Logging\AuditRequestLoggingMiddleware.cs:line 91
   at Microsoft.AspNetCore.Builder.UseMiddlewareExtensions.InterfaceMiddlewareBinder.<>c__DisplayClass2_0.<<CreateMiddleware>b__0>d.MoveNext()
--- End of stack trace from previous location ---
   at Microsoft.AspNetCore.Authorization.AuthorizationMiddleware.Invoke(HttpContext context)
   at Microsoft.AspNetCore.Authentication.AuthenticationMiddleware.Invoke(HttpContext context)
   at Serilog.AspNetCore.RequestLoggingMiddleware.Invoke(HttpContext httpContext)
   at Swashbuckle.AspNetCore.SwaggerUI.SwaggerUIMiddleware.Invoke(HttpContext httpContext)
   at Swashbuckle.AspNetCore.Swagger.SwaggerMiddleware.Invoke(HttpContext httpContext, ISwaggerProvider swaggerProvider)
   at Microsoft.AspNetCore.Diagnostics.DeveloperExceptionPageMiddlewareImpl.Invoke(HttpContext context)
2026-04-03 19:49:15.462 +03:00 [INF] HTTP OPTIONS /api/catalog/shoe-services responded 204 in 0.0867 ms
2026-04-03 19:49:15.463 +03:00 [INF] HTTP OPTIONS /api/catalog/shoe-services responded 204 in 0.0158 ms
2026-04-03 19:49:15.840 +03:00 [INF] HTTP OPTIONS /api/catalog/preview-pricing responded 204 in 0.0245 ms
2026-04-03 19:49:17.386 +03:00 [INF] Executed DbCommand (250ms) [Parameters=[], CommandType='"Text"', CommandTimeout='30']
SELECT s."Id", s."DisplayName", s."ImageAfterUrl", s."ImageBeforeUrl", s."Key", s."SortOrder", s."Tagline", s."ThemeColorHex", s0."Id", s0."CategoryId", s0."ColorTierKey", s0."PriceKes", s0."SortOrder", s1."Id", s1."CategoryId", s1."DiscountKind", s1."FixedOffPerPairKes", s1."IsActive", s1."Label", s1."PercentOff", s1."Priority", s1."ValidFrom", s1."ValidTo"
FROM "ShoeServiceCategories" AS s
LEFT JOIN "ShoeServiceTierPrices" AS s0 ON s."Id" = s0."CategoryId"
LEFT JOIN "ShoeServicePromotions" AS s1 ON s."Id" = s1."CategoryId"
ORDER BY s."SortOrder", s."Id", s0."Id"
2026-04-03 19:49:17.393 +03:00 [INF] HTTP GET /api/catalog/shoe-services responded 200 in 1926.3793 ms
2026-04-03 19:49:17.595 +03:00 [INF] Executed DbCommand (198ms) [Parameters=[], CommandType='"Text"', CommandTimeout='30']
SELECT s."Id", s."DisplayName", s."ImageAfterUrl", s."ImageBeforeUrl", s."Key", s."SortOrder", s."Tagline", s."ThemeColorHex", s0."Id", s0."CategoryId", s0."ColorTierKey", s0."PriceKes", s0."SortOrder", s1."Id", s1."CategoryId", s1."DiscountKind", s1."FixedOffPerPairKes", s1."IsActive", s1."Label", s1."PercentOff", s1."Priority", s1."ValidFrom", s1."ValidTo"
FROM "ShoeServiceCategories" AS s
LEFT JOIN "ShoeServiceTierPrices" AS s0 ON s."Id" = s0."CategoryId"
LEFT JOIN "ShoeServicePromotions" AS s1 ON s."Id" = s1."CategoryId"
ORDER BY s."SortOrder", s."Id", s0."Id"
2026-04-03 19:49:17.602 +03:00 [INF] HTTP GET /api/catalog/shoe-services responded 200 in 207.7173 ms
2026-04-03 19:49:17.646 +03:00 [INF] Executed DbCommand (203ms) [Parameters=[], CommandType='"Text"', CommandTimeout='30']
SELECT s."Id", s."DisplayName", s."ImageAfterUrl", s."ImageBeforeUrl", s."Key", s."SortOrder", s."Tagline", s."ThemeColorHex", s0."Id", s0."CategoryId", s0."ColorTierKey", s0."PriceKes", s0."SortOrder", s1."Id", s1."CategoryId", s1."DiscountKind", s1."FixedOffPerPairKes", s1."IsActive", s1."Label", s1."PercentOff", s1."Priority", s1."ValidFrom", s1."ValidTo"
FROM "ShoeServiceCategories" AS s
LEFT JOIN "ShoeServiceTierPrices" AS s0 ON s."Id" = s0."CategoryId"
LEFT JOIN "ShoeServicePromotions" AS s1 ON s."Id" = s1."CategoryId"
ORDER BY s."Id", s0."Id"
2026-04-03 19:49:17.652 +03:00 [INF] HTTP POST /api/catalog/preview-pricing responded 200 in 1807.9007 ms
2026-04-03 19:50:37.399 +03:00 [INF] HTTP OPTIONS /api/catalog/shoe-services responded 204 in 0.0496 ms
2026-04-03 19:50:37.401 +03:00 [INF] HTTP OPTIONS /api/catalog/shoe-services responded 204 in 0.0248 ms
2026-04-03 19:50:37.600 +03:00 [INF] Executed DbCommand (196ms) [Parameters=[], CommandType='"Text"', CommandTimeout='30']
SELECT s."Id", s."DisplayName", s."ImageAfterUrl", s."ImageBeforeUrl", s."Key", s."SortOrder", s."Tagline", s."ThemeColorHex", s0."Id", s0."CategoryId", s0."ColorTierKey", s0."PriceKes", s0."SortOrder", s1."Id", s1."CategoryId", s1."DiscountKind", s1."FixedOffPerPairKes", s1."IsActive", s1."Label", s1."PercentOff", s1."Priority", s1."ValidFrom", s1."ValidTo"
FROM "ShoeServiceCategories" AS s
LEFT JOIN "ShoeServiceTierPrices" AS s0 ON s."Id" = s0."CategoryId"
LEFT JOIN "ShoeServicePromotions" AS s1 ON s."Id" = s1."CategoryId"
ORDER BY s."SortOrder", s."Id", s0."Id"
2026-04-03 19:50:37.604 +03:00 [INF] HTTP GET /api/catalog/shoe-services responded 200 in 201.4383 ms
2026-04-03 19:50:37.802 +03:00 [INF] Executed DbCommand (198ms) [Parameters=[], CommandType='"Text"', CommandTimeout='30']
SELECT s."Id", s."DisplayName", s."ImageAfterUrl", s."ImageBeforeUrl", s."Key", s."SortOrder", s."Tagline", s."ThemeColorHex", s0."Id", s0."CategoryId", s0."ColorTierKey", s0."PriceKes", s0."SortOrder", s1."Id", s1."CategoryId", s1."DiscountKind", s1."FixedOffPerPairKes", s1."IsActive", s1."Label", s1."PercentOff", s1."Priority", s1."ValidFrom", s1."ValidTo"
FROM "ShoeServiceCategories" AS s
LEFT JOIN "ShoeServiceTierPrices" AS s0 ON s."Id" = s0."CategoryId"
LEFT JOIN "ShoeServicePromotions" AS s1 ON s."Id" = s1."CategoryId"
ORDER BY s."SortOrder", s."Id", s0."Id"
2026-04-03 19:50:37.809 +03:00 [INF] HTTP GET /api/catalog/shoe-services responded 200 in 205.7843 ms
2026-04-03 19:55:04.264 +03:00 [INF] HTTP OPTIONS /api/catalog/shoe-services responded 204 in 0.0436 ms
2026-04-03 19:55:04.264 +03:00 [INF] HTTP OPTIONS /api/catalog/shoe-services responded 204 in 0.0148 ms
2026-04-03 19:55:04.637 +03:00 [INF] HTTP OPTIONS /api/catalog/preview-pricing responded 204 in 0.0729 ms
2026-04-03 19:55:05.738 +03:00 [INF] Executed DbCommand (223ms) [Parameters=[], CommandType='"Text"', CommandTimeout='30']
SELECT s."Id", s."DisplayName", s."ImageAfterUrl", s."ImageBeforeUrl", s."Key", s."SortOrder", s."Tagline", s."ThemeColorHex", s0."Id", s0."CategoryId", s0."ColorTierKey", s0."PriceKes", s0."SortOrder", s1."Id", s1."CategoryId", s1."DiscountKind", s1."FixedOffPerPairKes", s1."IsActive", s1."Label", s1."PercentOff", s1."Priority", s1."ValidFrom", s1."ValidTo"
FROM "ShoeServiceCategories" AS s
LEFT JOIN "ShoeServiceTierPrices" AS s0 ON s."Id" = s0."CategoryId"
LEFT JOIN "ShoeServicePromotions" AS s1 ON s."Id" = s1."CategoryId"
ORDER BY s."SortOrder", s."Id", s0."Id"
2026-04-03 19:55:05.745 +03:00 [INF] HTTP GET /api/catalog/shoe-services responded 200 in 1476.4428 ms
2026-04-03 19:55:05.945 +03:00 [INF] Executed DbCommand (199ms) [Parameters=[], CommandType='"Text"', CommandTimeout='30']
SELECT s."Id", s."DisplayName", s."ImageAfterUrl", s."ImageBeforeUrl", s."Key", s."SortOrder", s."Tagline", s."ThemeColorHex", s0."Id", s0."CategoryId", s0."ColorTierKey", s0."PriceKes", s0."SortOrder", s1."Id", s1."CategoryId", s1."DiscountKind", s1."FixedOffPerPairKes", s1."IsActive", s1."Label", s1."PercentOff", s1."Priority", s1."ValidFrom", s1."ValidTo"
FROM "ShoeServiceCategories" AS s
LEFT JOIN "ShoeServiceTierPrices" AS s0 ON s."Id" = s0."CategoryId"
LEFT JOIN "ShoeServicePromotions" AS s1 ON s."Id" = s1."CategoryId"
ORDER BY s."SortOrder", s."Id", s0."Id"
2026-04-03 19:55:05.951 +03:00 [INF] HTTP GET /api/catalog/shoe-services responded 200 in 205.2715 ms
2026-04-03 19:55:06.106 +03:00 [INF] Executed DbCommand (248ms) [Parameters=[], CommandType='"Text"', CommandTimeout='30']
SELECT s."Id", s."DisplayName", s."ImageAfterUrl", s."ImageBeforeUrl", s."Key", s."SortOrder", s."Tagline", s."ThemeColorHex", s0."Id", s0."CategoryId", s0."ColorTierKey", s0."PriceKes", s0."SortOrder", s1."Id", s1."CategoryId", s1."DiscountKind", s1."FixedOffPerPairKes", s1."IsActive", s1."Label", s1."PercentOff", s1."Priority", s1."ValidFrom", s1."ValidTo"
FROM "ShoeServiceCategories" AS s
LEFT JOIN "ShoeServiceTierPrices" AS s0 ON s."Id" = s0."CategoryId"
LEFT JOIN "ShoeServicePromotions" AS s1 ON s."Id" = s1."CategoryId"
ORDER BY s."Id", s0."Id"
2026-04-03 19:55:06.111 +03:00 [INF] HTTP POST /api/catalog/preview-pricing responded 200 in 1470.1285 ms
2026-04-03 20:00:31.076 +03:00 [INF] HTTP OPTIONS /api/catalog/preview-pricing responded 204 in 0.0434 ms
2026-04-03 20:00:32.630 +03:00 [INF] Executed DbCommand (219ms) [Parameters=[], CommandType='"Text"', CommandTimeout='30']
SELECT s."Id", s."DisplayName", s."ImageAfterUrl", s."ImageBeforeUrl", s."Key", s."SortOrder", s."Tagline", s."ThemeColorHex", s0."Id", s0."CategoryId", s0."ColorTierKey", s0."PriceKes", s0."SortOrder", s1."Id", s1."CategoryId", s1."DiscountKind", s1."FixedOffPerPairKes", s1."IsActive", s1."Label", s1."PercentOff", s1."Priority", s1."ValidFrom", s1."ValidTo"
FROM "ShoeServiceCategories" AS s
LEFT JOIN "ShoeServiceTierPrices" AS s0 ON s."Id" = s0."CategoryId"
LEFT JOIN "ShoeServicePromotions" AS s1 ON s."Id" = s1."CategoryId"
ORDER BY s."Id", s0."Id"
2026-04-03 20:00:32.633 +03:00 [INF] HTTP POST /api/catalog/preview-pricing responded 200 in 1554.3282 ms
2026-04-03 20:00:54.077 +03:00 [INF] HTTP OPTIONS /api/catalog/preview-pricing responded 204 in 0.0696 ms
2026-04-03 20:00:54.279 +03:00 [INF] Executed DbCommand (198ms) [Parameters=[], CommandType='"Text"', CommandTimeout='30']
SELECT s."Id", s."DisplayName", s."ImageAfterUrl", s."ImageBeforeUrl", s."Key", s."SortOrder", s."Tagline", s."ThemeColorHex", s0."Id", s0."CategoryId", s0."ColorTierKey", s0."PriceKes", s0."SortOrder", s1."Id", s1."CategoryId", s1."DiscountKind", s1."FixedOffPerPairKes", s1."IsActive", s1."Label", s1."PercentOff", s1."Priority", s1."ValidFrom", s1."ValidTo"
FROM "ShoeServiceCategories" AS s
LEFT JOIN "ShoeServiceTierPrices" AS s0 ON s."Id" = s0."CategoryId"
LEFT JOIN "ShoeServicePromotions" AS s1 ON s."Id" = s1."CategoryId"
ORDER BY s."Id", s0."Id"
2026-04-03 20:00:54.285 +03:00 [INF] HTTP POST /api/catalog/preview-pricing responded 200 in 204.4283 ms
2026-04-03 20:00:58.269 +03:00 [INF] Executed DbCommand (202ms) [Parameters=[], CommandType='"Text"', CommandTimeout='30']
SELECT s."Id", s."DisplayName", s."ImageAfterUrl", s."ImageBeforeUrl", s."Key", s."SortOrder", s."Tagline", s."ThemeColorHex", s0."Id", s0."CategoryId", s0."ColorTierKey", s0."PriceKes", s0."SortOrder", s1."Id", s1."CategoryId", s1."DiscountKind", s1."FixedOffPerPairKes", s1."IsActive", s1."Label", s1."PercentOff", s1."Priority", s1."ValidFrom", s1."ValidTo"
FROM "ShoeServiceCategories" AS s
LEFT JOIN "ShoeServiceTierPrices" AS s0 ON s."Id" = s0."CategoryId"
LEFT JOIN "ShoeServicePromotions" AS s1 ON s."Id" = s1."CategoryId"
ORDER BY s."Id", s0."Id"
2026-04-03 20:00:58.274 +03:00 [INF] HTTP POST /api/catalog/preview-pricing responded 200 in 206.8244 ms
2026-04-03 20:38:17.606 +03:00 [INF] HTTP OPTIONS /api/auth/google responded 204 in 0.0703 ms
2026-04-03 20:38:20.418 +03:00 [INF] Executed DbCommand (308ms) [Parameters=[@__normalizedEmail_0='?'], CommandType='"Text"', CommandTimeout='30']
SELECT f."Id", f."AccessFailedCount", f."Address", f."ConcurrencyStamp", f."CreatedAt", f."CustomerReference", f."Email", f."EmailConfirmed", f."FullName", f."IsActive", f."LockoutEnabled", f."LockoutEnd", f."NormalizedEmail", f."NormalizedUserName", f."PasswordHash", f."PhoneNumber", f."PhoneNumberConfirmed", f."SecurityStamp", f."TwoFactorEnabled", f."UserName"
FROM "FreshwalkUsers" AS f
WHERE f."NormalizedEmail" = @__normalizedEmail_0
LIMIT 2
2026-04-03 20:38:20.726 +03:00 [INF] Executed DbCommand (299ms) [Parameters=[@__userId_0='?' (DbType = Guid)], CommandType='"Text"', CommandTimeout='30']
SELECT f0."Name"
FROM "FreshwalkUserRoles" AS f
INNER JOIN "FreshwalkRoles" AS f0 ON f."RoleId" = f0."Id"
WHERE f."UserId" = @__userId_0
2026-04-03 20:38:20.733 +03:00 [INF] HTTP POST /api/auth/google responded 200 in 3121.4777 ms
2026-04-03 20:38:20.778 +03:00 [INF] HTTP OPTIONS /api/catalog/shoe-services responded 204 in 0.0319 ms
2026-04-03 20:38:20.779 +03:00 [INF] HTTP OPTIONS /api/catalog/shoe-services responded 204 in 0.0245 ms
2026-04-03 20:38:20.988 +03:00 [INF] Executed DbCommand (204ms) [Parameters=[], CommandType='"Text"', CommandTimeout='30']
SELECT s."Id", s."DisplayName", s."ImageAfterUrl", s."ImageBeforeUrl", s."Key", s."SortOrder", s."Tagline", s."ThemeColorHex", s0."Id", s0."CategoryId", s0."ColorTierKey", s0."PriceKes", s0."SortOrder", s1."Id", s1."CategoryId", s1."DiscountKind", s1."FixedOffPerPairKes", s1."IsActive", s1."Label", s1."PercentOff", s1."Priority", s1."ValidFrom", s1."ValidTo"
FROM "ShoeServiceCategories" AS s
LEFT JOIN "ShoeServiceTierPrices" AS s0 ON s."Id" = s0."CategoryId"
LEFT JOIN "ShoeServicePromotions" AS s1 ON s."Id" = s1."CategoryId"
ORDER BY s."SortOrder", s."Id", s0."Id"
2026-04-03 20:38:21.147 +03:00 [INF] HTTP OPTIONS /api/catalog/preview-pricing responded 204 in 0.0300 ms
2026-04-03 20:38:21.190 +03:00 [INF] Executed DbCommand (195ms) [Parameters=[@__p_0='?' (DbType = Guid)], CommandType='"Text"', CommandTimeout='30']
SELECT f."Id", f."AccessFailedCount", f."Address", f."ConcurrencyStamp", f."CreatedAt", f."CustomerReference", f."Email", f."EmailConfirmed", f."FullName", f."IsActive", f."LockoutEnabled", f."LockoutEnd", f."NormalizedEmail", f."NormalizedUserName", f."PasswordHash", f."PhoneNumber", f."PhoneNumberConfirmed", f."SecurityStamp", f."TwoFactorEnabled", f."UserName"
FROM "FreshwalkUsers" AS f
WHERE f."Id" = @__p_0
LIMIT 1
2026-04-03 20:38:21.197 +03:00 [INF] HTTP GET /api/catalog/shoe-services responded 200 in 414.1708 ms
2026-04-03 20:38:22.569 +03:00 [INF] Executed DbCommand (305ms) [Parameters=[], CommandType='"Text"', CommandTimeout='30']
SELECT s."Id", s."DisplayName", s."ImageAfterUrl", s."ImageBeforeUrl", s."Key", s."SortOrder", s."Tagline", s."ThemeColorHex", s0."Id", s0."CategoryId", s0."ColorTierKey", s0."PriceKes", s0."SortOrder", s1."Id", s1."CategoryId", s1."DiscountKind", s1."FixedOffPerPairKes", s1."IsActive", s1."Label", s1."PercentOff", s1."Priority", s1."ValidFrom", s1."ValidTo"
FROM "ShoeServiceCategories" AS s
LEFT JOIN "ShoeServiceTierPrices" AS s0 ON s."Id" = s0."CategoryId"
LEFT JOIN "ShoeServicePromotions" AS s1 ON s."Id" = s1."CategoryId"
ORDER BY s."SortOrder", s."Id", s0."Id"
2026-04-03 20:38:22.875 +03:00 [INF] Executed DbCommand (306ms) [Parameters=[], CommandType='"Text"', CommandTimeout='30']
SELECT s."Id", s."DisplayName", s."ImageAfterUrl", s."ImageBeforeUrl", s."Key", s."SortOrder", s."Tagline", s."ThemeColorHex", s0."Id", s0."CategoryId", s0."ColorTierKey", s0."PriceKes", s0."SortOrder", s1."Id", s1."CategoryId", s1."DiscountKind", s1."FixedOffPerPairKes", s1."IsActive", s1."Label", s1."PercentOff", s1."Priority", s1."ValidFrom", s1."ValidTo"
FROM "ShoeServiceCategories" AS s
LEFT JOIN "ShoeServiceTierPrices" AS s0 ON s."Id" = s0."CategoryId"
LEFT JOIN "ShoeServicePromotions" AS s1 ON s."Id" = s1."CategoryId"
ORDER BY s."Id", s0."Id"
2026-04-03 20:38:22.875 +03:00 [INF] Executed DbCommand (299ms) [Parameters=[@__p_0='?' (DbType = Guid)], CommandType='"Text"', CommandTimeout='30']
SELECT f."Id", f."AccessFailedCount", f."Address", f."ConcurrencyStamp", f."CreatedAt", f."CustomerReference", f."Email", f."EmailConfirmed", f."FullName", f."IsActive", f."LockoutEnabled", f."LockoutEnd", f."NormalizedEmail", f."NormalizedUserName", f."PasswordHash", f."PhoneNumber", f."PhoneNumberConfirmed", f."SecurityStamp", f."TwoFactorEnabled", f."UserName"
FROM "FreshwalkUsers" AS f
WHERE f."Id" = @__p_0
LIMIT 1
2026-04-03 20:38:22.887 +03:00 [INF] HTTP GET /api/catalog/shoe-services responded 200 in 1892.0440 ms
2026-04-03 20:38:23.090 +03:00 [INF] Executed DbCommand (205ms) [Parameters=[@__p_0='?' (DbType = Guid)], CommandType='"Text"', CommandTimeout='30']
SELECT f."Id", f."AccessFailedCount", f."Address", f."ConcurrencyStamp", f."CreatedAt", f."CustomerReference", f."Email", f."EmailConfirmed", f."FullName", f."IsActive", f."LockoutEnabled", f."LockoutEnd", f."NormalizedEmail", f."NormalizedUserName", f."PasswordHash", f."PhoneNumber", f."PhoneNumberConfirmed", f."SecurityStamp", f."TwoFactorEnabled", f."UserName"
FROM "FreshwalkUsers" AS f
WHERE f."Id" = @__p_0
LIMIT 1
2026-04-03 20:38:23.096 +03:00 [INF] HTTP POST /api/catalog/preview-pricing responded 200 in 1943.7134 ms
2026-04-03 20:38:29.256 +03:00 [INF] HTTP OPTIONS /api/bookings responded 204 in 0.0370 ms
2026-04-03 20:38:29.633 +03:00 [INF] Executed DbCommand (335ms) [Parameters=[], CommandType='"Text"', CommandTimeout='30']
SELECT s."Id", s."DisplayName", s."ImageAfterUrl", s."ImageBeforeUrl", s."Key", s."SortOrder", s."Tagline", s."ThemeColorHex", s0."Id", s0."CategoryId", s0."ColorTierKey", s0."PriceKes", s0."SortOrder", s1."Id", s1."CategoryId", s1."DiscountKind", s1."FixedOffPerPairKes", s1."IsActive", s1."Label", s1."PercentOff", s1."Priority", s1."ValidFrom", s1."ValidTo"
FROM "ShoeServiceCategories" AS s
LEFT JOIN "ShoeServiceTierPrices" AS s0 ON s."Id" = s0."CategoryId"
LEFT JOIN "ShoeServicePromotions" AS s1 ON s."Id" = s1."CategoryId"
ORDER BY s."Id", s0."Id"
2026-04-03 20:38:29.940 +03:00 [INF] Executed DbCommand (289ms) [Parameters=[@__code_0='?'], CommandType='"Text"', CommandTimeout='30']
SELECT EXISTS (
    SELECT 1
    FROM "Bookings" AS b
    WHERE b."BookingReference" = @__code_0)
2026-04-03 20:38:30.236 +03:00 [INF] Executed DbCommand (284ms) [Parameters=[@__code_0='?'], CommandType='"Text"', CommandTimeout='30']
SELECT EXISTS (
    SELECT 1
    FROM "Payments" AS p
    WHERE p."PaymentReference" = @__code_0)
2026-04-03 20:38:30.657 +03:00 [INF] Executed DbCommand (289ms) [Parameters=[@p0='?' (DbType = Guid), @p1='?' (DbType = Object), @p2='?' (DbType = Object), @p3='?', @p4='?' (DbType = Decimal), @p5='?' (DbType = Object), @p6='?' (DbType = DateTime), @p7='?' (DbType = Guid), @p8='?' (DbType = Decimal), @p9='?' (DbType = Object), @p10='?', @p11='?' (DbType = Double), @p12='?', @p13='?' (DbType = Double), @p14='?' (DbType = Decimal), @p15='?' (DbType = Decimal), @p16='?' (DbType = Decimal), @p17='?' (DbType = Object), @p18='?', @p19='?' (DbType = Decimal), @p20='?' (DbType = Object), @p21='?' (DbType = Int32), @p22='?' (DbType = Guid), @p23='?' (DbType = Decimal), @p24='?' (DbType = Guid), @p25='?' (DbType = DateTime), @p26='?', @p27='?', @p28='?', @p29='?', @p30='?', @p31='?'], CommandType='"Text"', CommandTimeout='30']
INSERT INTO "Bookings" ("Id", "AddOns", "AppliedPromotions", "BookingReference", "BundleDiscountPercent", "CanvasLines", "CreatedAt", "CustomerId", "DiscountAmountKes", "NubuckLines", "PickupAddress", "PickupLatitude", "PickupLocationUrl", "PickupLongitude", "PriceKes", "PromotionalDiscountKes", "ShoesSubtotalGrossKes", "SneakersLines", "Status", "SubtotalBeforeDiscountKes", "SuedeLines", "TotalPairs")
VALUES (@p0, @p1, @p2, @p3, @p4, @p5, @p6, @p7, @p8, @p9, @p10, @p11, @p12, @p13, @p14, @p15, @p16, @p17, @p18, @p19, @p20, @p21);
INSERT INTO "Payments" ("Id", "Amount", "BookingId", "CreatedAt", "MpesaCheckoutRequestId", "MpesaMerchantRequestId", "MpesaReceipt", "PayerPhoneNumber", "PaymentReference", "Status")
VALUES (@p22, @p23, @p24, @p25, @p26, @p27, @p28, @p29, @p30, @p31);
2026-04-03 20:38:31.162 +03:00 [INF] Executed DbCommand (192ms) [Parameters=[@__p_0='?' (DbType = Guid)], CommandType='"Text"', CommandTimeout='30']
SELECT f."Id", f."AccessFailedCount", f."Address", f."ConcurrencyStamp", f."CreatedAt", f."CustomerReference", f."Email", f."EmailConfirmed", f."FullName", f."IsActive", f."LockoutEnabled", f."LockoutEnd", f."NormalizedEmail", f."NormalizedUserName", f."PasswordHash", f."PhoneNumber", f."PhoneNumberConfirmed", f."SecurityStamp", f."TwoFactorEnabled", f."UserName"
FROM "FreshwalkUsers" AS f
WHERE f."Id" = @__p_0
LIMIT 1
2026-04-03 20:38:31.208 +03:00 [INF] HTTP POST /api/bookings responded 200 in 1949.3702 ms
2026-04-03 20:45:14.080 +03:00 [INF] HTTP OPTIONS /api/catalog/preview-pricing responded 204 in 0.0573 ms
2026-04-03 20:45:15.648 +03:00 [INF] Executed DbCommand (281ms) [Parameters=[], CommandType='"Text"', CommandTimeout='30']
SELECT s."Id", s."DisplayName", s."ImageAfterUrl", s."ImageBeforeUrl", s."Key", s."SortOrder", s."Tagline", s."ThemeColorHex", s0."Id", s0."CategoryId", s0."ColorTierKey", s0."PriceKes", s0."SortOrder", s1."Id", s1."CategoryId", s1."DiscountKind", s1."FixedOffPerPairKes", s1."IsActive", s1."Label", s1."PercentOff", s1."Priority", s1."ValidFrom", s1."ValidTo"
FROM "ShoeServiceCategories" AS s
LEFT JOIN "ShoeServiceTierPrices" AS s0 ON s."Id" = s0."CategoryId"
LEFT JOIN "ShoeServicePromotions" AS s1 ON s."Id" = s1."CategoryId"
ORDER BY s."Id", s0."Id"
2026-04-03 20:45:15.861 +03:00 [INF] Executed DbCommand (211ms) [Parameters=[@__p_0='?' (DbType = Guid)], CommandType='"Text"', CommandTimeout='30']
SELECT f."Id", f."AccessFailedCount", f."Address", f."ConcurrencyStamp", f."CreatedAt", f."CustomerReference", f."Email", f."EmailConfirmed", f."FullName", f."IsActive", f."LockoutEnabled", f."LockoutEnd", f."NormalizedEmail", f."NormalizedUserName", f."PasswordHash", f."PhoneNumber", f."PhoneNumberConfirmed", f."SecurityStamp", f."TwoFactorEnabled", f."UserName"
FROM "FreshwalkUsers" AS f
WHERE f."Id" = @__p_0
LIMIT 1
2026-04-03 20:45:15.867 +03:00 [INF] HTTP POST /api/catalog/preview-pricing responded 200 in 1782.2583 ms
2026-04-03 20:47:43.192 +03:00 [INF] HTTP OPTIONS /api/catalog/shoe-services responded 204 in 0.0496 ms
2026-04-03 20:47:43.195 +03:00 [INF] HTTP OPTIONS /api/catalog/shoe-services responded 204 in 0.0283 ms
2026-04-03 20:47:43.405 +03:00 [INF] Executed DbCommand (197ms) [Parameters=[], CommandType='"Text"', CommandTimeout='30']
SELECT s."Id", s."DisplayName", s."ImageAfterUrl", s."ImageBeforeUrl", s."Key", s."SortOrder", s."Tagline", s."ThemeColorHex", s0."Id", s0."CategoryId", s0."ColorTierKey", s0."PriceKes", s0."SortOrder", s1."Id", s1."CategoryId", s1."DiscountKind", s1."FixedOffPerPairKes", s1."IsActive", s1."Label", s1."PercentOff", s1."Priority", s1."ValidFrom", s1."ValidTo"
FROM "ShoeServiceCategories" AS s
LEFT JOIN "ShoeServiceTierPrices" AS s0 ON s."Id" = s0."CategoryId"
LEFT JOIN "ShoeServicePromotions" AS s1 ON s."Id" = s1."CategoryId"
ORDER BY s."SortOrder", s."Id", s0."Id"
2026-04-03 20:47:43.411 +03:00 [INF] HTTP GET /api/catalog/shoe-services responded 200 in 205.6445 ms
2026-04-03 20:47:43.605 +03:00 [INF] Executed DbCommand (191ms) [Parameters=[], CommandType='"Text"', CommandTimeout='30']
SELECT s."Id", s."DisplayName", s."ImageAfterUrl", s."ImageBeforeUrl", s."Key", s."SortOrder", s."Tagline", s."ThemeColorHex", s0."Id", s0."CategoryId", s0."ColorTierKey", s0."PriceKes", s0."SortOrder", s1."Id", s1."CategoryId", s1."DiscountKind", s1."FixedOffPerPairKes", s1."IsActive", s1."Label", s1."PercentOff", s1."Priority", s1."ValidFrom", s1."ValidTo"
FROM "ShoeServiceCategories" AS s
LEFT JOIN "ShoeServiceTierPrices" AS s0 ON s."Id" = s0."CategoryId"
LEFT JOIN "ShoeServicePromotions" AS s1 ON s."Id" = s1."CategoryId"
ORDER BY s."SortOrder", s."Id", s0."Id"
2026-04-03 20:47:43.613 +03:00 [INF] HTTP GET /api/catalog/shoe-services responded 200 in 201.1818 ms
2026-04-03 20:49:21.876 +03:00 [INF] HTTP OPTIONS /api/catalog/shoe-services responded 204 in 0.0432 ms
2026-04-03 20:49:21.881 +03:00 [INF] HTTP OPTIONS /api/catalog/shoe-services responded 204 in 0.0376 ms
2026-04-03 20:49:22.097 +03:00 [INF] Executed DbCommand (202ms) [Parameters=[], CommandType='"Text"', CommandTimeout='30']
SELECT s."Id", s."DisplayName", s."ImageAfterUrl", s."ImageBeforeUrl", s."Key", s."SortOrder", s."Tagline", s."ThemeColorHex", s0."Id", s0."CategoryId", s0."ColorTierKey", s0."PriceKes", s0."SortOrder", s1."Id", s1."CategoryId", s1."DiscountKind", s1."FixedOffPerPairKes", s1."IsActive", s1."Label", s1."PercentOff", s1."Priority", s1."ValidFrom", s1."ValidTo"
FROM "ShoeServiceCategories" AS s
LEFT JOIN "ShoeServiceTierPrices" AS s0 ON s."Id" = s0."CategoryId"
LEFT JOIN "ShoeServicePromotions" AS s1 ON s."Id" = s1."CategoryId"
ORDER BY s."SortOrder", s."Id", s0."Id"
2026-04-03 20:49:22.104 +03:00 [INF] HTTP GET /api/catalog/shoe-services responded 200 in 215.6276 ms
2026-04-03 20:49:22.239 +03:00 [INF] HTTP OPTIONS /api/catalog/preview-pricing responded 204 in 0.0385 ms
2026-04-03 20:49:22.307 +03:00 [INF] Executed DbCommand (201ms) [Parameters=[], CommandType='"Text"', CommandTimeout='30']
SELECT s."Id", s."DisplayName", s."ImageAfterUrl", s."ImageBeforeUrl", s."Key", s."SortOrder", s."Tagline", s."ThemeColorHex", s0."Id", s0."CategoryId", s0."ColorTierKey", s0."PriceKes", s0."SortOrder", s1."Id", s1."CategoryId", s1."DiscountKind", s1."FixedOffPerPairKes", s1."IsActive", s1."Label", s1."PercentOff", s1."Priority", s1."ValidFrom", s1."ValidTo"
FROM "ShoeServiceCategories" AS s
LEFT JOIN "ShoeServiceTierPrices" AS s0 ON s."Id" = s0."CategoryId"
LEFT JOIN "ShoeServicePromotions" AS s1 ON s."Id" = s1."CategoryId"
ORDER BY s."SortOrder", s."Id", s0."Id"
2026-04-03 20:49:22.314 +03:00 [INF] HTTP GET /api/catalog/shoe-services responded 200 in 210.2224 ms
2026-04-03 20:49:23.770 +03:00 [INF] Executed DbCommand (196ms) [Parameters=[], CommandType='"Text"', CommandTimeout='30']
SELECT s."Id", s."DisplayName", s."ImageAfterUrl", s."ImageBeforeUrl", s."Key", s."SortOrder", s."Tagline", s."ThemeColorHex", s0."Id", s0."CategoryId", s0."ColorTierKey", s0."PriceKes", s0."SortOrder", s1."Id", s1."CategoryId", s1."DiscountKind", s1."FixedOffPerPairKes", s1."IsActive", s1."Label", s1."PercentOff", s1."Priority", s1."ValidFrom", s1."ValidTo"
FROM "ShoeServiceCategories" AS s
LEFT JOIN "ShoeServiceTierPrices" AS s0 ON s."Id" = s0."CategoryId"
LEFT JOIN "ShoeServicePromotions" AS s1 ON s."Id" = s1."CategoryId"
ORDER BY s."Id", s0."Id"
2026-04-03 20:49:23.778 +03:00 [INF] HTTP POST /api/catalog/preview-pricing responded 200 in 1534.5174 ms
2026-04-03 20:51:02.287 +03:00 [INF] HTTP OPTIONS /api/catalog/shoe-services responded 204 in 0.0389 ms
2026-04-03 20:51:02.289 +03:00 [INF] HTTP OPTIONS /api/catalog/shoe-services responded 204 in 0.0411 ms
2026-04-03 20:51:02.595 +03:00 [INF] Executed DbCommand (273ms) [Parameters=[], CommandType='"Text"', CommandTimeout='30']
SELECT s."Id", s."DisplayName", s."ImageAfterUrl", s."ImageBeforeUrl", s."Key", s."SortOrder", s."Tagline", s."ThemeColorHex", s0."Id", s0."CategoryId", s0."ColorTierKey", s0."PriceKes", s0."SortOrder", s1."Id", s1."CategoryId", s1."DiscountKind", s1."FixedOffPerPairKes", s1."IsActive", s1."Label", s1."PercentOff", s1."Priority", s1."ValidFrom", s1."ValidTo"
FROM "ShoeServiceCategories" AS s
LEFT JOIN "ShoeServiceTierPrices" AS s0 ON s."Id" = s0."CategoryId"
LEFT JOIN "ShoeServicePromotions" AS s1 ON s."Id" = s1."CategoryId"
ORDER BY s."SortOrder", s."Id", s0."Id"
2026-04-03 20:51:02.601 +03:00 [INF] HTTP GET /api/catalog/shoe-services responded 200 in 291.4932 ms
2026-04-03 20:51:02.802 +03:00 [INF] Executed DbCommand (199ms) [Parameters=[], CommandType='"Text"', CommandTimeout='30']
SELECT s."Id", s."DisplayName", s."ImageAfterUrl", s."ImageBeforeUrl", s."Key", s."SortOrder", s."Tagline", s."ThemeColorHex", s0."Id", s0."CategoryId", s0."ColorTierKey", s0."PriceKes", s0."SortOrder", s1."Id", s1."CategoryId", s1."DiscountKind", s1."FixedOffPerPairKes", s1."IsActive", s1."Label", s1."PercentOff", s1."Priority", s1."ValidFrom", s1."ValidTo"
FROM "ShoeServiceCategories" AS s
LEFT JOIN "ShoeServiceTierPrices" AS s0 ON s."Id" = s0."CategoryId"
LEFT JOIN "ShoeServicePromotions" AS s1 ON s."Id" = s1."CategoryId"
ORDER BY s."SortOrder", s."Id", s0."Id"
2026-04-03 20:51:02.811 +03:00 [INF] HTTP GET /api/catalog/shoe-services responded 200 in 210.3345 ms
2026-04-03 21:06:03.977 +03:00 [INF] HTTP OPTIONS /api/catalog/shoe-services responded 204 in 0.1232 ms
2026-04-03 21:06:03.977 +03:00 [INF] HTTP OPTIONS /api/catalog/shoe-services responded 204 in 0.0236 ms
2026-04-03 21:06:04.340 +03:00 [INF] HTTP OPTIONS /api/catalog/preview-pricing responded 204 in 0.0427 ms
2026-04-03 21:06:05.506 +03:00 [INF] Executed DbCommand (209ms) [Parameters=[], CommandType='"Text"', CommandTimeout='30']
SELECT s."Id", s."DisplayName", s."ImageAfterUrl", s."ImageBeforeUrl", s."Key", s."SortOrder", s."Tagline", s."ThemeColorHex", s0."Id", s0."CategoryId", s0."ColorTierKey", s0."PriceKes", s0."SortOrder", s1."Id", s1."CategoryId", s1."DiscountKind", s1."FixedOffPerPairKes", s1."IsActive", s1."Label", s1."PercentOff", s1."Priority", s1."ValidFrom", s1."ValidTo"
FROM "ShoeServiceCategories" AS s
LEFT JOIN "ShoeServiceTierPrices" AS s0 ON s."Id" = s0."CategoryId"
LEFT JOIN "ShoeServicePromotions" AS s1 ON s."Id" = s1."CategoryId"
ORDER BY s."SortOrder", s."Id", s0."Id"
2026-04-03 21:06:05.513 +03:00 [INF] HTTP GET /api/catalog/shoe-services responded 200 in 1532.3367 ms
2026-04-03 21:06:05.712 +03:00 [INF] Executed DbCommand (196ms) [Parameters=[], CommandType='"Text"', CommandTimeout='30']
SELECT s."Id", s."DisplayName", s."ImageAfterUrl", s."ImageBeforeUrl", s."Key", s."SortOrder", s."Tagline", s."ThemeColorHex", s0."Id", s0."CategoryId", s0."ColorTierKey", s0."PriceKes", s0."SortOrder", s1."Id", s1."CategoryId", s1."DiscountKind", s1."FixedOffPerPairKes", s1."IsActive", s1."Label", s1."PercentOff", s1."Priority", s1."ValidFrom", s1."ValidTo"
FROM "ShoeServiceCategories" AS s
LEFT JOIN "ShoeServiceTierPrices" AS s0 ON s."Id" = s0."CategoryId"
LEFT JOIN "ShoeServicePromotions" AS s1 ON s."Id" = s1."CategoryId"
ORDER BY s."SortOrder", s."Id", s0."Id"
2026-04-03 21:06:05.720 +03:00 [INF] HTTP GET /api/catalog/shoe-services responded 200 in 206.1945 ms
2026-04-03 21:06:05.726 +03:00 [INF] Executed DbCommand (197ms) [Parameters=[], CommandType='"Text"', CommandTimeout='30']
SELECT s."Id", s."DisplayName", s."ImageAfterUrl", s."ImageBeforeUrl", s."Key", s."SortOrder", s."Tagline", s."ThemeColorHex", s0."Id", s0."CategoryId", s0."ColorTierKey", s0."PriceKes", s0."SortOrder", s1."Id", s1."CategoryId", s1."DiscountKind", s1."FixedOffPerPairKes", s1."IsActive", s1."Label", s1."PercentOff", s1."Priority", s1."ValidFrom", s1."ValidTo"
FROM "ShoeServiceCategories" AS s
LEFT JOIN "ShoeServiceTierPrices" AS s0 ON s."Id" = s0."CategoryId"
LEFT JOIN "ShoeServicePromotions" AS s1 ON s."Id" = s1."CategoryId"
ORDER BY s."Id", s0."Id"
2026-04-03 21:06:05.734 +03:00 [INF] HTTP POST /api/catalog/preview-pricing responded 200 in 1389.7580 ms
2026-04-03 21:08:44.205 +03:00 [INF] HTTP OPTIONS /api/catalog/shoe-services responded 204 in 0.0334 ms
2026-04-03 21:08:44.206 +03:00 [INF] HTTP OPTIONS /api/catalog/shoe-services responded 204 in 0.0168 ms
2026-04-03 21:08:44.430 +03:00 [INF] Executed DbCommand (199ms) [Parameters=[], CommandType='"Text"', CommandTimeout='30']
SELECT s."Id", s."DisplayName", s."ImageAfterUrl", s."ImageBeforeUrl", s."Key", s."SortOrder", s."Tagline", s."ThemeColorHex", s0."Id", s0."CategoryId", s0."ColorTierKey", s0."PriceKes", s0."SortOrder", s1."Id", s1."CategoryId", s1."DiscountKind", s1."FixedOffPerPairKes", s1."IsActive", s1."Label", s1."PercentOff", s1."Priority", s1."ValidFrom", s1."ValidTo"
FROM "ShoeServiceCategories" AS s
LEFT JOIN "ShoeServiceTierPrices" AS s0 ON s."Id" = s0."CategoryId"
LEFT JOIN "ShoeServicePromotions" AS s1 ON s."Id" = s1."CategoryId"
ORDER BY s."SortOrder", s."Id", s0."Id"
2026-04-03 21:08:44.460 +03:00 [INF] HTTP GET /api/catalog/shoe-services responded 200 in 231.1148 ms
2026-04-03 21:08:44.659 +03:00 [INF] Executed DbCommand (206ms) [Parameters=[], CommandType='"Text"', CommandTimeout='30']
SELECT s."Id", s."DisplayName", s."ImageAfterUrl", s."ImageBeforeUrl", s."Key", s."SortOrder", s."Tagline", s."ThemeColorHex", s0."Id", s0."CategoryId", s0."ColorTierKey", s0."PriceKes", s0."SortOrder", s1."Id", s1."CategoryId", s1."DiscountKind", s1."FixedOffPerPairKes", s1."IsActive", s1."Label", s1."PercentOff", s1."Priority", s1."ValidFrom", s1."ValidTo"
FROM "ShoeServiceCategories" AS s
LEFT JOIN "ShoeServiceTierPrices" AS s0 ON s."Id" = s0."CategoryId"
LEFT JOIN "ShoeServicePromotions" AS s1 ON s."Id" = s1."CategoryId"
ORDER BY s."SortOrder", s."Id", s0."Id"
2026-04-03 21:08:44.664 +03:00 [INF] HTTP GET /api/catalog/shoe-services responded 200 in 211.7664 ms
2026-04-03 21:43:45.082 +03:00 [INF] HTTP OPTIONS /api/catalog/shoe-services responded 204 in 0.0737 ms
2026-04-03 21:43:45.082 +03:00 [INF] HTTP OPTIONS /api/catalog/shoe-services responded 204 in 0.0186 ms
2026-04-03 21:43:46.839 +03:00 [INF] Executed DbCommand (219ms) [Parameters=[], CommandType='"Text"', CommandTimeout='30']
SELECT s."Id", s."DisplayName", s."ImageAfterUrl", s."ImageBeforeUrl", s."Key", s."SortOrder", s."Tagline", s."ThemeColorHex", s0."Id", s0."CategoryId", s0."ColorTierKey", s0."PriceKes", s0."SortOrder", s1."Id", s1."CategoryId", s1."DiscountKind", s1."FixedOffPerPairKes", s1."IsActive", s1."Label", s1."PercentOff", s1."Priority", s1."ValidFrom", s1."ValidTo"
FROM "ShoeServiceCategories" AS s
LEFT JOIN "ShoeServiceTierPrices" AS s0 ON s."Id" = s0."CategoryId"
LEFT JOIN "ShoeServicePromotions" AS s1 ON s."Id" = s1."CategoryId"
ORDER BY s."SortOrder", s."Id", s0."Id"
2026-04-03 21:43:46.844 +03:00 [INF] HTTP GET /api/catalog/shoe-services responded 200 in 1759.2894 ms
2026-04-03 21:43:47.041 +03:00 [INF] Executed DbCommand (195ms) [Parameters=[], CommandType='"Text"', CommandTimeout='30']
SELECT s."Id", s."DisplayName", s."ImageAfterUrl", s."ImageBeforeUrl", s."Key", s."SortOrder", s."Tagline", s."ThemeColorHex", s0."Id", s0."CategoryId", s0."ColorTierKey", s0."PriceKes", s0."SortOrder", s1."Id", s1."CategoryId", s1."DiscountKind", s1."FixedOffPerPairKes", s1."IsActive", s1."Label", s1."PercentOff", s1."Priority", s1."ValidFrom", s1."ValidTo"
FROM "ShoeServiceCategories" AS s
LEFT JOIN "ShoeServiceTierPrices" AS s0 ON s."Id" = s0."CategoryId"
LEFT JOIN "ShoeServicePromotions" AS s1 ON s."Id" = s1."CategoryId"
ORDER BY s."SortOrder", s."Id", s0."Id"
2026-04-03 21:43:47.046 +03:00 [INF] HTTP GET /api/catalog/shoe-services responded 200 in 201.6119 ms
2026-04-03 21:43:48.141 +03:00 [INF] HTTP OPTIONS /api/rider/orders/14b94dc8-2415-48f5-b787-dc381c72f634 responded 204 in 0.0302 ms
2026-04-03 21:43:48.144 +03:00 [INF] HTTP OPTIONS /api/rider/orders/14b94dc8-2415-48f5-b787-dc381c72f634 responded 204 in 0.0370 ms
2026-04-03 21:43:48.152 +03:00 [INF] HTTP GET /api/rider/orders/14b94dc8-2415-48f5-b787-dc381c72f634 responded 401 in 0.9287 ms
2026-04-03 21:43:48.160 +03:00 [INF] HTTP GET /api/rider/orders/14b94dc8-2415-48f5-b787-dc381c72f634 responded 401 in 0.2964 ms
2026-04-03 21:44:00.164 +03:00 [INF] HTTP OPTIONS /api/auth/login responded 204 in 0.0263 ms
2026-04-03 21:44:00.491 +03:00 [INF] Executed DbCommand (323ms) [Parameters=[@__normalizedEmail_0='?'], CommandType='"Text"', CommandTimeout='30']
SELECT f."Id", f."AccessFailedCount", f."Address", f."ConcurrencyStamp", f."CreatedAt", f."CustomerReference", f."Email", f."EmailConfirmed", f."FullName", f."IsActive", f."LockoutEnabled", f."LockoutEnd", f."NormalizedEmail", f."NormalizedUserName", f."PasswordHash", f."PhoneNumber", f."PhoneNumberConfirmed", f."SecurityStamp", f."TwoFactorEnabled", f."UserName"
FROM "FreshwalkUsers" AS f
WHERE f."NormalizedEmail" = @__normalizedEmail_0
LIMIT 2
2026-04-03 21:44:00.914 +03:00 [INF] Executed DbCommand (214ms) [Parameters=[@__userId_0='?' (DbType = Guid)], CommandType='"Text"', CommandTimeout='30']
SELECT f0."Name"
FROM "FreshwalkUserRoles" AS f
INNER JOIN "FreshwalkRoles" AS f0 ON f."RoleId" = f0."Id"
WHERE f."UserId" = @__userId_0
2026-04-03 21:44:00.924 +03:00 [INF] HTTP POST /api/auth/login responded 200 in 757.0520 ms
2026-04-03 21:44:00.964 +03:00 [INF] HTTP OPTIONS /api/rider/orders responded 204 in 0.0462 ms
2026-04-03 21:44:00.970 +03:00 [INF] HTTP OPTIONS /api/rider/orders responded 204 in 0.0371 ms
2026-04-03 21:44:01.226 +03:00 [INF] Executed DbCommand (251ms) [Parameters=[@__riderId_0='?' (DbType = Guid)], CommandType='"Text"', CommandTimeout='30']
SELECT o."Id", o."AssignedAt", o."AssignmentReference", o."AssignmentType", o."CompletedAt", o."Notes", o."OrderId", o."RiderId", o."Status", o0."Id", o0."AgentId", o0."BookingId", o0."CleaningCompletedAt", o0."CleaningStartedAt", o0."CustomerId", o0."DeliveredAt", o0."DeliveryOtp", o0."DeliveryOtpExpiresAt", o0."DeliveryOtpVerifiedAt", o0."OrderReference", o0."PickedUpAt", o0."PickupOtp", o0."PickupOtpExpiresAt", o0."PickupOtpVerifiedAt", o0."Status", b."Id", b."AddOns", b."AppliedPromotions", b."BookingReference", b."BundleDiscountPercent", b."CanvasLines", b."CreatedAt", b."CustomerId", b."DiscountAmountKes", b."NubuckLines", b."PickupAddress", b."PickupLatitude", b."PickupLocationUrl", b."PickupLongitude", b."PriceKes", b."PromotionalDiscountKes", b."ShoesSubtotalGrossKes", b."SneakersLines", b."Status", b."SubtotalBeforeDiscountKes", b."SuedeLines", b."TotalPairs", f."Id", f."AccessFailedCount", f."Address", f."ConcurrencyStamp", f."CreatedAt", f."CustomerReference", f."Email", f."EmailConfirmed", f."FullName", f."IsActive", f."LockoutEnabled", f."LockoutEnd", f."NormalizedEmail", f."NormalizedUserName", f."PasswordHash", f."PhoneNumber", f."PhoneNumberConfirmed", f."SecurityStamp", f."TwoFactorEnabled", f."UserName", p."Id", p."Amount", p."BookingId", p."CreatedAt", p."MpesaCheckoutRequestId", p."MpesaMerchantRequestId", p."MpesaReceipt", p."PayerPhoneNumber", p."PaymentReference", p."Status"
FROM "OrderRiderAssignments" AS o
INNER JOIN "Orders" AS o0 ON o."OrderId" = o0."Id"
INNER JOIN "Bookings" AS b ON o0."BookingId" = b."Id"
INNER JOIN "FreshwalkUsers" AS f ON b."CustomerId" = f."Id"
LEFT JOIN "Payments" AS p ON b."Id" = p."BookingId"
WHERE o."RiderId" = @__riderId_0 AND ((o."AssignmentType" = 'Pickup' AND o0."Status" IN ('PickupRiderAssigned', 'InTransitToShop')) OR (o."AssignmentType" = 'Delivery' AND o0."Status" IN ('DeliveryRiderAssigned', 'InTransitToCustomer')))
ORDER BY o."AssignedAt" DESC
2026-04-03 21:44:01.435 +03:00 [INF] Executed DbCommand (200ms) [Parameters=[@__p_0='?' (DbType = Guid)], CommandType='"Text"', CommandTimeout='30']
SELECT f."Id", f."AccessFailedCount", f."Address", f."ConcurrencyStamp", f."CreatedAt", f."CustomerReference", f."Email", f."EmailConfirmed", f."FullName", f."IsActive", f."LockoutEnabled", f."LockoutEnd", f."NormalizedEmail", f."NormalizedUserName", f."PasswordHash", f."PhoneNumber", f."PhoneNumberConfirmed", f."SecurityStamp", f."TwoFactorEnabled", f."UserName"
FROM "FreshwalkUsers" AS f
WHERE f."Id" = @__p_0
LIMIT 1
2026-04-03 21:44:01.440 +03:00 [INF] HTTP GET /api/rider/orders responded 200 in 467.3173 ms
2026-04-03 21:44:02.793 +03:00 [INF] Executed DbCommand (282ms) [Parameters=[@__riderId_0='?' (DbType = Guid)], CommandType='"Text"', CommandTimeout='30']
SELECT o."Id", o."AssignedAt", o."AssignmentReference", o."AssignmentType", o."CompletedAt", o."Notes", o."OrderId", o."RiderId", o."Status", o0."Id", o0."AgentId", o0."BookingId", o0."CleaningCompletedAt", o0."CleaningStartedAt", o0."CustomerId", o0."DeliveredAt", o0."DeliveryOtp", o0."DeliveryOtpExpiresAt", o0."DeliveryOtpVerifiedAt", o0."OrderReference", o0."PickedUpAt", o0."PickupOtp", o0."PickupOtpExpiresAt", o0."PickupOtpVerifiedAt", o0."Status", b."Id", b."AddOns", b."AppliedPromotions", b."BookingReference", b."BundleDiscountPercent", b."CanvasLines", b."CreatedAt", b."CustomerId", b."DiscountAmountKes", b."NubuckLines", b."PickupAddress", b."PickupLatitude", b."PickupLocationUrl", b."PickupLongitude", b."PriceKes", b."PromotionalDiscountKes", b."ShoesSubtotalGrossKes", b."SneakersLines", b."Status", b."SubtotalBeforeDiscountKes", b."SuedeLines", b."TotalPairs", f."Id", f."AccessFailedCount", f."Address", f."ConcurrencyStamp", f."CreatedAt", f."CustomerReference", f."Email", f."EmailConfirmed", f."FullName", f."IsActive", f."LockoutEnabled", f."LockoutEnd", f."NormalizedEmail", f."NormalizedUserName", f."PasswordHash", f."PhoneNumber", f."PhoneNumberConfirmed", f."SecurityStamp", f."TwoFactorEnabled", f."UserName", p."Id", p."Amount", p."BookingId", p."CreatedAt", p."MpesaCheckoutRequestId", p."MpesaMerchantRequestId", p."MpesaReceipt", p."PayerPhoneNumber", p."PaymentReference", p."Status"
FROM "OrderRiderAssignments" AS o
INNER JOIN "Orders" AS o0 ON o."OrderId" = o0."Id"
INNER JOIN "Bookings" AS b ON o0."BookingId" = b."Id"
INNER JOIN "FreshwalkUsers" AS f ON b."CustomerId" = f."Id"
LEFT JOIN "Payments" AS p ON b."Id" = p."BookingId"
WHERE o."RiderId" = @__riderId_0 AND ((o."AssignmentType" = 'Pickup' AND o0."Status" IN ('PickupRiderAssigned', 'InTransitToShop')) OR (o."AssignmentType" = 'Delivery' AND o0."Status" IN ('DeliveryRiderAssigned', 'InTransitToCustomer')))
ORDER BY o."AssignedAt" DESC
2026-04-03 21:44:02.999 +03:00 [INF] Executed DbCommand (198ms) [Parameters=[@__p_0='?' (DbType = Guid)], CommandType='"Text"', CommandTimeout='30']
SELECT f."Id", f."AccessFailedCount", f."Address", f."ConcurrencyStamp", f."CreatedAt", f."CustomerReference", f."Email", f."EmailConfirmed", f."FullName", f."IsActive", f."LockoutEnabled", f."LockoutEnd", f."NormalizedEmail", f."NormalizedUserName", f."PasswordHash", f."PhoneNumber", f."PhoneNumberConfirmed", f."SecurityStamp", f."TwoFactorEnabled", f."UserName"
FROM "FreshwalkUsers" AS f
WHERE f."Id" = @__p_0
LIMIT 1
2026-04-03 21:44:03.005 +03:00 [INF] HTTP GET /api/rider/orders responded 200 in 1770.5457 ms
2026-04-03 21:44:06.243 +03:00 [INF] HTTP OPTIONS /api/rider/orders/history responded 204 in 0.0327 ms
2026-04-03 21:44:06.246 +03:00 [INF] HTTP OPTIONS /api/rider/orders/history responded 204 in 0.0325 ms
2026-04-03 21:44:06.469 +03:00 [INF] Executed DbCommand (205ms) [Parameters=[@__riderId_0='?' (DbType = Guid), @__p_1='?' (DbType = Int32)], CommandType='"Text"', CommandTimeout='30']
SELECT s."Id", s."AssignedAt", s."AssignmentReference", s."AssignmentType", s."CompletedAt", s."Notes", s."OrderId", s."RiderId", s."Status", s."Id0", s."AgentId", s."BookingId", s."CleaningCompletedAt", s."CleaningStartedAt", s."CustomerId", s."DeliveredAt", s."DeliveryOtp", s."DeliveryOtpExpiresAt", s."DeliveryOtpVerifiedAt", s."OrderReference", s."PickedUpAt", s."PickupOtp", s."PickupOtpExpiresAt", s."PickupOtpVerifiedAt", s."Status0", b."Id", b."AddOns", b."AppliedPromotions", b."BookingReference", b."BundleDiscountPercent", b."CanvasLines", b."CreatedAt", b."CustomerId", b."DiscountAmountKes", b."NubuckLines", b."PickupAddress", b."PickupLatitude", b."PickupLocationUrl", b."PickupLongitude", b."PriceKes", b."PromotionalDiscountKes", b."ShoesSubtotalGrossKes", b."SneakersLines", b."Status", b."SubtotalBeforeDiscountKes", b."SuedeLines", b."TotalPairs", f."Id", f."AccessFailedCount", f."Address", f."ConcurrencyStamp", f."CreatedAt", f."CustomerReference", f."Email", f."EmailConfirmed", f."FullName", f."IsActive", f."LockoutEnabled", f."LockoutEnd", f."NormalizedEmail", f."NormalizedUserName", f."PasswordHash", f."PhoneNumber", f."PhoneNumberConfirmed", f."SecurityStamp", f."TwoFactorEnabled", f."UserName", p."Id", p."Amount", p."BookingId", p."CreatedAt", p."MpesaCheckoutRequestId", p."MpesaMerchantRequestId", p."MpesaReceipt", p."PayerPhoneNumber", p."PaymentReference", p."Status"
FROM (
    SELECT o."Id", o."AssignedAt", o."AssignmentReference", o."AssignmentType", o."CompletedAt", o."Notes", o."OrderId", o."RiderId", o."Status", o0."Id" AS "Id0", o0."AgentId", o0."BookingId", o0."CleaningCompletedAt", o0."CleaningStartedAt", o0."CustomerId", o0."DeliveredAt", o0."DeliveryOtp", o0."DeliveryOtpExpiresAt", o0."DeliveryOtpVerifiedAt", o0."OrderReference", o0."PickedUpAt", o0."PickupOtp", o0."PickupOtpExpiresAt", o0."PickupOtpVerifiedAt", o0."Status" AS "Status0", COALESCE(o0."DeliveredAt", o0."PickedUpAt", o."AssignedAt") AS c
    FROM "OrderRiderAssignments" AS o
    INNER JOIN "Orders" AS o0 ON o."OrderId" = o0."Id"
    WHERE o."RiderId" = @__riderId_0 AND (o0."DeliveredAt" IS NOT NULL OR (o."AssignmentType" = 'Pickup' AND o0."Status" IN ('AtShop', 'CleaningInProgress', 'AwaitingDeliveryRider', 'DeliveryRiderAssigned', 'Delivered')))
    ORDER BY COALESCE(o0."DeliveredAt", o0."PickedUpAt", o."AssignedAt") DESC
    LIMIT @__p_1
) AS s
INNER JOIN "Bookings" AS b ON s."BookingId" = b."Id"
INNER JOIN "FreshwalkUsers" AS f ON b."CustomerId" = f."Id"
LEFT JOIN "Payments" AS p ON b."Id" = p."BookingId"
ORDER BY s.c DESC
2026-04-03 21:44:06.673 +03:00 [INF] Executed DbCommand (195ms) [Parameters=[@__p_0='?' (DbType = Guid)], CommandType='"Text"', CommandTimeout='30']
SELECT f."Id", f."AccessFailedCount", f."Address", f."ConcurrencyStamp", f."CreatedAt", f."CustomerReference", f."Email", f."EmailConfirmed", f."FullName", f."IsActive", f."LockoutEnabled", f."LockoutEnd", f."NormalizedEmail", f."NormalizedUserName", f."PasswordHash", f."PhoneNumber", f."PhoneNumberConfirmed", f."SecurityStamp", f."TwoFactorEnabled", f."UserName"
FROM "FreshwalkUsers" AS f
WHERE f."Id" = @__p_0
LIMIT 1
2026-04-03 21:44:06.677 +03:00 [INF] Executed DbCommand (198ms) [Parameters=[@__riderId_0='?' (DbType = Guid), @__p_1='?' (DbType = Int32)], CommandType='"Text"', CommandTimeout='30']
SELECT s."Id", s."AssignedAt", s."AssignmentReference", s."AssignmentType", s."CompletedAt", s."Notes", s."OrderId", s."RiderId", s."Status", s."Id0", s."AgentId", s."BookingId", s."CleaningCompletedAt", s."CleaningStartedAt", s."CustomerId", s."DeliveredAt", s."DeliveryOtp", s."DeliveryOtpExpiresAt", s."DeliveryOtpVerifiedAt", s."OrderReference", s."PickedUpAt", s."PickupOtp", s."PickupOtpExpiresAt", s."PickupOtpVerifiedAt", s."Status0", b."Id", b."AddOns", b."AppliedPromotions", b."BookingReference", b."BundleDiscountPercent", b."CanvasLines", b."CreatedAt", b."CustomerId", b."DiscountAmountKes", b."NubuckLines", b."PickupAddress", b."PickupLatitude", b."PickupLocationUrl", b."PickupLongitude", b."PriceKes", b."PromotionalDiscountKes", b."ShoesSubtotalGrossKes", b."SneakersLines", b."Status", b."SubtotalBeforeDiscountKes", b."SuedeLines", b."TotalPairs", f."Id", f."AccessFailedCount", f."Address", f."ConcurrencyStamp", f."CreatedAt", f."CustomerReference", f."Email", f."EmailConfirmed", f."FullName", f."IsActive", f."LockoutEnabled", f."LockoutEnd", f."NormalizedEmail", f."NormalizedUserName", f."PasswordHash", f."PhoneNumber", f."PhoneNumberConfirmed", f."SecurityStamp", f."TwoFactorEnabled", f."UserName", p."Id", p."Amount", p."BookingId", p."CreatedAt", p."MpesaCheckoutRequestId", p."MpesaMerchantRequestId", p."MpesaReceipt", p."PayerPhoneNumber", p."PaymentReference", p."Status"
FROM (
    SELECT o."Id", o."AssignedAt", o."AssignmentReference", o."AssignmentType", o."CompletedAt", o."Notes", o."OrderId", o."RiderId", o."Status", o0."Id" AS "Id0", o0."AgentId", o0."BookingId", o0."CleaningCompletedAt", o0."CleaningStartedAt", o0."CustomerId", o0."DeliveredAt", o0."DeliveryOtp", o0."DeliveryOtpExpiresAt", o0."DeliveryOtpVerifiedAt", o0."OrderReference", o0."PickedUpAt", o0."PickupOtp", o0."PickupOtpExpiresAt", o0."PickupOtpVerifiedAt", o0."Status" AS "Status0", COALESCE(o0."DeliveredAt", o0."PickedUpAt", o."AssignedAt") AS c
    FROM "OrderRiderAssignments" AS o
    INNER JOIN "Orders" AS o0 ON o."OrderId" = o0."Id"
    WHERE o."RiderId" = @__riderId_0 AND (o0."DeliveredAt" IS NOT NULL OR (o."AssignmentType" = 'Pickup' AND o0."Status" IN ('AtShop', 'CleaningInProgress', 'AwaitingDeliveryRider', 'DeliveryRiderAssigned', 'Delivered')))
    ORDER BY COALESCE(o0."DeliveredAt", o0."PickedUpAt", o."AssignedAt") DESC
    LIMIT @__p_1
) AS s
INNER JOIN "Bookings" AS b ON s."BookingId" = b."Id"
INNER JOIN "FreshwalkUsers" AS f ON b."CustomerId" = f."Id"
LEFT JOIN "Payments" AS p ON b."Id" = p."BookingId"
ORDER BY s.c DESC
2026-04-03 21:44:06.678 +03:00 [INF] HTTP GET /api/rider/orders/history responded 200 in 416.3644 ms
2026-04-03 21:44:06.994 +03:00 [INF] Executed DbCommand (308ms) [Parameters=[@__p_0='?' (DbType = Guid)], CommandType='"Text"', CommandTimeout='30']
SELECT f."Id", f."AccessFailedCount", f."Address", f."ConcurrencyStamp", f."CreatedAt", f."CustomerReference", f."Email", f."EmailConfirmed", f."FullName", f."IsActive", f."LockoutEnabled", f."LockoutEnd", f."NormalizedEmail", f."NormalizedUserName", f."PasswordHash", f."PhoneNumber", f."PhoneNumberConfirmed", f."SecurityStamp", f."TwoFactorEnabled", f."UserName"
FROM "FreshwalkUsers" AS f
WHERE f."Id" = @__p_0
LIMIT 1
2026-04-03 21:44:07.000 +03:00 [INF] HTTP GET /api/rider/orders/history responded 200 in 521.5940 ms
2026-04-03 21:44:08.324 +03:00 [INF] HTTP OPTIONS /api/rider/orders/14b94dc8-2415-48f5-b787-dc381c72f634 responded 204 in 0.0844 ms
2026-04-03 21:44:08.325 +03:00 [INF] HTTP OPTIONS /api/rider/orders/14b94dc8-2415-48f5-b787-dc381c72f634 responded 204 in 0.0259 ms
2026-04-03 21:44:08.629 +03:00 [INF] Executed DbCommand (287ms) [Parameters=[@__orderId_0='?' (DbType = Guid), @__riderId_1='?' (DbType = Guid)], CommandType='"Text"', CommandTimeout='30']
SELECT o."Id", o."AssignedAt", o."AssignmentReference", o."AssignmentType", o."CompletedAt", o."Notes", o."OrderId", o."RiderId", o."Status", o0."Id", o0."AgentId", o0."BookingId", o0."CleaningCompletedAt", o0."CleaningStartedAt", o0."CustomerId", o0."DeliveredAt", o0."DeliveryOtp", o0."DeliveryOtpExpiresAt", o0."DeliveryOtpVerifiedAt", o0."OrderReference", o0."PickedUpAt", o0."PickupOtp", o0."PickupOtpExpiresAt", o0."PickupOtpVerifiedAt", o0."Status", b."Id", b."AddOns", b."AppliedPromotions", b."BookingReference", b."BundleDiscountPercent", b."CanvasLines", b."CreatedAt", b."CustomerId", b."DiscountAmountKes", b."NubuckLines", b."PickupAddress", b."PickupLatitude", b."PickupLocationUrl", b."PickupLongitude", b."PriceKes", b."PromotionalDiscountKes", b."ShoesSubtotalGrossKes", b."SneakersLines", b."Status", b."SubtotalBeforeDiscountKes", b."SuedeLines", b."TotalPairs", f."Id", f."AccessFailedCount", f."Address", f."ConcurrencyStamp", f."CreatedAt", f."CustomerReference", f."Email", f."EmailConfirmed", f."FullName", f."IsActive", f."LockoutEnabled", f."LockoutEnd", f."NormalizedEmail", f."NormalizedUserName", f."PasswordHash", f."PhoneNumber", f."PhoneNumberConfirmed", f."SecurityStamp", f."TwoFactorEnabled", f."UserName", p."Id", p."Amount", p."BookingId", p."CreatedAt", p."MpesaCheckoutRequestId", p."MpesaMerchantRequestId", p."MpesaReceipt", p."PayerPhoneNumber", p."PaymentReference", p."Status"
FROM "OrderRiderAssignments" AS o
INNER JOIN "Orders" AS o0 ON o."OrderId" = o0."Id"
INNER JOIN "Bookings" AS b ON o0."BookingId" = b."Id"
INNER JOIN "FreshwalkUsers" AS f ON b."CustomerId" = f."Id"
LEFT JOIN "Payments" AS p ON b."Id" = p."BookingId"
WHERE o."OrderId" = @__orderId_0 AND o."RiderId" = @__riderId_1
ORDER BY o."AssignedAt" DESC
LIMIT 1
2026-04-03 21:44:08.939 +03:00 [INF] Executed DbCommand (302ms) [Parameters=[@__p_0='?' (DbType = Guid)], CommandType='"Text"', CommandTimeout='30']
SELECT f."Id", f."AccessFailedCount", f."Address", f."ConcurrencyStamp", f."CreatedAt", f."CustomerReference", f."Email", f."EmailConfirmed", f."FullName", f."IsActive", f."LockoutEnabled", f."LockoutEnd", f."NormalizedEmail", f."NormalizedUserName", f."PasswordHash", f."PhoneNumber", f."PhoneNumberConfirmed", f."SecurityStamp", f."TwoFactorEnabled", f."UserName"
FROM "FreshwalkUsers" AS f
WHERE f."Id" = @__p_0
LIMIT 1
2026-04-03 21:44:08.939 +03:00 [INF] Executed DbCommand (300ms) [Parameters=[@__orderId_0='?' (DbType = Guid), @__riderId_1='?' (DbType = Guid)], CommandType='"Text"', CommandTimeout='30']
SELECT o."Id", o."AssignedAt", o."AssignmentReference", o."AssignmentType", o."CompletedAt", o."Notes", o."OrderId", o."RiderId", o."Status", o0."Id", o0."AgentId", o0."BookingId", o0."CleaningCompletedAt", o0."CleaningStartedAt", o0."CustomerId", o0."DeliveredAt", o0."DeliveryOtp", o0."DeliveryOtpExpiresAt", o0."DeliveryOtpVerifiedAt", o0."OrderReference", o0."PickedUpAt", o0."PickupOtp", o0."PickupOtpExpiresAt", o0."PickupOtpVerifiedAt", o0."Status", b."Id", b."AddOns", b."AppliedPromotions", b."BookingReference", b."BundleDiscountPercent", b."CanvasLines", b."CreatedAt", b."CustomerId", b."DiscountAmountKes", b."NubuckLines", b."PickupAddress", b."PickupLatitude", b."PickupLocationUrl", b."PickupLongitude", b."PriceKes", b."PromotionalDiscountKes", b."ShoesSubtotalGrossKes", b."SneakersLines", b."Status", b."SubtotalBeforeDiscountKes", b."SuedeLines", b."TotalPairs", f."Id", f."AccessFailedCount", f."Address", f."ConcurrencyStamp", f."CreatedAt", f."CustomerReference", f."Email", f."EmailConfirmed", f."FullName", f."IsActive", f."LockoutEnabled", f."LockoutEnd", f."NormalizedEmail", f."NormalizedUserName", f."PasswordHash", f."PhoneNumber", f."PhoneNumberConfirmed", f."SecurityStamp", f."TwoFactorEnabled", f."UserName", p."Id", p."Amount", p."BookingId", p."CreatedAt", p."MpesaCheckoutRequestId", p."MpesaMerchantRequestId", p."MpesaReceipt", p."PayerPhoneNumber", p."PaymentReference", p."Status"
FROM "OrderRiderAssignments" AS o
INNER JOIN "Orders" AS o0 ON o."OrderId" = o0."Id"
INNER JOIN "Bookings" AS b ON o0."BookingId" = b."Id"
INNER JOIN "FreshwalkUsers" AS f ON b."CustomerId" = f."Id"
LEFT JOIN "Payments" AS p ON b."Id" = p."BookingId"
WHERE o."OrderId" = @__orderId_0 AND o."RiderId" = @__riderId_1
ORDER BY o."AssignedAt" DESC
LIMIT 1
2026-04-03 21:44:08.947 +03:00 [INF] HTTP GET /api/rider/orders/14b94dc8-2415-48f5-b787-dc381c72f634 responded 200 in 607.2022 ms
2026-04-03 21:44:09.244 +03:00 [INF] Executed DbCommand (291ms) [Parameters=[@__p_0='?' (DbType = Guid)], CommandType='"Text"', CommandTimeout='30']
SELECT f."Id", f."AccessFailedCount", f."Address", f."ConcurrencyStamp", f."CreatedAt", f."CustomerReference", f."Email", f."EmailConfirmed", f."FullName", f."IsActive", f."LockoutEnabled", f."LockoutEnd", f."NormalizedEmail", f."NormalizedUserName", f."PasswordHash", f."PhoneNumber", f."PhoneNumberConfirmed", f."SecurityStamp", f."TwoFactorEnabled", f."UserName"
FROM "FreshwalkUsers" AS f
WHERE f."Id" = @__p_0
LIMIT 1
2026-04-03 21:44:09.250 +03:00 [INF] HTTP GET /api/rider/orders/14b94dc8-2415-48f5-b787-dc381c72f634 responded 200 in 612.2328 ms
2026-04-03 21:44:21.343 +03:00 [INF] HTTP OPTIONS /api/rider/orders responded 204 in 0.0974 ms
2026-04-03 21:44:21.348 +03:00 [INF] HTTP OPTIONS /api/rider/orders responded 204 in 0.0357 ms
2026-04-03 21:44:21.560 +03:00 [INF] Executed DbCommand (196ms) [Parameters=[@__riderId_0='?' (DbType = Guid)], CommandType='"Text"', CommandTimeout='30']
SELECT o."Id", o."AssignedAt", o."AssignmentReference", o."AssignmentType", o."CompletedAt", o."Notes", o."OrderId", o."RiderId", o."Status", o0."Id", o0."AgentId", o0."BookingId", o0."CleaningCompletedAt", o0."CleaningStartedAt", o0."CustomerId", o0."DeliveredAt", o0."DeliveryOtp", o0."DeliveryOtpExpiresAt", o0."DeliveryOtpVerifiedAt", o0."OrderReference", o0."PickedUpAt", o0."PickupOtp", o0."PickupOtpExpiresAt", o0."PickupOtpVerifiedAt", o0."Status", b."Id", b."AddOns", b."AppliedPromotions", b."BookingReference", b."BundleDiscountPercent", b."CanvasLines", b."CreatedAt", b."CustomerId", b."DiscountAmountKes", b."NubuckLines", b."PickupAddress", b."PickupLatitude", b."PickupLocationUrl", b."PickupLongitude", b."PriceKes", b."PromotionalDiscountKes", b."ShoesSubtotalGrossKes", b."SneakersLines", b."Status", b."SubtotalBeforeDiscountKes", b."SuedeLines", b."TotalPairs", f."Id", f."AccessFailedCount", f."Address", f."ConcurrencyStamp", f."CreatedAt", f."CustomerReference", f."Email", f."EmailConfirmed", f."FullName", f."IsActive", f."LockoutEnabled", f."LockoutEnd", f."NormalizedEmail", f."NormalizedUserName", f."PasswordHash", f."PhoneNumber", f."PhoneNumberConfirmed", f."SecurityStamp", f."TwoFactorEnabled", f."UserName", p."Id", p."Amount", p."BookingId", p."CreatedAt", p."MpesaCheckoutRequestId", p."MpesaMerchantRequestId", p."MpesaReceipt", p."PayerPhoneNumber", p."PaymentReference", p."Status"
FROM "OrderRiderAssignments" AS o
INNER JOIN "Orders" AS o0 ON o."OrderId" = o0."Id"
INNER JOIN "Bookings" AS b ON o0."BookingId" = b."Id"
INNER JOIN "FreshwalkUsers" AS f ON b."CustomerId" = f."Id"
LEFT JOIN "Payments" AS p ON b."Id" = p."BookingId"
WHERE o."RiderId" = @__riderId_0 AND ((o."AssignmentType" = 'Pickup' AND o0."Status" IN ('PickupRiderAssigned', 'InTransitToShop')) OR (o."AssignmentType" = 'Delivery' AND o0."Status" IN ('DeliveryRiderAssigned', 'InTransitToCustomer')))
ORDER BY o."AssignedAt" DESC
2026-04-03 21:44:21.839 +03:00 [INF] Executed DbCommand (270ms) [Parameters=[@__p_0='?' (DbType = Guid)], CommandType='"Text"', CommandTimeout='30']
SELECT f."Id", f."AccessFailedCount", f."Address", f."ConcurrencyStamp", f."CreatedAt", f."CustomerReference", f."Email", f."EmailConfirmed", f."FullName", f."IsActive", f."LockoutEnabled", f."LockoutEnd", f."NormalizedEmail", f."NormalizedUserName", f."PasswordHash", f."PhoneNumber", f."PhoneNumberConfirmed", f."SecurityStamp", f."TwoFactorEnabled", f."UserName"
FROM "FreshwalkUsers" AS f
WHERE f."Id" = @__p_0
LIMIT 1
2026-04-03 21:44:21.839 +03:00 [INF] Executed DbCommand (269ms) [Parameters=[@__riderId_0='?' (DbType = Guid)], CommandType='"Text"', CommandTimeout='30']
SELECT o."Id", o."AssignedAt", o."AssignmentReference", o."AssignmentType", o."CompletedAt", o."Notes", o."OrderId", o."RiderId", o."Status", o0."Id", o0."AgentId", o0."BookingId", o0."CleaningCompletedAt", o0."CleaningStartedAt", o0."CustomerId", o0."DeliveredAt", o0."DeliveryOtp", o0."DeliveryOtpExpiresAt", o0."DeliveryOtpVerifiedAt", o0."OrderReference", o0."PickedUpAt", o0."PickupOtp", o0."PickupOtpExpiresAt", o0."PickupOtpVerifiedAt", o0."Status", b."Id", b."AddOns", b."AppliedPromotions", b."BookingReference", b."BundleDiscountPercent", b."CanvasLines", b."CreatedAt", b."CustomerId", b."DiscountAmountKes", b."NubuckLines", b."PickupAddress", b."PickupLatitude", b."PickupLocationUrl", b."PickupLongitude", b."PriceKes", b."PromotionalDiscountKes", b."ShoesSubtotalGrossKes", b."SneakersLines", b."Status", b."SubtotalBeforeDiscountKes", b."SuedeLines", b."TotalPairs", f."Id", f."AccessFailedCount", f."Address", f."ConcurrencyStamp", f."CreatedAt", f."CustomerReference", f."Email", f."EmailConfirmed", f."FullName", f."IsActive", f."LockoutEnabled", f."LockoutEnd", f."NormalizedEmail", f."NormalizedUserName", f."PasswordHash", f."PhoneNumber", f."PhoneNumberConfirmed", f."SecurityStamp", f."TwoFactorEnabled", f."UserName", p."Id", p."Amount", p."BookingId", p."CreatedAt", p."MpesaCheckoutRequestId", p."MpesaMerchantRequestId", p."MpesaReceipt", p."PayerPhoneNumber", p."PaymentReference", p."Status"
FROM "OrderRiderAssignments" AS o
INNER JOIN "Orders" AS o0 ON o."OrderId" = o0."Id"
INNER JOIN "Bookings" AS b ON o0."BookingId" = b."Id"
INNER JOIN "FreshwalkUsers" AS f ON b."CustomerId" = f."Id"
LEFT JOIN "Payments" AS p ON b."Id" = p."BookingId"
WHERE o."RiderId" = @__riderId_0 AND ((o."AssignmentType" = 'Pickup' AND o0."Status" IN ('PickupRiderAssigned', 'InTransitToShop')) OR (o."AssignmentType" = 'Delivery' AND o0."Status" IN ('DeliveryRiderAssigned', 'InTransitToCustomer')))
ORDER BY o."AssignedAt" DESC
2026-04-03 21:44:21.844 +03:00 [INF] HTTP GET /api/rider/orders responded 200 in 482.8635 ms
2026-04-03 21:44:22.146 +03:00 [INF] Executed DbCommand (297ms) [Parameters=[@__p_0='?' (DbType = Guid)], CommandType='"Text"', CommandTimeout='30']
SELECT f."Id", f."AccessFailedCount", f."Address", f."ConcurrencyStamp", f."CreatedAt", f."CustomerReference", f."Email", f."EmailConfirmed", f."FullName", f."IsActive", f."LockoutEnabled", f."LockoutEnd", f."NormalizedEmail", f."NormalizedUserName", f."PasswordHash", f."PhoneNumber", f."PhoneNumberConfirmed", f."SecurityStamp", f."TwoFactorEnabled", f."UserName"
FROM "FreshwalkUsers" AS f
WHERE f."Id" = @__p_0
LIMIT 1
2026-04-03 21:44:22.150 +03:00 [INF] HTTP GET /api/rider/orders responded 200 in 581.3440 ms
2026-04-03 21:44:23.270 +03:00 [INF] HTTP OPTIONS /api/rider/orders/d14bdb84-949d-4ba8-92ba-5799879538f8 responded 204 in 0.0618 ms
2026-04-03 21:44:23.273 +03:00 [INF] HTTP OPTIONS /api/rider/orders/d14bdb84-949d-4ba8-92ba-5799879538f8 responded 204 in 0.0281 ms
2026-04-03 21:44:23.487 +03:00 [INF] Executed DbCommand (198ms) [Parameters=[@__orderId_0='?' (DbType = Guid), @__riderId_1='?' (DbType = Guid)], CommandType='"Text"', CommandTimeout='30']
SELECT o."Id", o."AssignedAt", o."AssignmentReference", o."AssignmentType", o."CompletedAt", o."Notes", o."OrderId", o."RiderId", o."Status", o0."Id", o0."AgentId", o0."BookingId", o0."CleaningCompletedAt", o0."CleaningStartedAt", o0."CustomerId", o0."DeliveredAt", o0."DeliveryOtp", o0."DeliveryOtpExpiresAt", o0."DeliveryOtpVerifiedAt", o0."OrderReference", o0."PickedUpAt", o0."PickupOtp", o0."PickupOtpExpiresAt", o0."PickupOtpVerifiedAt", o0."Status", b."Id", b."AddOns", b."AppliedPromotions", b."BookingReference", b."BundleDiscountPercent", b."CanvasLines", b."CreatedAt", b."CustomerId", b."DiscountAmountKes", b."NubuckLines", b."PickupAddress", b."PickupLatitude", b."PickupLocationUrl", b."PickupLongitude", b."PriceKes", b."PromotionalDiscountKes", b."ShoesSubtotalGrossKes", b."SneakersLines", b."Status", b."SubtotalBeforeDiscountKes", b."SuedeLines", b."TotalPairs", f."Id", f."AccessFailedCount", f."Address", f."ConcurrencyStamp", f."CreatedAt", f."CustomerReference", f."Email", f."EmailConfirmed", f."FullName", f."IsActive", f."LockoutEnabled", f."LockoutEnd", f."NormalizedEmail", f."NormalizedUserName", f."PasswordHash", f."PhoneNumber", f."PhoneNumberConfirmed", f."SecurityStamp", f."TwoFactorEnabled", f."UserName", p."Id", p."Amount", p."BookingId", p."CreatedAt", p."MpesaCheckoutRequestId", p."MpesaMerchantRequestId", p."MpesaReceipt", p."PayerPhoneNumber", p."PaymentReference", p."Status"
FROM "OrderRiderAssignments" AS o
INNER JOIN "Orders" AS o0 ON o."OrderId" = o0."Id"
INNER JOIN "Bookings" AS b ON o0."BookingId" = b."Id"
INNER JOIN "FreshwalkUsers" AS f ON b."CustomerId" = f."Id"
LEFT JOIN "Payments" AS p ON b."Id" = p."BookingId"
WHERE o."OrderId" = @__orderId_0 AND o."RiderId" = @__riderId_1
ORDER BY o."AssignedAt" DESC
LIMIT 1
2026-04-03 21:44:23.703 +03:00 [INF] Executed DbCommand (208ms) [Parameters=[@__p_0='?' (DbType = Guid)], CommandType='"Text"', CommandTimeout='30']
SELECT f."Id", f."AccessFailedCount", f."Address", f."ConcurrencyStamp", f."CreatedAt", f."CustomerReference", f."Email", f."EmailConfirmed", f."FullName", f."IsActive", f."LockoutEnabled", f."LockoutEnd", f."NormalizedEmail", f."NormalizedUserName", f."PasswordHash", f."PhoneNumber", f."PhoneNumberConfirmed", f."SecurityStamp", f."TwoFactorEnabled", f."UserName"
FROM "FreshwalkUsers" AS f
WHERE f."Id" = @__p_0
LIMIT 1
2026-04-03 21:44:23.707 +03:00 [INF] Executed DbCommand (203ms) [Parameters=[@__orderId_0='?' (DbType = Guid), @__riderId_1='?' (DbType = Guid)], CommandType='"Text"', CommandTimeout='30']
SELECT o."Id", o."AssignedAt", o."AssignmentReference", o."AssignmentType", o."CompletedAt", o."Notes", o."OrderId", o."RiderId", o."Status", o0."Id", o0."AgentId", o0."BookingId", o0."CleaningCompletedAt", o0."CleaningStartedAt", o0."CustomerId", o0."DeliveredAt", o0."DeliveryOtp", o0."DeliveryOtpExpiresAt", o0."DeliveryOtpVerifiedAt", o0."OrderReference", o0."PickedUpAt", o0."PickupOtp", o0."PickupOtpExpiresAt", o0."PickupOtpVerifiedAt", o0."Status", b."Id", b."AddOns", b."AppliedPromotions", b."BookingReference", b."BundleDiscountPercent", b."CanvasLines", b."CreatedAt", b."CustomerId", b."DiscountAmountKes", b."NubuckLines", b."PickupAddress", b."PickupLatitude", b."PickupLocationUrl", b."PickupLongitude", b."PriceKes", b."PromotionalDiscountKes", b."ShoesSubtotalGrossKes", b."SneakersLines", b."Status", b."SubtotalBeforeDiscountKes", b."SuedeLines", b."TotalPairs", f."Id", f."AccessFailedCount", f."Address", f."ConcurrencyStamp", f."CreatedAt", f."CustomerReference", f."Email", f."EmailConfirmed", f."FullName", f."IsActive", f."LockoutEnabled", f."LockoutEnd", f."NormalizedEmail", f."NormalizedUserName", f."PasswordHash", f."PhoneNumber", f."PhoneNumberConfirmed", f."SecurityStamp", f."TwoFactorEnabled", f."UserName", p."Id", p."Amount", p."BookingId", p."CreatedAt", p."MpesaCheckoutRequestId", p."MpesaMerchantRequestId", p."MpesaReceipt", p."PayerPhoneNumber", p."PaymentReference", p."Status"
FROM "OrderRiderAssignments" AS o
INNER JOIN "Orders" AS o0 ON o."OrderId" = o0."Id"
INNER JOIN "Bookings" AS b ON o0."BookingId" = b."Id"
INNER JOIN "FreshwalkUsers" AS f ON b."CustomerId" = f."Id"
LEFT JOIN "Payments" AS p ON b."Id" = p."BookingId"
WHERE o."OrderId" = @__orderId_0 AND o."RiderId" = @__riderId_1
ORDER BY o."AssignedAt" DESC
LIMIT 1
2026-04-03 21:44:23.711 +03:00 [INF] HTTP GET /api/rider/orders/d14bdb84-949d-4ba8-92ba-5799879538f8 responded 200 in 422.9641 ms
2026-04-03 21:44:23.989 +03:00 [INF] Executed DbCommand (274ms) [Parameters=[@__p_0='?' (DbType = Guid)], CommandType='"Text"', CommandTimeout='30']
SELECT f."Id", f."AccessFailedCount", f."Address", f."ConcurrencyStamp", f."CreatedAt", f."CustomerReference", f."Email", f."EmailConfirmed", f."FullName", f."IsActive", f."LockoutEnabled", f."LockoutEnd", f."NormalizedEmail", f."NormalizedUserName", f."PasswordHash", f."PhoneNumber", f."PhoneNumberConfirmed", f."SecurityStamp", f."TwoFactorEnabled", f."UserName"
FROM "FreshwalkUsers" AS f
WHERE f."Id" = @__p_0
LIMIT 1
2026-04-03 21:44:23.996 +03:00 [INF] HTTP GET /api/rider/orders/d14bdb84-949d-4ba8-92ba-5799879538f8 responded 200 in 495.6755 ms
2026-04-03 21:44:41.432 +03:00 [INF] HTTP OPTIONS /api/agent/bookings/8f788335-0a95-48be-a2ba-be910b317642 responded 204 in 0.0353 ms
2026-04-03 21:44:41.434 +03:00 [INF] HTTP OPTIONS /api/agent/riders responded 204 in 0.0355 ms
2026-04-03 21:44:41.436 +03:00 [INF] HTTP OPTIONS /api/agent/bookings/8f788335-0a95-48be-a2ba-be910b317642 responded 204 in 0.0362 ms
2026-04-03 21:44:41.438 +03:00 [INF] HTTP OPTIONS /api/agent/riders responded 204 in 0.0420 ms
2026-04-03 21:44:41.447 +03:00 [INF] HTTP GET /api/agent/bookings/8f788335-0a95-48be-a2ba-be910b317642 responded 401 in 0.5340 ms
2026-04-03 21:44:41.450 +03:00 [INF] HTTP GET /api/agent/riders responded 401 in 0.3701 ms
2026-04-03 21:44:41.453 +03:00 [INF] HTTP GET /api/agent/bookings/8f788335-0a95-48be-a2ba-be910b317642 responded 401 in 0.3388 ms
2026-04-03 21:44:41.458 +03:00 [INF] HTTP GET /api/agent/riders responded 401 in 0.3567 ms
2026-04-03 21:44:48.648 +03:00 [INF] HTTP OPTIONS /api/auth/login responded 204 in 0.0330 ms
2026-04-03 21:44:48.976 +03:00 [INF] Executed DbCommand (322ms) [Parameters=[@__normalizedEmail_0='?'], CommandType='"Text"', CommandTimeout='30']
SELECT f."Id", f."AccessFailedCount", f."Address", f."ConcurrencyStamp", f."CreatedAt", f."CustomerReference", f."Email", f."EmailConfirmed", f."FullName", f."IsActive", f."LockoutEnabled", f."LockoutEnd", f."NormalizedEmail", f."NormalizedUserName", f."PasswordHash", f."PhoneNumber", f."PhoneNumberConfirmed", f."SecurityStamp", f."TwoFactorEnabled", f."UserName"
FROM "FreshwalkUsers" AS f
WHERE f."NormalizedEmail" = @__normalizedEmail_0
LIMIT 2
2026-04-03 21:44:49.489 +03:00 [INF] Executed DbCommand (306ms) [Parameters=[@__userId_0='?' (DbType = Guid)], CommandType='"Text"', CommandTimeout='30']
SELECT f0."Name"
FROM "FreshwalkUserRoles" AS f
INNER JOIN "FreshwalkRoles" AS f0 ON f."RoleId" = f0."Id"
WHERE f."UserId" = @__userId_0
2026-04-03 21:44:49.496 +03:00 [INF] HTTP POST /api/auth/login responded 200 in 843.8025 ms
2026-04-03 21:44:49.531 +03:00 [INF] HTTP OPTIONS /api/agent/bookings responded 204 in 0.0313 ms
2026-04-03 21:44:49.535 +03:00 [INF] HTTP OPTIONS /api/agent/bookings responded 204 in 0.1234 ms
2026-04-03 21:44:49.754 +03:00 [INF] Executed DbCommand (205ms) [Parameters=[], CommandType='"Text"', CommandTimeout='30']
SELECT b."Id", b."AddOns", b."AppliedPromotions", b."BookingReference", b."BundleDiscountPercent", b."CanvasLines", b."CreatedAt", b."CustomerId", b."DiscountAmountKes", b."NubuckLines", b."PickupAddress", b."PickupLatitude", b."PickupLocationUrl", b."PickupLongitude", b."PriceKes", b."PromotionalDiscountKes", b."ShoesSubtotalGrossKes", b."SneakersLines", b."Status", b."SubtotalBeforeDiscountKes", b."SuedeLines", b."TotalPairs", f."Id", f."AccessFailedCount", f."Address", f."ConcurrencyStamp", f."CreatedAt", f."CustomerReference", f."Email", f."EmailConfirmed", f."FullName", f."IsActive", f."LockoutEnabled", f."LockoutEnd", f."NormalizedEmail", f."NormalizedUserName", f."PasswordHash", f."PhoneNumber", f."PhoneNumberConfirmed", f."SecurityStamp", f."TwoFactorEnabled", f."UserName", p."Id", p."Amount", p."BookingId", p."CreatedAt", p."MpesaCheckoutRequestId", p."MpesaMerchantRequestId", p."MpesaReceipt", p."PayerPhoneNumber", p."PaymentReference", p."Status", o."Id", o."AgentId", o."BookingId", o."CleaningCompletedAt", o."CleaningStartedAt", o."CustomerId", o."DeliveredAt", o."DeliveryOtp", o."DeliveryOtpExpiresAt", o."DeliveryOtpVerifiedAt", o."OrderReference", o."PickedUpAt", o."PickupOtp", o."PickupOtpExpiresAt", o."PickupOtpVerifiedAt", o."Status"
FROM "Bookings" AS b
INNER JOIN "FreshwalkUsers" AS f ON b."CustomerId" = f."Id"
LEFT JOIN "Payments" AS p ON b."Id" = p."BookingId"
LEFT JOIN "Orders" AS o ON b."Id" = o."BookingId"
ORDER BY b."CreatedAt" DESC
2026-04-03 21:44:49.971 +03:00 [INF] Executed DbCommand (206ms) [Parameters=[@__p_0='?' (DbType = Guid)], CommandType='"Text"', CommandTimeout='30']
SELECT f."Id", f."AccessFailedCount", f."Address", f."ConcurrencyStamp", f."CreatedAt", f."CustomerReference", f."Email", f."EmailConfirmed", f."FullName", f."IsActive", f."LockoutEnabled", f."LockoutEnd", f."NormalizedEmail", f."NormalizedUserName", f."PasswordHash", f."PhoneNumber", f."PhoneNumberConfirmed", f."SecurityStamp", f."TwoFactorEnabled", f."UserName"
FROM "FreshwalkUsers" AS f
WHERE f."Id" = @__p_0
LIMIT 1
2026-04-03 21:44:49.973 +03:00 [INF] Executed DbCommand (207ms) [Parameters=[], CommandType='"Text"', CommandTimeout='30']
SELECT b."Id", b."AddOns", b."AppliedPromotions", b."BookingReference", b."BundleDiscountPercent", b."CanvasLines", b."CreatedAt", b."CustomerId", b."DiscountAmountKes", b."NubuckLines", b."PickupAddress", b."PickupLatitude", b."PickupLocationUrl", b."PickupLongitude", b."PriceKes", b."PromotionalDiscountKes", b."ShoesSubtotalGrossKes", b."SneakersLines", b."Status", b."SubtotalBeforeDiscountKes", b."SuedeLines", b."TotalPairs", f."Id", f."AccessFailedCount", f."Address", f."ConcurrencyStamp", f."CreatedAt", f."CustomerReference", f."Email", f."EmailConfirmed", f."FullName", f."IsActive", f."LockoutEnabled", f."LockoutEnd", f."NormalizedEmail", f."NormalizedUserName", f."PasswordHash", f."PhoneNumber", f."PhoneNumberConfirmed", f."SecurityStamp", f."TwoFactorEnabled", f."UserName", p."Id", p."Amount", p."BookingId", p."CreatedAt", p."MpesaCheckoutRequestId", p."MpesaMerchantRequestId", p."MpesaReceipt", p."PayerPhoneNumber", p."PaymentReference", p."Status", o."Id", o."AgentId", o."BookingId", o."CleaningCompletedAt", o."CleaningStartedAt", o."CustomerId", o."DeliveredAt", o."DeliveryOtp", o."DeliveryOtpExpiresAt", o."DeliveryOtpVerifiedAt", o."OrderReference", o."PickedUpAt", o."PickupOtp", o."PickupOtpExpiresAt", o."PickupOtpVerifiedAt", o."Status"
FROM "Bookings" AS b
INNER JOIN "FreshwalkUsers" AS f ON b."CustomerId" = f."Id"
LEFT JOIN "Payments" AS p ON b."Id" = p."BookingId"
LEFT JOIN "Orders" AS o ON b."Id" = o."BookingId"
ORDER BY b."CreatedAt" DESC
2026-04-03 21:44:49.978 +03:00 [INF] HTTP GET /api/agent/bookings responded 200 in 430.5972 ms
2026-04-03 21:44:50.186 +03:00 [INF] Executed DbCommand (201ms) [Parameters=[@__p_0='?' (DbType = Guid)], CommandType='"Text"', CommandTimeout='30']
SELECT f."Id", f."AccessFailedCount", f."Address", f."ConcurrencyStamp", f."CreatedAt", f."CustomerReference", f."Email", f."EmailConfirmed", f."FullName", f."IsActive", f."LockoutEnabled", f."LockoutEnd", f."NormalizedEmail", f."NormalizedUserName", f."PasswordHash", f."PhoneNumber", f."PhoneNumberConfirmed", f."SecurityStamp", f."TwoFactorEnabled", f."UserName"
FROM "FreshwalkUsers" AS f
WHERE f."Id" = @__p_0
LIMIT 1
2026-04-03 21:44:50.190 +03:00 [INF] HTTP GET /api/agent/bookings responded 200 in 424.5928 ms
2026-04-03 21:45:29.148 +03:00 [INF] HTTP OPTIONS /api/agent/bookings/8f842593-b95a-40a2-863a-7f6d6ea317f1 responded 204 in 0.0834 ms
2026-04-03 21:45:29.151 +03:00 [INF] HTTP OPTIONS /api/agent/riders responded 204 in 0.0287 ms
2026-04-03 21:45:29.151 +03:00 [INF] HTTP OPTIONS /api/agent/bookings/8f842593-b95a-40a2-863a-7f6d6ea317f1 responded 204 in 0.0340 ms
2026-04-03 21:45:29.151 +03:00 [INF] HTTP OPTIONS /api/agent/riders responded 204 in 0.0076 ms
2026-04-03 21:45:29.425 +03:00 [INF] Executed DbCommand (248ms) [Parameters=[@__id_0='?' (DbType = Guid)], CommandType='"Text"', CommandTimeout='30']
SELECT s."Id", s."AddOns", s."AppliedPromotions", s."BookingReference", s."BundleDiscountPercent", s."CanvasLines", s."CreatedAt", s."CustomerId", s."DiscountAmountKes", s."NubuckLines", s."PickupAddress", s."PickupLatitude", s."PickupLocationUrl", s."PickupLongitude", s."PriceKes", s."PromotionalDiscountKes", s."ShoesSubtotalGrossKes", s."SneakersLines", s."Status", s."SubtotalBeforeDiscountKes", s."SuedeLines", s."TotalPairs", s."Id0", s."AccessFailedCount", s."Address", s."ConcurrencyStamp", s."CreatedAt0", s."CustomerReference", s."Email", s."EmailConfirmed", s."FullName", s."IsActive", s."LockoutEnabled", s."LockoutEnd", s."NormalizedEmail", s."NormalizedUserName", s."PasswordHash", s."PhoneNumber", s."PhoneNumberConfirmed", s."SecurityStamp", s."TwoFactorEnabled", s."UserName", s."Id1", s."Amount", s."BookingId", s."CreatedAt1", s."MpesaCheckoutRequestId", s."MpesaMerchantRequestId", s."MpesaReceipt", s."PayerPhoneNumber", s."PaymentReference", s."Status0", s."Id2", s."AgentId", s."BookingId0", s."CleaningCompletedAt", s."CleaningStartedAt", s."CustomerId0", s."DeliveredAt", s."DeliveryOtp", s."DeliveryOtpExpiresAt", s."DeliveryOtpVerifiedAt", s."OrderReference", s."PickedUpAt", s."PickupOtp", s."PickupOtpExpiresAt", s."PickupOtpVerifiedAt", s."Status1", s0."Id", s0."AssignedAt", s0."AssignmentReference", s0."AssignmentType", s0."CompletedAt", s0."Notes", s0."OrderId", s0."RiderId", s0."Status", s0."Id0", s0."AccessFailedCount", s0."Address", s0."ConcurrencyStamp", s0."CreatedAt", s0."CustomerReference", s0."Email", s0."EmailConfirmed", s0."FullName", s0."IsActive", s0."LockoutEnabled", s0."LockoutEnd", s0."NormalizedEmail", s0."NormalizedUserName", s0."PasswordHash", s0."PhoneNumber", s0."PhoneNumberConfirmed", s0."SecurityStamp", s0."TwoFactorEnabled", s0."UserName"
FROM (
    SELECT b."Id", b."AddOns", b."AppliedPromotions", b."BookingReference", b."BundleDiscountPercent", b."CanvasLines", b."CreatedAt", b."CustomerId", b."DiscountAmountKes", b."NubuckLines", b."PickupAddress", b."PickupLatitude", b."PickupLocationUrl", b."PickupLongitude", b."PriceKes", b."PromotionalDiscountKes", b."ShoesSubtotalGrossKes", b."SneakersLines", b."Status", b."SubtotalBeforeDiscountKes", b."SuedeLines", b."TotalPairs", f."Id" AS "Id0", f."AccessFailedCount", f."Address", f."ConcurrencyStamp", f."CreatedAt" AS "CreatedAt0", f."CustomerReference", f."Email", f."EmailConfirmed", f."FullName", f."IsActive", f."LockoutEnabled", f."LockoutEnd", f."NormalizedEmail", f."NormalizedUserName", f."PasswordHash", f."PhoneNumber", f."PhoneNumberConfirmed", f."SecurityStamp", f."TwoFactorEnabled", f."UserName", p."Id" AS "Id1", p."Amount", p."BookingId", p."CreatedAt" AS "CreatedAt1", p."MpesaCheckoutRequestId", p."MpesaMerchantRequestId", p."MpesaReceipt", p."PayerPhoneNumber", p."PaymentReference", p."Status" AS "Status0", o."Id" AS "Id2", o."AgentId", o."BookingId" AS "BookingId0", o."CleaningCompletedAt", o."CleaningStartedAt", o."CustomerId" AS "CustomerId0", o."DeliveredAt", o."DeliveryOtp", o."DeliveryOtpExpiresAt", o."DeliveryOtpVerifiedAt", o."OrderReference", o."PickedUpAt", o."PickupOtp", o."PickupOtpExpiresAt", o."PickupOtpVerifiedAt", o."Status" AS "Status1"
    FROM "Bookings" AS b
    INNER JOIN "FreshwalkUsers" AS f ON b."CustomerId" = f."Id"
    LEFT JOIN "Payments" AS p ON b."Id" = p."BookingId"
    LEFT JOIN "Orders" AS o ON b."Id" = o."BookingId"
    WHERE b."Id" = @__id_0
    LIMIT 1
) AS s
LEFT JOIN (
    SELECT o0."Id", o0."AssignedAt", o0."AssignmentReference", o0."AssignmentType", o0."CompletedAt", o0."Notes", o0."OrderId", o0."RiderId", o0."Status", f0."Id" AS "Id0", f0."AccessFailedCount", f0."Address", f0."ConcurrencyStamp", f0."CreatedAt", f0."CustomerReference", f0."Email", f0."EmailConfirmed", f0."FullName", f0."IsActive", f0."LockoutEnabled", f0."LockoutEnd", f0."NormalizedEmail", f0."NormalizedUserName", f0."PasswordHash", f0."PhoneNumber", f0."PhoneNumberConfirmed", f0."SecurityStamp", f0."TwoFactorEnabled", f0."UserName"
    FROM "OrderRiderAssignments" AS o0
    INNER JOIN "FreshwalkUsers" AS f0 ON o0."RiderId" = f0."Id"
) AS s0 ON s."Id2" = s0."OrderId"
ORDER BY s."Id", s."Id0", s."Id1", s."Id2", s0."Id"
2026-04-03 21:45:29.425 +03:00 [INF] Executed DbCommand (243ms) [Parameters=[@__normalizedRoleName_0='?'], CommandType='"Text"', CommandTimeout='30']
SELECT f."Id", f."ConcurrencyStamp", f."Name", f."NormalizedName"
FROM "FreshwalkRoles" AS f
WHERE f."NormalizedName" = @__normalizedRoleName_0
LIMIT 2
2026-04-03 21:45:29.733 +03:00 [INF] Executed DbCommand (298ms) [Parameters=[@__role_Id_0='?' (DbType = Guid)], CommandType='"Text"', CommandTimeout='30']
SELECT f0."Id", f0."AccessFailedCount", f0."Address", f0."ConcurrencyStamp", f0."CreatedAt", f0."CustomerReference", f0."Email", f0."EmailConfirmed", f0."FullName", f0."IsActive", f0."LockoutEnabled", f0."LockoutEnd", f0."NormalizedEmail", f0."NormalizedUserName", f0."PasswordHash", f0."PhoneNumber", f0."PhoneNumberConfirmed", f0."SecurityStamp", f0."TwoFactorEnabled", f0."UserName"
FROM "FreshwalkUserRoles" AS f
INNER JOIN "FreshwalkUsers" AS f0 ON f."UserId" = f0."Id"
WHERE f."RoleId" = @__role_Id_0
2026-04-03 21:45:29.733 +03:00 [INF] Executed DbCommand (300ms) [Parameters=[@__p_0='?' (DbType = Guid)], CommandType='"Text"', CommandTimeout='30']
SELECT f."Id", f."AccessFailedCount", f."Address", f."ConcurrencyStamp", f."CreatedAt", f."CustomerReference", f."Email", f."EmailConfirmed", f."FullName", f."IsActive", f."LockoutEnabled", f."LockoutEnd", f."NormalizedEmail", f."NormalizedUserName", f."PasswordHash", f."PhoneNumber", f."PhoneNumberConfirmed", f."SecurityStamp", f."TwoFactorEnabled", f."UserName"
FROM "FreshwalkUsers" AS f
WHERE f."Id" = @__p_0
LIMIT 1
2026-04-03 21:45:29.743 +03:00 [INF] HTTP GET /api/agent/bookings/8f842593-b95a-40a2-863a-7f6d6ea317f1 responded 200 in 568.4856 ms
2026-04-03 21:45:29.937 +03:00 [INF] Executed DbCommand (198ms) [Parameters=[], CommandType='"Text"', CommandTimeout='30']
SELECT r."Id", r."BikeRegistration", r."IsAvailable", r."UserId"
FROM "RiderProfiles" AS r
2026-04-03 21:45:30.244 +03:00 [INF] Executed DbCommand (298ms) [Parameters=[@__normalizedRoleName_0='?'], CommandType='"Text"', CommandTimeout='30']
SELECT f."Id", f."ConcurrencyStamp", f."Name", f."NormalizedName"
FROM "FreshwalkRoles" AS f
WHERE f."NormalizedName" = @__normalizedRoleName_0
LIMIT 2
2026-04-03 21:45:30.244 +03:00 [INF] Executed DbCommand (300ms) [Parameters=[@__p_0='?' (DbType = Guid)], CommandType='"Text"', CommandTimeout='30']
SELECT f."Id", f."AccessFailedCount", f."Address", f."ConcurrencyStamp", f."CreatedAt", f."CustomerReference", f."Email", f."EmailConfirmed", f."FullName", f."IsActive", f."LockoutEnabled", f."LockoutEnd", f."NormalizedEmail", f."NormalizedUserName", f."PasswordHash", f."PhoneNumber", f."PhoneNumberConfirmed", f."SecurityStamp", f."TwoFactorEnabled", f."UserName"
FROM "FreshwalkUsers" AS f
WHERE f."Id" = @__p_0
LIMIT 1
2026-04-03 21:45:30.252 +03:00 [INF] HTTP GET /api/agent/riders responded 200 in 1072.2619 ms
2026-04-03 21:45:30.551 +03:00 [INF] Executed DbCommand (303ms) [Parameters=[@__role_Id_0='?' (DbType = Guid)], CommandType='"Text"', CommandTimeout='30']
SELECT f0."Id", f0."AccessFailedCount", f0."Address", f0."ConcurrencyStamp", f0."CreatedAt", f0."CustomerReference", f0."Email", f0."EmailConfirmed", f0."FullName", f0."IsActive", f0."LockoutEnabled", f0."LockoutEnd", f0."NormalizedEmail", f0."NormalizedUserName", f0."PasswordHash", f0."PhoneNumber", f0."PhoneNumberConfirmed", f0."SecurityStamp", f0."TwoFactorEnabled", f0."UserName"
FROM "FreshwalkUserRoles" AS f
INNER JOIN "FreshwalkUsers" AS f0 ON f."UserId" = f0."Id"
WHERE f."RoleId" = @__role_Id_0
2026-04-03 21:45:30.755 +03:00 [INF] Executed DbCommand (196ms) [Parameters=[], CommandType='"Text"', CommandTimeout='30']
SELECT r."Id", r."BikeRegistration", r."IsAvailable", r."UserId"
FROM "RiderProfiles" AS r
2026-04-03 21:45:30.981 +03:00 [INF] Executed DbCommand (219ms) [Parameters=[@__p_0='?' (DbType = Guid)], CommandType='"Text"', CommandTimeout='30']
SELECT f."Id", f."AccessFailedCount", f."Address", f."ConcurrencyStamp", f."CreatedAt", f."CustomerReference", f."Email", f."EmailConfirmed", f."FullName", f."IsActive", f."LockoutEnabled", f."LockoutEnd", f."NormalizedEmail", f."NormalizedUserName", f."PasswordHash", f."PhoneNumber", f."PhoneNumberConfirmed", f."SecurityStamp", f."TwoFactorEnabled", f."UserName"
FROM "FreshwalkUsers" AS f
WHERE f."Id" = @__p_0
LIMIT 1
2026-04-03 21:45:30.987 +03:00 [INF] HTTP GET /api/agent/riders responded 200 in 1042.3853 ms
2026-04-03 21:45:31.268 +03:00 [INF] Executed DbCommand (288ms) [Parameters=[@__id_0='?' (DbType = Guid)], CommandType='"Text"', CommandTimeout='30']
SELECT s."Id", s."AddOns", s."AppliedPromotions", s."BookingReference", s."BundleDiscountPercent", s."CanvasLines", s."CreatedAt", s."CustomerId", s."DiscountAmountKes", s."NubuckLines", s."PickupAddress", s."PickupLatitude", s."PickupLocationUrl", s."PickupLongitude", s."PriceKes", s."PromotionalDiscountKes", s."ShoesSubtotalGrossKes", s."SneakersLines", s."Status", s."SubtotalBeforeDiscountKes", s."SuedeLines", s."TotalPairs", s."Id0", s."AccessFailedCount", s."Address", s."ConcurrencyStamp", s."CreatedAt0", s."CustomerReference", s."Email", s."EmailConfirmed", s."FullName", s."IsActive", s."LockoutEnabled", s."LockoutEnd", s."NormalizedEmail", s."NormalizedUserName", s."PasswordHash", s."PhoneNumber", s."PhoneNumberConfirmed", s."SecurityStamp", s."TwoFactorEnabled", s."UserName", s."Id1", s."Amount", s."BookingId", s."CreatedAt1", s."MpesaCheckoutRequestId", s."MpesaMerchantRequestId", s."MpesaReceipt", s."PayerPhoneNumber", s."PaymentReference", s."Status0", s."Id2", s."AgentId", s."BookingId0", s."CleaningCompletedAt", s."CleaningStartedAt", s."CustomerId0", s."DeliveredAt", s."DeliveryOtp", s."DeliveryOtpExpiresAt", s."DeliveryOtpVerifiedAt", s."OrderReference", s."PickedUpAt", s."PickupOtp", s."PickupOtpExpiresAt", s."PickupOtpVerifiedAt", s."Status1", s0."Id", s0."AssignedAt", s0."AssignmentReference", s0."AssignmentType", s0."CompletedAt", s0."Notes", s0."OrderId", s0."RiderId", s0."Status", s0."Id0", s0."AccessFailedCount", s0."Address", s0."ConcurrencyStamp", s0."CreatedAt", s0."CustomerReference", s0."Email", s0."EmailConfirmed", s0."FullName", s0."IsActive", s0."LockoutEnabled", s0."LockoutEnd", s0."NormalizedEmail", s0."NormalizedUserName", s0."PasswordHash", s0."PhoneNumber", s0."PhoneNumberConfirmed", s0."SecurityStamp", s0."TwoFactorEnabled", s0."UserName"
FROM (
    SELECT b."Id", b."AddOns", b."AppliedPromotions", b."BookingReference", b."BundleDiscountPercent", b."CanvasLines", b."CreatedAt", b."CustomerId", b."DiscountAmountKes", b."NubuckLines", b."PickupAddress", b."PickupLatitude", b."PickupLocationUrl", b."PickupLongitude", b."PriceKes", b."PromotionalDiscountKes", b."ShoesSubtotalGrossKes", b."SneakersLines", b."Status", b."SubtotalBeforeDiscountKes", b."SuedeLines", b."TotalPairs", f."Id" AS "Id0", f."AccessFailedCount", f."Address", f."ConcurrencyStamp", f."CreatedAt" AS "CreatedAt0", f."CustomerReference", f."Email", f."EmailConfirmed", f."FullName", f."IsActive", f."LockoutEnabled", f."LockoutEnd", f."NormalizedEmail", f."NormalizedUserName", f."PasswordHash", f."PhoneNumber", f."PhoneNumberConfirmed", f."SecurityStamp", f."TwoFactorEnabled", f."UserName", p."Id" AS "Id1", p."Amount", p."BookingId", p."CreatedAt" AS "CreatedAt1", p."MpesaCheckoutRequestId", p."MpesaMerchantRequestId", p."MpesaReceipt", p."PayerPhoneNumber", p."PaymentReference", p."Status" AS "Status0", o."Id" AS "Id2", o."AgentId", o."BookingId" AS "BookingId0", o."CleaningCompletedAt", o."CleaningStartedAt", o."CustomerId" AS "CustomerId0", o."DeliveredAt", o."DeliveryOtp", o."DeliveryOtpExpiresAt", o."DeliveryOtpVerifiedAt", o."OrderReference", o."PickedUpAt", o."PickupOtp", o."PickupOtpExpiresAt", o."PickupOtpVerifiedAt", o."Status" AS "Status1"
    FROM "Bookings" AS b
    INNER JOIN "FreshwalkUsers" AS f ON b."CustomerId" = f."Id"
    LEFT JOIN "Payments" AS p ON b."Id" = p."BookingId"
    LEFT JOIN "Orders" AS o ON b."Id" = o."BookingId"
    WHERE b."Id" = @__id_0
    LIMIT 1
) AS s
LEFT JOIN (
    SELECT o0."Id", o0."AssignedAt", o0."AssignmentReference", o0."AssignmentType", o0."CompletedAt", o0."Notes", o0."OrderId", o0."RiderId", o0."Status", f0."Id" AS "Id0", f0."AccessFailedCount", f0."Address", f0."ConcurrencyStamp", f0."CreatedAt", f0."CustomerReference", f0."Email", f0."EmailConfirmed", f0."FullName", f0."IsActive", f0."LockoutEnabled", f0."LockoutEnd", f0."NormalizedEmail", f0."NormalizedUserName", f0."PasswordHash", f0."PhoneNumber", f0."PhoneNumberConfirmed", f0."SecurityStamp", f0."TwoFactorEnabled", f0."UserName"
    FROM "OrderRiderAssignments" AS o0
    INNER JOIN "FreshwalkUsers" AS f0 ON o0."RiderId" = f0."Id"
) AS s0 ON s."Id2" = s0."OrderId"
ORDER BY s."Id", s."Id0", s."Id1", s."Id2", s0."Id"
2026-04-03 21:45:31.575 +03:00 [INF] Executed DbCommand (296ms) [Parameters=[@__p_0='?' (DbType = Guid)], CommandType='"Text"', CommandTimeout='30']
SELECT f."Id", f."AccessFailedCount", f."Address", f."ConcurrencyStamp", f."CreatedAt", f."CustomerReference", f."Email", f."EmailConfirmed", f."FullName", f."IsActive", f."LockoutEnabled", f."LockoutEnd", f."NormalizedEmail", f."NormalizedUserName", f."PasswordHash", f."PhoneNumber", f."PhoneNumberConfirmed", f."SecurityStamp", f."TwoFactorEnabled", f."UserName"
FROM "FreshwalkUsers" AS f
WHERE f."Id" = @__p_0
LIMIT 1
2026-04-03 21:45:31.582 +03:00 [INF] HTTP GET /api/agent/bookings/8f842593-b95a-40a2-863a-7f6d6ea317f1 responded 200 in 2147.4995 ms
2026-04-03 21:46:37.498 +03:00 [INF] HTTP OPTIONS /api/auth/google responded 204 in 0.0313 ms
2026-04-03 21:46:38.546 +03:00 [INF] Executed DbCommand (303ms) [Parameters=[@__normalizedEmail_0='?'], CommandType='"Text"', CommandTimeout='30']
SELECT f."Id", f."AccessFailedCount", f."Address", f."ConcurrencyStamp", f."CreatedAt", f."CustomerReference", f."Email", f."EmailConfirmed", f."FullName", f."IsActive", f."LockoutEnabled", f."LockoutEnd", f."NormalizedEmail", f."NormalizedUserName", f."PasswordHash", f."PhoneNumber", f."PhoneNumberConfirmed", f."SecurityStamp", f."TwoFactorEnabled", f."UserName"
FROM "FreshwalkUsers" AS f
WHERE f."NormalizedEmail" = @__normalizedEmail_0
LIMIT 2
2026-04-03 21:46:38.853 +03:00 [INF] Executed DbCommand (303ms) [Parameters=[@__userId_0='?' (DbType = Guid)], CommandType='"Text"', CommandTimeout='30']
SELECT f0."Name"
FROM "FreshwalkUserRoles" AS f
INNER JOIN "FreshwalkRoles" AS f0 ON f."RoleId" = f0."Id"
WHERE f."UserId" = @__userId_0
2026-04-03 21:46:38.857 +03:00 [INF] HTTP POST /api/auth/google responded 200 in 1354.6042 ms
2026-04-03 21:46:38.906 +03:00 [INF] HTTP OPTIONS /api/catalog/shoe-services responded 204 in 0.0319 ms
2026-04-03 21:46:38.907 +03:00 [INF] HTTP OPTIONS /api/catalog/shoe-services responded 204 in 0.0247 ms
2026-04-03 21:46:39.264 +03:00 [INF] Executed DbCommand (354ms) [Parameters=[], CommandType='"Text"', CommandTimeout='30']
SELECT s."Id", s."DisplayName", s."ImageAfterUrl", s."ImageBeforeUrl", s."Key", s."SortOrder", s."Tagline", s."ThemeColorHex", s0."Id", s0."CategoryId", s0."ColorTierKey", s0."PriceKes", s0."SortOrder", s1."Id", s1."CategoryId", s1."DiscountKind", s1."FixedOffPerPairKes", s1."IsActive", s1."Label", s1."PercentOff", s1."Priority", s1."ValidFrom", s1."ValidTo"
FROM "ShoeServiceCategories" AS s
LEFT JOIN "ShoeServiceTierPrices" AS s0 ON s."Id" = s0."CategoryId"
LEFT JOIN "ShoeServicePromotions" AS s1 ON s."Id" = s1."CategoryId"
ORDER BY s."SortOrder", s."Id", s0."Id"
2026-04-03 21:46:39.543 +03:00 [INF] Executed DbCommand (272ms) [Parameters=[@__p_0='?' (DbType = Guid)], CommandType='"Text"', CommandTimeout='30']
SELECT f."Id", f."AccessFailedCount", f."Address", f."ConcurrencyStamp", f."CreatedAt", f."CustomerReference", f."Email", f."EmailConfirmed", f."FullName", f."IsActive", f."LockoutEnabled", f."LockoutEnd", f."NormalizedEmail", f."NormalizedUserName", f."PasswordHash", f."PhoneNumber", f."PhoneNumberConfirmed", f."SecurityStamp", f."TwoFactorEnabled", f."UserName"
FROM "FreshwalkUsers" AS f
WHERE f."Id" = @__p_0
LIMIT 1
2026-04-03 21:46:39.543 +03:00 [INF] Executed DbCommand (270ms) [Parameters=[], CommandType='"Text"', CommandTimeout='30']
SELECT s."Id", s."DisplayName", s."ImageAfterUrl", s."ImageBeforeUrl", s."Key", s."SortOrder", s."Tagline", s."ThemeColorHex", s0."Id", s0."CategoryId", s0."ColorTierKey", s0."PriceKes", s0."SortOrder", s1."Id", s1."CategoryId", s1."DiscountKind", s1."FixedOffPerPairKes", s1."IsActive", s1."Label", s1."PercentOff", s1."Priority", s1."ValidFrom", s1."ValidTo"
FROM "ShoeServiceCategories" AS s
LEFT JOIN "ShoeServiceTierPrices" AS s0 ON s."Id" = s0."CategoryId"
LEFT JOIN "ShoeServicePromotions" AS s1 ON s."Id" = s1."CategoryId"
ORDER BY s."SortOrder", s."Id", s0."Id"
2026-04-03 21:46:39.550 +03:00 [INF] HTTP GET /api/catalog/shoe-services responded 200 in 641.0163 ms
2026-04-03 21:46:39.775 +03:00 [INF] Executed DbCommand (222ms) [Parameters=[@__p_0='?' (DbType = Guid)], CommandType='"Text"', CommandTimeout='30']
SELECT f."Id", f."AccessFailedCount", f."Address", f."ConcurrencyStamp", f."CreatedAt", f."CustomerReference", f."Email", f."EmailConfirmed", f."FullName", f."IsActive", f."LockoutEnabled", f."LockoutEnd", f."NormalizedEmail", f."NormalizedUserName", f."PasswordHash", f."PhoneNumber", f."PhoneNumberConfirmed", f."SecurityStamp", f."TwoFactorEnabled", f."UserName"
FROM "FreshwalkUsers" AS f
WHERE f."Id" = @__p_0
LIMIT 1
2026-04-03 21:46:39.779 +03:00 [INF] HTTP GET /api/catalog/shoe-services responded 200 in 507.8454 ms
2026-04-03 21:46:44.535 +03:00 [INF] HTTP OPTIONS /api/bookings/mine responded 204 in 0.0424 ms
2026-04-03 21:46:44.536 +03:00 [INF] HTTP OPTIONS /api/bookings/mine responded 204 in 0.0247 ms
2026-04-03 21:46:44.794 +03:00 [INF] Executed DbCommand (228ms) [Parameters=[@__customerId_0='?' (DbType = Guid)], CommandType='"Text"', CommandTimeout='30']
SELECT f."CustomerReference"
FROM "FreshwalkUsers" AS f
WHERE f."Id" = @__customerId_0
LIMIT 1
2026-04-03 21:46:45.100 +03:00 [INF] Executed DbCommand (263ms) [Parameters=[@__customerId_0='?' (DbType = Guid)], CommandType='"Text"', CommandTimeout='30']
SELECT b."Id", b."AddOns", b."AppliedPromotions", b."BookingReference", b."BundleDiscountPercent", b."CanvasLines", b."CreatedAt", b."CustomerId", b."DiscountAmountKes", b."NubuckLines", b."PickupAddress", b."PickupLatitude", b."PickupLocationUrl", b."PickupLongitude", b."PriceKes", b."PromotionalDiscountKes", b."ShoesSubtotalGrossKes", b."SneakersLines", b."Status", b."SubtotalBeforeDiscountKes", b."SuedeLines", b."TotalPairs", p."Id", p."Amount", p."BookingId", p."CreatedAt", p."MpesaCheckoutRequestId", p."MpesaMerchantRequestId", p."MpesaReceipt", p."PayerPhoneNumber", p."PaymentReference", p."Status", o."Id", o."AgentId", o."BookingId", o."CleaningCompletedAt", o."CleaningStartedAt", o."CustomerId", o."DeliveredAt", o."DeliveryOtp", o."DeliveryOtpExpiresAt", o."DeliveryOtpVerifiedAt", o."OrderReference", o."PickedUpAt", o."PickupOtp", o."PickupOtpExpiresAt", o."PickupOtpVerifiedAt", o."Status"
FROM "Bookings" AS b
LEFT JOIN "Payments" AS p ON b."Id" = p."BookingId"
LEFT JOIN "Orders" AS o ON b."Id" = o."BookingId"
WHERE b."CustomerId" = @__customerId_0
ORDER BY b."CreatedAt" DESC
2026-04-03 21:46:45.407 +03:00 [INF] Executed DbCommand (292ms) [Parameters=[@__p_0='?' (DbType = Guid)], CommandType='"Text"', CommandTimeout='30']
SELECT f."Id", f."AccessFailedCount", f."Address", f."ConcurrencyStamp", f."CreatedAt", f."CustomerReference", f."Email", f."EmailConfirmed", f."FullName", f."IsActive", f."LockoutEnabled", f."LockoutEnd", f."NormalizedEmail", f."NormalizedUserName", f."PasswordHash", f."PhoneNumber", f."PhoneNumberConfirmed", f."SecurityStamp", f."TwoFactorEnabled", f."UserName"
FROM "FreshwalkUsers" AS f
WHERE f."Id" = @__p_0
LIMIT 1
2026-04-03 21:46:45.407 +03:00 [INF] Executed DbCommand (289ms) [Parameters=[@__customerId_0='?' (DbType = Guid)], CommandType='"Text"', CommandTimeout='30']
SELECT f."CustomerReference"
FROM "FreshwalkUsers" AS f
WHERE f."Id" = @__customerId_0
LIMIT 1
2026-04-03 21:46:45.413 +03:00 [INF] HTTP GET /api/bookings/mine responded 200 in 872.8903 ms
2026-04-03 21:46:45.614 +03:00 [INF] Executed DbCommand (197ms) [Parameters=[@__customerId_0='?' (DbType = Guid)], CommandType='"Text"', CommandTimeout='30']
SELECT b."Id", b."AddOns", b."AppliedPromotions", b."BookingReference", b."BundleDiscountPercent", b."CanvasLines", b."CreatedAt", b."CustomerId", b."DiscountAmountKes", b."NubuckLines", b."PickupAddress", b."PickupLatitude", b."PickupLocationUrl", b."PickupLongitude", b."PriceKes", b."PromotionalDiscountKes", b."ShoesSubtotalGrossKes", b."SneakersLines", b."Status", b."SubtotalBeforeDiscountKes", b."SuedeLines", b."TotalPairs", p."Id", p."Amount", p."BookingId", p."CreatedAt", p."MpesaCheckoutRequestId", p."MpesaMerchantRequestId", p."MpesaReceipt", p."PayerPhoneNumber", p."PaymentReference", p."Status", o."Id", o."AgentId", o."BookingId", o."CleaningCompletedAt", o."CleaningStartedAt", o."CustomerId", o."DeliveredAt", o."DeliveryOtp", o."DeliveryOtpExpiresAt", o."DeliveryOtpVerifiedAt", o."OrderReference", o."PickedUpAt", o."PickupOtp", o."PickupOtpExpiresAt", o."PickupOtpVerifiedAt", o."Status"
FROM "Bookings" AS b
LEFT JOIN "Payments" AS p ON b."Id" = p."BookingId"
LEFT JOIN "Orders" AS o ON b."Id" = o."BookingId"
WHERE b."CustomerId" = @__customerId_0
ORDER BY b."CreatedAt" DESC
2026-04-03 21:46:45.820 +03:00 [INF] Executed DbCommand (197ms) [Parameters=[@__p_0='?' (DbType = Guid)], CommandType='"Text"', CommandTimeout='30']
SELECT f."Id", f."AccessFailedCount", f."Address", f."ConcurrencyStamp", f."CreatedAt", f."CustomerReference", f."Email", f."EmailConfirmed", f."FullName", f."IsActive", f."LockoutEnabled", f."LockoutEnd", f."NormalizedEmail", f."NormalizedUserName", f."PasswordHash", f."PhoneNumber", f."PhoneNumberConfirmed", f."SecurityStamp", f."TwoFactorEnabled", f."UserName"
FROM "FreshwalkUsers" AS f
WHERE f."Id" = @__p_0
LIMIT 1
2026-04-03 21:46:45.826 +03:00 [INF] HTTP GET /api/bookings/mine responded 200 in 711.1339 ms
2026-04-03 21:47:53.059 +03:00 [INF] HTTP OPTIONS /api/catalog/shoe-services responded 204 in 0.0623 ms
2026-04-03 21:47:53.060 +03:00 [INF] HTTP OPTIONS /api/catalog/shoe-services responded 204 in 0.0204 ms
2026-04-03 21:47:53.323 +03:00 [INF] Executed DbCommand (251ms) [Parameters=[], CommandType='"Text"', CommandTimeout='30']
SELECT s."Id", s."DisplayName", s."ImageAfterUrl", s."ImageBeforeUrl", s."Key", s."SortOrder", s."Tagline", s."ThemeColorHex", s0."Id", s0."CategoryId", s0."ColorTierKey", s0."PriceKes", s0."SortOrder", s1."Id", s1."CategoryId", s1."DiscountKind", s1."FixedOffPerPairKes", s1."IsActive", s1."Label", s1."PercentOff", s1."Priority", s1."ValidFrom", s1."ValidTo"
FROM "ShoeServiceCategories" AS s
LEFT JOIN "ShoeServiceTierPrices" AS s0 ON s."Id" = s0."CategoryId"
LEFT JOIN "ShoeServicePromotions" AS s1 ON s."Id" = s1."CategoryId"
ORDER BY s."SortOrder", s."Id", s0."Id"
2026-04-03 21:47:53.526 +03:00 [INF] Executed DbCommand (195ms) [Parameters=[@__p_0='?' (DbType = Guid)], CommandType='"Text"', CommandTimeout='30']
SELECT f."Id", f."AccessFailedCount", f."Address", f."ConcurrencyStamp", f."CreatedAt", f."CustomerReference", f."Email", f."EmailConfirmed", f."FullName", f."IsActive", f."LockoutEnabled", f."LockoutEnd", f."NormalizedEmail", f."NormalizedUserName", f."PasswordHash", f."PhoneNumber", f."PhoneNumberConfirmed", f."SecurityStamp", f."TwoFactorEnabled", f."UserName"
FROM "FreshwalkUsers" AS f
WHERE f."Id" = @__p_0
LIMIT 1
2026-04-03 21:47:53.529 +03:00 [INF] Executed DbCommand (196ms) [Parameters=[], CommandType='"Text"', CommandTimeout='30']
SELECT s."Id", s."DisplayName", s."ImageAfterUrl", s."ImageBeforeUrl", s."Key", s."SortOrder", s."Tagline", s."ThemeColorHex", s0."Id", s0."CategoryId", s0."ColorTierKey", s0."PriceKes", s0."SortOrder", s1."Id", s1."CategoryId", s1."DiscountKind", s1."FixedOffPerPairKes", s1."IsActive", s1."Label", s1."PercentOff", s1."Priority", s1."ValidFrom", s1."ValidTo"
FROM "ShoeServiceCategories" AS s
LEFT JOIN "ShoeServiceTierPrices" AS s0 ON s."Id" = s0."CategoryId"
LEFT JOIN "ShoeServicePromotions" AS s1 ON s."Id" = s1."CategoryId"
ORDER BY s."SortOrder", s."Id", s0."Id"
2026-04-03 21:47:53.532 +03:00 [INF] HTTP GET /api/catalog/shoe-services responded 200 in 461.2024 ms
2026-04-03 21:47:53.734 +03:00 [INF] Executed DbCommand (197ms) [Parameters=[@__p_0='?' (DbType = Guid)], CommandType='"Text"', CommandTimeout='30']
SELECT f."Id", f."AccessFailedCount", f."Address", f."ConcurrencyStamp", f."CreatedAt", f."CustomerReference", f."Email", f."EmailConfirmed", f."FullName", f."IsActive", f."LockoutEnabled", f."LockoutEnd", f."NormalizedEmail", f."NormalizedUserName", f."PasswordHash", f."PhoneNumber", f."PhoneNumberConfirmed", f."SecurityStamp", f."TwoFactorEnabled", f."UserName"
FROM "FreshwalkUsers" AS f
WHERE f."Id" = @__p_0
LIMIT 1
2026-04-03 21:47:53.742 +03:00 [INF] HTTP GET /api/catalog/shoe-services responded 200 in 410.0910 ms
2026-04-03 21:50:03.868 +03:00 [INF] HTTP OPTIONS /api/bookings/mine responded 204 in 0.0560 ms
2026-04-03 21:50:03.872 +03:00 [INF] HTTP OPTIONS /api/bookings/mine responded 204 in 0.0314 ms
2026-04-03 21:50:05.701 +03:00 [INF] Executed DbCommand (256ms) [Parameters=[@__customerId_0='?' (DbType = Guid)], CommandType='"Text"', CommandTimeout='30']
SELECT f."CustomerReference"
FROM "FreshwalkUsers" AS f
WHERE f."Id" = @__customerId_0
LIMIT 1
2026-04-03 21:50:05.969 +03:00 [INF] Executed DbCommand (262ms) [Parameters=[@__customerId_0='?' (DbType = Guid)], CommandType='"Text"', CommandTimeout='30']
SELECT b."Id", b."AddOns", b."AppliedPromotions", b."BookingReference", b."BundleDiscountPercent", b."CanvasLines", b."CreatedAt", b."CustomerId", b."DiscountAmountKes", b."NubuckLines", b."PickupAddress", b."PickupLatitude", b."PickupLocationUrl", b."PickupLongitude", b."PriceKes", b."PromotionalDiscountKes", b."ShoesSubtotalGrossKes", b."SneakersLines", b."Status", b."SubtotalBeforeDiscountKes", b."SuedeLines", b."TotalPairs", p."Id", p."Amount", p."BookingId", p."CreatedAt", p."MpesaCheckoutRequestId", p."MpesaMerchantRequestId", p."MpesaReceipt", p."PayerPhoneNumber", p."PaymentReference", p."Status", o."Id", o."AgentId", o."BookingId", o."CleaningCompletedAt", o."CleaningStartedAt", o."CustomerId", o."DeliveredAt", o."DeliveryOtp", o."DeliveryOtpExpiresAt", o."DeliveryOtpVerifiedAt", o."OrderReference", o."PickedUpAt", o."PickupOtp", o."PickupOtpExpiresAt", o."PickupOtpVerifiedAt", o."Status"
FROM "Bookings" AS b
LEFT JOIN "Payments" AS p ON b."Id" = p."BookingId"
LEFT JOIN "Orders" AS o ON b."Id" = o."BookingId"
WHERE b."CustomerId" = @__customerId_0
ORDER BY b."CreatedAt" DESC
2026-04-03 21:50:06.217 +03:00 [INF] Executed DbCommand (240ms) [Parameters=[@__p_0='?' (DbType = Guid)], CommandType='"Text"', CommandTimeout='30']
SELECT f."Id", f."AccessFailedCount", f."Address", f."ConcurrencyStamp", f."CreatedAt", f."CustomerReference", f."Email", f."EmailConfirmed", f."FullName", f."IsActive", f."LockoutEnabled", f."LockoutEnd", f."NormalizedEmail", f."NormalizedUserName", f."PasswordHash", f."PhoneNumber", f."PhoneNumberConfirmed", f."SecurityStamp", f."TwoFactorEnabled", f."UserName"
FROM "FreshwalkUsers" AS f
WHERE f."Id" = @__p_0
LIMIT 1
2026-04-03 21:50:06.224 +03:00 [INF] HTTP GET /api/bookings/mine responded 200 in 2344.4480 ms
2026-04-03 21:50:07.522 +03:00 [INF] Executed DbCommand (206ms) [Parameters=[@__customerId_0='?' (DbType = Guid)], CommandType='"Text"', CommandTimeout='30']
SELECT f."CustomerReference"
FROM "FreshwalkUsers" AS f
WHERE f."Id" = @__customerId_0
LIMIT 1
2026-04-03 21:50:07.754 +03:00 [INF] Executed DbCommand (227ms) [Parameters=[@__customerId_0='?' (DbType = Guid)], CommandType='"Text"', CommandTimeout='30']
SELECT b."Id", b."AddOns", b."AppliedPromotions", b."BookingReference", b."BundleDiscountPercent", b."CanvasLines", b."CreatedAt", b."CustomerId", b."DiscountAmountKes", b."NubuckLines", b."PickupAddress", b."PickupLatitude", b."PickupLocationUrl", b."PickupLongitude", b."PriceKes", b."PromotionalDiscountKes", b."ShoesSubtotalGrossKes", b."SneakersLines", b."Status", b."SubtotalBeforeDiscountKes", b."SuedeLines", b."TotalPairs", p."Id", p."Amount", p."BookingId", p."CreatedAt", p."MpesaCheckoutRequestId", p."MpesaMerchantRequestId", p."MpesaReceipt", p."PayerPhoneNumber", p."PaymentReference", p."Status", o."Id", o."AgentId", o."BookingId", o."CleaningCompletedAt", o."CleaningStartedAt", o."CustomerId", o."DeliveredAt", o."DeliveryOtp", o."DeliveryOtpExpiresAt", o."DeliveryOtpVerifiedAt", o."OrderReference", o."PickedUpAt", o."PickupOtp", o."PickupOtpExpiresAt", o."PickupOtpVerifiedAt", o."Status"
FROM "Bookings" AS b
LEFT JOIN "Payments" AS p ON b."Id" = p."BookingId"
LEFT JOIN "Orders" AS o ON b."Id" = o."BookingId"
WHERE b."CustomerId" = @__customerId_0
ORDER BY b."CreatedAt" DESC
2026-04-03 21:50:08.061 +03:00 [INF] Executed DbCommand (300ms) [Parameters=[@__p_0='?' (DbType = Guid)], CommandType='"Text"', CommandTimeout='30']
SELECT f."Id", f."AccessFailedCount", f."Address", f."ConcurrencyStamp", f."CreatedAt", f."CustomerReference", f."Email", f."EmailConfirmed", f."FullName", f."IsActive", f."LockoutEnabled", f."LockoutEnd", f."NormalizedEmail", f."NormalizedUserName", f."PasswordHash", f."PhoneNumber", f."PhoneNumberConfirmed", f."SecurityStamp", f."TwoFactorEnabled", f."UserName"
FROM "FreshwalkUsers" AS f
WHERE f."Id" = @__p_0
LIMIT 1
2026-04-03 21:50:08.068 +03:00 [INF] HTTP GET /api/bookings/mine responded 200 in 2090.3748 ms
2026-04-03 21:58:09.121 +03:00 [INF] HTTP OPTIONS /api/bookings/mine responded 204 in 0.0148 ms
2026-04-03 21:58:09.121 +03:00 [INF] HTTP OPTIONS /api/bookings/mine responded 204 in 0.0596 ms
2026-04-03 21:58:10.728 +03:00 [INF] Executed DbCommand (229ms) [Parameters=[@__customerId_0='?' (DbType = Guid)], CommandType='"Text"', CommandTimeout='30']
SELECT f."CustomerReference"
FROM "FreshwalkUsers" AS f
WHERE f."Id" = @__customerId_0
LIMIT 1
2026-04-03 21:58:10.947 +03:00 [INF] Executed DbCommand (218ms) [Parameters=[@__customerId_0='?' (DbType = Guid)], CommandType='"Text"', CommandTimeout='30']
SELECT b."Id", b."AddOns", b."AppliedPromotions", b."BookingReference", b."BundleDiscountPercent", b."CanvasLines", b."CreatedAt", b."CustomerId", b."DiscountAmountKes", b."NubuckLines", b."PickupAddress", b."PickupLatitude", b."PickupLocationUrl", b."PickupLongitude", b."PriceKes", b."PromotionalDiscountKes", b."ShoesSubtotalGrossKes", b."SneakersLines", b."Status", b."SubtotalBeforeDiscountKes", b."SuedeLines", b."TotalPairs", p."Id", p."Amount", p."BookingId", p."CreatedAt", p."MpesaCheckoutRequestId", p."MpesaMerchantRequestId", p."MpesaReceipt", p."PayerPhoneNumber", p."PaymentReference", p."Status", o."Id", o."AgentId", o."BookingId", o."CleaningCompletedAt", o."CleaningStartedAt", o."CustomerId", o."DeliveredAt", o."DeliveryOtp", o."DeliveryOtpExpiresAt", o."DeliveryOtpVerifiedAt", o."OrderReference", o."PickedUpAt", o."PickupOtp", o."PickupOtpExpiresAt", o."PickupOtpVerifiedAt", o."Status"
FROM "Bookings" AS b
LEFT JOIN "Payments" AS p ON b."Id" = p."BookingId"
LEFT JOIN "Orders" AS o ON b."Id" = o."BookingId"
WHERE b."CustomerId" = @__customerId_0
ORDER BY b."CreatedAt" DESC
2026-04-03 21:58:11.152 +03:00 [INF] Executed DbCommand (202ms) [Parameters=[@__p_0='?' (DbType = Guid)], CommandType='"Text"', CommandTimeout='30']
SELECT f."Id", f."AccessFailedCount", f."Address", f."ConcurrencyStamp", f."CreatedAt", f."CustomerReference", f."Email", f."EmailConfirmed", f."FullName", f."IsActive", f."LockoutEnabled", f."LockoutEnd", f."NormalizedEmail", f."NormalizedUserName", f."PasswordHash", f."PhoneNumber", f."PhoneNumberConfirmed", f."SecurityStamp", f."TwoFactorEnabled", f."UserName"
FROM "FreshwalkUsers" AS f
WHERE f."Id" = @__p_0
LIMIT 1
2026-04-03 21:58:11.157 +03:00 [INF] HTTP GET /api/bookings/mine responded 200 in 2029.6586 ms
2026-04-03 21:58:12.441 +03:00 [INF] Executed DbCommand (205ms) [Parameters=[@__customerId_0='?' (DbType = Guid)], CommandType='"Text"', CommandTimeout='30']
SELECT f."CustomerReference"
FROM "FreshwalkUsers" AS f
WHERE f."Id" = @__customerId_0
LIMIT 1
2026-04-03 21:58:12.647 +03:00 [INF] Executed DbCommand (203ms) [Parameters=[@__customerId_0='?' (DbType = Guid)], CommandType='"Text"', CommandTimeout='30']
SELECT b."Id", b."AddOns", b."AppliedPromotions", b."BookingReference", b."BundleDiscountPercent", b."CanvasLines", b."CreatedAt", b."CustomerId", b."DiscountAmountKes", b."NubuckLines", b."PickupAddress", b."PickupLatitude", b."PickupLocationUrl", b."PickupLongitude", b."PriceKes", b."PromotionalDiscountKes", b."ShoesSubtotalGrossKes", b."SneakersLines", b."Status", b."SubtotalBeforeDiscountKes", b."SuedeLines", b."TotalPairs", p."Id", p."Amount", p."BookingId", p."CreatedAt", p."MpesaCheckoutRequestId", p."MpesaMerchantRequestId", p."MpesaReceipt", p."PayerPhoneNumber", p."PaymentReference", p."Status", o."Id", o."AgentId", o."BookingId", o."CleaningCompletedAt", o."CleaningStartedAt", o."CustomerId", o."DeliveredAt", o."DeliveryOtp", o."DeliveryOtpExpiresAt", o."DeliveryOtpVerifiedAt", o."OrderReference", o."PickedUpAt", o."PickupOtp", o."PickupOtpExpiresAt", o."PickupOtpVerifiedAt", o."Status"
FROM "Bookings" AS b
LEFT JOIN "Payments" AS p ON b."Id" = p."BookingId"
LEFT JOIN "Orders" AS o ON b."Id" = o."BookingId"
WHERE b."CustomerId" = @__customerId_0
ORDER BY b."CreatedAt" DESC
2026-04-03 21:58:12.858 +03:00 [INF] Executed DbCommand (209ms) [Parameters=[@__p_0='?' (DbType = Guid)], CommandType='"Text"', CommandTimeout='30']
SELECT f."Id", f."AccessFailedCount", f."Address", f."ConcurrencyStamp", f."CreatedAt", f."CustomerReference", f."Email", f."EmailConfirmed", f."FullName", f."IsActive", f."LockoutEnabled", f."LockoutEnd", f."NormalizedEmail", f."NormalizedUserName", f."PasswordHash", f."PhoneNumber", f."PhoneNumberConfirmed", f."SecurityStamp", f."TwoFactorEnabled", f."UserName"
FROM "FreshwalkUsers" AS f
WHERE f."Id" = @__p_0
LIMIT 1
2026-04-03 21:58:12.860 +03:00 [INF] HTTP GET /api/bookings/mine responded 200 in 1908.8528 ms
2026-04-03 22:00:00.778 +03:00 [INF] HTTP OPTIONS /api/bookings/mine responded 204 in 0.0381 ms
2026-04-03 22:00:00.778 +03:00 [INF] HTTP OPTIONS /api/bookings/mine responded 204 in 0.0375 ms
2026-04-03 22:00:01.003 +03:00 [INF] Executed DbCommand (220ms) [Parameters=[@__customerId_0='?' (DbType = Guid)], CommandType='"Text"', CommandTimeout='30']
SELECT f."CustomerReference"
FROM "FreshwalkUsers" AS f
WHERE f."Id" = @__customerId_0
LIMIT 1
2026-04-03 22:00:01.266 +03:00 [INF] Executed DbCommand (259ms) [Parameters=[@__customerId_0='?' (DbType = Guid)], CommandType='"Text"', CommandTimeout='30']
SELECT b."Id", b."AddOns", b."AppliedPromotions", b."BookingReference", b."BundleDiscountPercent", b."CanvasLines", b."CreatedAt", b."CustomerId", b."DiscountAmountKes", b."NubuckLines", b."PickupAddress", b."PickupLatitude", b."PickupLocationUrl", b."PickupLongitude", b."PriceKes", b."PromotionalDiscountKes", b."ShoesSubtotalGrossKes", b."SneakersLines", b."Status", b."SubtotalBeforeDiscountKes", b."SuedeLines", b."TotalPairs", p."Id", p."Amount", p."BookingId", p."CreatedAt", p."MpesaCheckoutRequestId", p."MpesaMerchantRequestId", p."MpesaReceipt", p."PayerPhoneNumber", p."PaymentReference", p."Status", o."Id", o."AgentId", o."BookingId", o."CleaningCompletedAt", o."CleaningStartedAt", o."CustomerId", o."DeliveredAt", o."DeliveryOtp", o."DeliveryOtpExpiresAt", o."DeliveryOtpVerifiedAt", o."OrderReference", o."PickedUpAt", o."PickupOtp", o."PickupOtpExpiresAt", o."PickupOtpVerifiedAt", o."Status"
FROM "Bookings" AS b
LEFT JOIN "Payments" AS p ON b."Id" = p."BookingId"
LEFT JOIN "Orders" AS o ON b."Id" = o."BookingId"
WHERE b."CustomerId" = @__customerId_0
ORDER BY b."CreatedAt" DESC
2026-04-03 22:00:01.583 +03:00 [INF] Executed DbCommand (308ms) [Parameters=[@__p_0='?' (DbType = Guid)], CommandType='"Text"', CommandTimeout='30']
SELECT f."Id", f."AccessFailedCount", f."Address", f."ConcurrencyStamp", f."CreatedAt", f."CustomerReference", f."Email", f."EmailConfirmed", f."FullName", f."IsActive", f."LockoutEnabled", f."LockoutEnd", f."NormalizedEmail", f."NormalizedUserName", f."PasswordHash", f."PhoneNumber", f."PhoneNumberConfirmed", f."SecurityStamp", f."TwoFactorEnabled", f."UserName"
FROM "FreshwalkUsers" AS f
WHERE f."Id" = @__p_0
LIMIT 1
2026-04-03 22:00:01.583 +03:00 [INF] Executed DbCommand (306ms) [Parameters=[@__customerId_0='?' (DbType = Guid)], CommandType='"Text"', CommandTimeout='30']
SELECT f."CustomerReference"
FROM "FreshwalkUsers" AS f
WHERE f."Id" = @__customerId_0
LIMIT 1
2026-04-03 22:00:01.591 +03:00 [INF] HTTP GET /api/bookings/mine responded 200 in 809.6605 ms
2026-04-03 22:00:01.803 +03:00 [INF] Executed DbCommand (207ms) [Parameters=[@__customerId_0='?' (DbType = Guid)], CommandType='"Text"', CommandTimeout='30']
SELECT b."Id", b."AddOns", b."AppliedPromotions", b."BookingReference", b."BundleDiscountPercent", b."CanvasLines", b."CreatedAt", b."CustomerId", b."DiscountAmountKes", b."NubuckLines", b."PickupAddress", b."PickupLatitude", b."PickupLocationUrl", b."PickupLongitude", b."PriceKes", b."PromotionalDiscountKes", b."ShoesSubtotalGrossKes", b."SneakersLines", b."Status", b."SubtotalBeforeDiscountKes", b."SuedeLines", b."TotalPairs", p."Id", p."Amount", p."BookingId", p."CreatedAt", p."MpesaCheckoutRequestId", p."MpesaMerchantRequestId", p."MpesaReceipt", p."PayerPhoneNumber", p."PaymentReference", p."Status", o."Id", o."AgentId", o."BookingId", o."CleaningCompletedAt", o."CleaningStartedAt", o."CustomerId", o."DeliveredAt", o."DeliveryOtp", o."DeliveryOtpExpiresAt", o."DeliveryOtpVerifiedAt", o."OrderReference", o."PickedUpAt", o."PickupOtp", o."PickupOtpExpiresAt", o."PickupOtpVerifiedAt", o."Status"
FROM "Bookings" AS b
LEFT JOIN "Payments" AS p ON b."Id" = p."BookingId"
LEFT JOIN "Orders" AS o ON b."Id" = o."BookingId"
WHERE b."CustomerId" = @__customerId_0
ORDER BY b."CreatedAt" DESC
2026-04-03 22:00:02.094 +03:00 [INF] Executed DbCommand (286ms) [Parameters=[@__p_0='?' (DbType = Guid)], CommandType='"Text"', CommandTimeout='30']
SELECT f."Id", f."AccessFailedCount", f."Address", f."ConcurrencyStamp", f."CreatedAt", f."CustomerReference", f."Email", f."EmailConfirmed", f."FullName", f."IsActive", f."LockoutEnabled", f."LockoutEnd", f."NormalizedEmail", f."NormalizedUserName", f."PasswordHash", f."PhoneNumber", f."PhoneNumberConfirmed", f."SecurityStamp", f."TwoFactorEnabled", f."UserName"
FROM "FreshwalkUsers" AS f
WHERE f."Id" = @__p_0
LIMIT 1
2026-04-03 22:00:02.099 +03:00 [INF] HTTP GET /api/bookings/mine responded 200 in 823.0245 ms
2026-04-03 22:00:09.299 +03:00 [INF] HTTP OPTIONS /api/catalog/shoe-services responded 204 in 0.0354 ms
2026-04-03 22:00:09.300 +03:00 [INF] HTTP OPTIONS /api/catalog/shoe-services responded 204 in 0.0281 ms
2026-04-03 22:00:09.515 +03:00 [INF] Executed DbCommand (208ms) [Parameters=[], CommandType='"Text"', CommandTimeout='30']
SELECT s."Id", s."DisplayName", s."ImageAfterUrl", s."ImageBeforeUrl", s."Key", s."SortOrder", s."Tagline", s."ThemeColorHex", s0."Id", s0."CategoryId", s0."ColorTierKey", s0."PriceKes", s0."SortOrder", s1."Id", s1."CategoryId", s1."DiscountKind", s1."FixedOffPerPairKes", s1."IsActive", s1."Label", s1."PercentOff", s1."Priority", s1."ValidFrom", s1."ValidTo"
FROM "ShoeServiceCategories" AS s
LEFT JOIN "ShoeServiceTierPrices" AS s0 ON s."Id" = s0."CategoryId"
LEFT JOIN "ShoeServicePromotions" AS s1 ON s."Id" = s1."CategoryId"
ORDER BY s."SortOrder", s."Id", s0."Id"
2026-04-03 22:00:09.676 +03:00 [INF] HTTP OPTIONS /api/catalog/preview-pricing responded 204 in 0.0459 ms
2026-04-03 22:00:09.726 +03:00 [INF] Executed DbCommand (202ms) [Parameters=[@__p_0='?' (DbType = Guid)], CommandType='"Text"', CommandTimeout='30']
SELECT f."Id", f."AccessFailedCount", f."Address", f."ConcurrencyStamp", f."CreatedAt", f."CustomerReference", f."Email", f."EmailConfirmed", f."FullName", f."IsActive", f."LockoutEnabled", f."LockoutEnd", f."NormalizedEmail", f."NormalizedUserName", f."PasswordHash", f."PhoneNumber", f."PhoneNumberConfirmed", f."SecurityStamp", f."TwoFactorEnabled", f."UserName"
FROM "FreshwalkUsers" AS f
WHERE f."Id" = @__p_0
LIMIT 1
2026-04-03 22:00:09.726 +03:00 [INF] Executed DbCommand (202ms) [Parameters=[], CommandType='"Text"', CommandTimeout='30']
SELECT s."Id", s."DisplayName", s."ImageAfterUrl", s."ImageBeforeUrl", s."Key", s."SortOrder", s."Tagline", s."ThemeColorHex", s0."Id", s0."CategoryId", s0."ColorTierKey", s0."PriceKes", s0."SortOrder", s1."Id", s1."CategoryId", s1."DiscountKind", s1."FixedOffPerPairKes", s1."IsActive", s1."Label", s1."PercentOff", s1."Priority", s1."ValidFrom", s1."ValidTo"
FROM "ShoeServiceCategories" AS s
LEFT JOIN "ShoeServiceTierPrices" AS s0 ON s."Id" = s0."CategoryId"
LEFT JOIN "ShoeServicePromotions" AS s1 ON s."Id" = s1."CategoryId"
ORDER BY s."SortOrder", s."Id", s0."Id"
2026-04-03 22:00:09.733 +03:00 [INF] HTTP GET /api/catalog/shoe-services responded 200 in 427.2614 ms
2026-04-03 22:00:09.941 +03:00 [INF] Executed DbCommand (204ms) [Parameters=[@__p_0='?' (DbType = Guid)], CommandType='"Text"', CommandTimeout='30']
SELECT f."Id", f."AccessFailedCount", f."Address", f."ConcurrencyStamp", f."CreatedAt", f."CustomerReference", f."Email", f."EmailConfirmed", f."FullName", f."IsActive", f."LockoutEnabled", f."LockoutEnd", f."NormalizedEmail", f."NormalizedUserName", f."PasswordHash", f."PhoneNumber", f."PhoneNumberConfirmed", f."SecurityStamp", f."TwoFactorEnabled", f."UserName"
FROM "FreshwalkUsers" AS f
WHERE f."Id" = @__p_0
LIMIT 1
2026-04-03 22:00:09.949 +03:00 [INF] HTTP GET /api/catalog/shoe-services responded 200 in 426.2184 ms
2026-04-03 22:00:11.342 +03:00 [INF] Executed DbCommand (215ms) [Parameters=[], CommandType='"Text"', CommandTimeout='30']
SELECT s."Id", s."DisplayName", s."ImageAfterUrl", s."ImageBeforeUrl", s."Key", s."SortOrder", s."Tagline", s."ThemeColorHex", s0."Id", s0."CategoryId", s0."ColorTierKey", s0."PriceKes", s0."SortOrder", s1."Id", s1."CategoryId", s1."DiscountKind", s1."FixedOffPerPairKes", s1."IsActive", s1."Label", s1."PercentOff", s1."Priority", s1."ValidFrom", s1."ValidTo"
FROM "ShoeServiceCategories" AS s
LEFT JOIN "ShoeServiceTierPrices" AS s0 ON s."Id" = s0."CategoryId"
LEFT JOIN "ShoeServicePromotions" AS s1 ON s."Id" = s1."CategoryId"
ORDER BY s."Id", s0."Id"
2026-04-03 22:00:11.551 +03:00 [INF] Executed DbCommand (203ms) [Parameters=[@__p_0='?' (DbType = Guid)], CommandType='"Text"', CommandTimeout='30']
SELECT f."Id", f."AccessFailedCount", f."Address", f."ConcurrencyStamp", f."CreatedAt", f."CustomerReference", f."Email", f."EmailConfirmed", f."FullName", f."IsActive", f."LockoutEnabled", f."LockoutEnd", f."NormalizedEmail", f."NormalizedUserName", f."PasswordHash", f."PhoneNumber", f."PhoneNumberConfirmed", f."SecurityStamp", f."TwoFactorEnabled", f."UserName"
FROM "FreshwalkUsers" AS f
WHERE f."Id" = @__p_0
LIMIT 1
2026-04-03 22:00:11.558 +03:00 [INF] HTTP POST /api/catalog/preview-pricing responded 200 in 1875.3116 ms
2026-04-03 22:00:13.284 +03:00 [INF] HTTP OPTIONS /api/bookings/mine responded 204 in 0.0458 ms
2026-04-03 22:00:13.286 +03:00 [INF] HTTP OPTIONS /api/bookings/mine responded 204 in 0.0409 ms
2026-04-03 22:00:13.563 +03:00 [INF] Executed DbCommand (273ms) [Parameters=[@__customerId_0='?' (DbType = Guid)], CommandType='"Text"', CommandTimeout='30']
SELECT f."CustomerReference"
FROM "FreshwalkUsers" AS f
WHERE f."Id" = @__customerId_0
LIMIT 1
2026-04-03 22:00:13.777 +03:00 [INF] Executed DbCommand (206ms) [Parameters=[@__customerId_0='?' (DbType = Guid)], CommandType='"Text"', CommandTimeout='30']
SELECT b."Id", b."AddOns", b."AppliedPromotions", b."BookingReference", b."BundleDiscountPercent", b."CanvasLines", b."CreatedAt", b."CustomerId", b."DiscountAmountKes", b."NubuckLines", b."PickupAddress", b."PickupLatitude", b."PickupLocationUrl", b."PickupLongitude", b."PriceKes", b."PromotionalDiscountKes", b."ShoesSubtotalGrossKes", b."SneakersLines", b."Status", b."SubtotalBeforeDiscountKes", b."SuedeLines", b."TotalPairs", p."Id", p."Amount", p."BookingId", p."CreatedAt", p."MpesaCheckoutRequestId", p."MpesaMerchantRequestId", p."MpesaReceipt", p."PayerPhoneNumber", p."PaymentReference", p."Status", o."Id", o."AgentId", o."BookingId", o."CleaningCompletedAt", o."CleaningStartedAt", o."CustomerId", o."DeliveredAt", o."DeliveryOtp", o."DeliveryOtpExpiresAt", o."DeliveryOtpVerifiedAt", o."OrderReference", o."PickedUpAt", o."PickupOtp", o."PickupOtpExpiresAt", o."PickupOtpVerifiedAt", o."Status"
FROM "Bookings" AS b
LEFT JOIN "Payments" AS p ON b."Id" = p."BookingId"
LEFT JOIN "Orders" AS o ON b."Id" = o."BookingId"
WHERE b."CustomerId" = @__customerId_0
ORDER BY b."CreatedAt" DESC
2026-04-03 22:00:13.984 +03:00 [INF] Executed DbCommand (200ms) [Parameters=[@__customerId_0='?' (DbType = Guid)], CommandType='"Text"', CommandTimeout='30']
SELECT f."CustomerReference"
FROM "FreshwalkUsers" AS f
WHERE f."Id" = @__customerId_0
LIMIT 1
2026-04-03 22:00:13.984 +03:00 [INF] Executed DbCommand (202ms) [Parameters=[@__p_0='?' (DbType = Guid)], CommandType='"Text"', CommandTimeout='30']
SELECT f."Id", f."AccessFailedCount", f."Address", f."ConcurrencyStamp", f."CreatedAt", f."CustomerReference", f."Email", f."EmailConfirmed", f."FullName", f."IsActive", f."LockoutEnabled", f."LockoutEnd", f."NormalizedEmail", f."NormalizedUserName", f."PasswordHash", f."PhoneNumber", f."PhoneNumberConfirmed", f."SecurityStamp", f."TwoFactorEnabled", f."UserName"
FROM "FreshwalkUsers" AS f
WHERE f."Id" = @__p_0
LIMIT 1
2026-04-03 22:00:13.998 +03:00 [INF] HTTP GET /api/bookings/mine responded 200 in 709.2867 ms
2026-04-03 22:00:14.281 +03:00 [INF] Executed DbCommand (290ms) [Parameters=[@__customerId_0='?' (DbType = Guid)], CommandType='"Text"', CommandTimeout='30']
SELECT b."Id", b."AddOns", b."AppliedPromotions", b."BookingReference", b."BundleDiscountPercent", b."CanvasLines", b."CreatedAt", b."CustomerId", b."DiscountAmountKes", b."NubuckLines", b."PickupAddress", b."PickupLatitude", b."PickupLocationUrl", b."PickupLongitude", b."PriceKes", b."PromotionalDiscountKes", b."ShoesSubtotalGrossKes", b."SneakersLines", b."Status", b."SubtotalBeforeDiscountKes", b."SuedeLines", b."TotalPairs", p."Id", p."Amount", p."BookingId", p."CreatedAt", p."MpesaCheckoutRequestId", p."MpesaMerchantRequestId", p."MpesaReceipt", p."PayerPhoneNumber", p."PaymentReference", p."Status", o."Id", o."AgentId", o."BookingId", o."CleaningCompletedAt", o."CleaningStartedAt", o."CustomerId", o."DeliveredAt", o."DeliveryOtp", o."DeliveryOtpExpiresAt", o."DeliveryOtpVerifiedAt", o."OrderReference", o."PickedUpAt", o."PickupOtp", o."PickupOtpExpiresAt", o."PickupOtpVerifiedAt", o."Status"
FROM "Bookings" AS b
LEFT JOIN "Payments" AS p ON b."Id" = p."BookingId"
LEFT JOIN "Orders" AS o ON b."Id" = o."BookingId"
WHERE b."CustomerId" = @__customerId_0
ORDER BY b."CreatedAt" DESC
2026-04-03 22:00:14.587 +03:00 [INF] Executed DbCommand (301ms) [Parameters=[@__p_0='?' (DbType = Guid)], CommandType='"Text"', CommandTimeout='30']
SELECT f."Id", f."AccessFailedCount", f."Address", f."ConcurrencyStamp", f."CreatedAt", f."CustomerReference", f."Email", f."EmailConfirmed", f."FullName", f."IsActive", f."LockoutEnabled", f."LockoutEnd", f."NormalizedEmail", f."NormalizedUserName", f."PasswordHash", f."PhoneNumber", f."PhoneNumberConfirmed", f."SecurityStamp", f."TwoFactorEnabled", f."UserName"
FROM "FreshwalkUsers" AS f
WHERE f."Id" = @__p_0
LIMIT 1
2026-04-03 22:00:14.595 +03:00 [INF] HTTP GET /api/bookings/mine responded 200 in 811.4427 ms
2026-04-03 22:00:16.874 +03:00 [INF] HTTP OPTIONS /api/catalog/shoe-services responded 204 in 0.0363 ms
2026-04-03 22:00:16.878 +03:00 [INF] HTTP OPTIONS /api/catalog/shoe-services responded 204 in 0.0316 ms
2026-04-03 22:00:17.094 +03:00 [INF] Executed DbCommand (200ms) [Parameters=[], CommandType='"Text"', CommandTimeout='30']
SELECT s."Id", s."DisplayName", s."ImageAfterUrl", s."ImageBeforeUrl", s."Key", s."SortOrder", s."Tagline", s."ThemeColorHex", s0."Id", s0."CategoryId", s0."ColorTierKey", s0."PriceKes", s0."SortOrder", s1."Id", s1."CategoryId", s1."DiscountKind", s1."FixedOffPerPairKes", s1."IsActive", s1."Label", s1."PercentOff", s1."Priority", s1."ValidFrom", s1."ValidTo"
FROM "ShoeServiceCategories" AS s
LEFT JOIN "ShoeServiceTierPrices" AS s0 ON s."Id" = s0."CategoryId"
LEFT JOIN "ShoeServicePromotions" AS s1 ON s."Id" = s1."CategoryId"
ORDER BY s."SortOrder", s."Id", s0."Id"
2026-04-03 22:00:17.240 +03:00 [INF] HTTP OPTIONS /api/catalog/preview-pricing responded 204 in 0.0404 ms
2026-04-03 22:00:17.302 +03:00 [INF] Executed DbCommand (202ms) [Parameters=[@__p_0='?' (DbType = Guid)], CommandType='"Text"', CommandTimeout='30']
SELECT f."Id", f."AccessFailedCount", f."Address", f."ConcurrencyStamp", f."CreatedAt", f."CustomerReference", f."Email", f."EmailConfirmed", f."FullName", f."IsActive", f."LockoutEnabled", f."LockoutEnd", f."NormalizedEmail", f."NormalizedUserName", f."PasswordHash", f."PhoneNumber", f."PhoneNumberConfirmed", f."SecurityStamp", f."TwoFactorEnabled", f."UserName"
FROM "FreshwalkUsers" AS f
WHERE f."Id" = @__p_0
LIMIT 1
2026-04-03 22:00:17.304 +03:00 [INF] Executed DbCommand (202ms) [Parameters=[], CommandType='"Text"', CommandTimeout='30']
SELECT s."Id", s."DisplayName", s."ImageAfterUrl", s."ImageBeforeUrl", s."Key", s."SortOrder", s."Tagline", s."ThemeColorHex", s0."Id", s0."CategoryId", s0."ColorTierKey", s0."PriceKes", s0."SortOrder", s1."Id", s1."CategoryId", s1."DiscountKind", s1."FixedOffPerPairKes", s1."IsActive", s1."Label", s1."PercentOff", s1."Priority", s1."ValidFrom", s1."ValidTo"
FROM "ShoeServiceCategories" AS s
LEFT JOIN "ShoeServiceTierPrices" AS s0 ON s."Id" = s0."CategoryId"
LEFT JOIN "ShoeServicePromotions" AS s1 ON s."Id" = s1."CategoryId"
ORDER BY s."SortOrder", s."Id", s0."Id"
2026-04-03 22:00:17.306 +03:00 [INF] HTTP GET /api/catalog/shoe-services responded 200 in 414.5141 ms
2026-04-03 22:00:17.457 +03:00 [INF] Executed DbCommand (210ms) [Parameters=[], CommandType='"Text"', CommandTimeout='30']
SELECT s."Id", s."DisplayName", s."ImageAfterUrl", s."ImageBeforeUrl", s."Key", s."SortOrder", s."Tagline", s."ThemeColorHex", s0."Id", s0."CategoryId", s0."ColorTierKey", s0."PriceKes", s0."SortOrder", s1."Id", s1."CategoryId", s1."DiscountKind", s1."FixedOffPerPairKes", s1."IsActive", s1."Label", s1."PercentOff", s1."Priority", s1."ValidFrom", s1."ValidTo"
FROM "ShoeServiceCategories" AS s
LEFT JOIN "ShoeServiceTierPrices" AS s0 ON s."Id" = s0."CategoryId"
LEFT JOIN "ShoeServicePromotions" AS s1 ON s."Id" = s1."CategoryId"
ORDER BY s."Id", s0."Id"
2026-04-03 22:00:17.511 +03:00 [INF] Executed DbCommand (201ms) [Parameters=[@__p_0='?' (DbType = Guid)], CommandType='"Text"', CommandTimeout='30']
SELECT f."Id", f."AccessFailedCount", f."Address", f."ConcurrencyStamp", f."CreatedAt", f."CustomerReference", f."Email", f."EmailConfirmed", f."FullName", f."IsActive", f."LockoutEnabled", f."LockoutEnd", f."NormalizedEmail", f."NormalizedUserName", f."PasswordHash", f."PhoneNumber", f."PhoneNumberConfirmed", f."SecurityStamp", f."TwoFactorEnabled", f."UserName"
FROM "FreshwalkUsers" AS f
WHERE f."Id" = @__p_0
LIMIT 1
2026-04-03 22:00:17.514 +03:00 [INF] HTTP GET /api/catalog/shoe-services responded 200 in 414.0812 ms
2026-04-03 22:00:17.762 +03:00 [INF] Executed DbCommand (299ms) [Parameters=[@__p_0='?' (DbType = Guid)], CommandType='"Text"', CommandTimeout='30']
SELECT f."Id", f."AccessFailedCount", f."Address", f."ConcurrencyStamp", f."CreatedAt", f."CustomerReference", f."Email", f."EmailConfirmed", f."FullName", f."IsActive", f."LockoutEnabled", f."LockoutEnd", f."NormalizedEmail", f."NormalizedUserName", f."PasswordHash", f."PhoneNumber", f."PhoneNumberConfirmed", f."SecurityStamp", f."TwoFactorEnabled", f."UserName"
FROM "FreshwalkUsers" AS f
WHERE f."Id" = @__p_0
LIMIT 1
2026-04-03 22:00:17.771 +03:00 [INF] HTTP POST /api/catalog/preview-pricing responded 200 in 526.1988 ms
2026-04-03 22:00:27.181 +03:00 [INF] HTTP OPTIONS /api/catalog/preview-pricing responded 204 in 0.0545 ms
2026-04-03 22:00:27.392 +03:00 [INF] Executed DbCommand (204ms) [Parameters=[], CommandType='"Text"', CommandTimeout='30']
SELECT s."Id", s."DisplayName", s."ImageAfterUrl", s."ImageBeforeUrl", s."Key", s."SortOrder", s."Tagline", s."ThemeColorHex", s0."Id", s0."CategoryId", s0."ColorTierKey", s0."PriceKes", s0."SortOrder", s1."Id", s1."CategoryId", s1."DiscountKind", s1."FixedOffPerPairKes", s1."IsActive", s1."Label", s1."PercentOff", s1."Priority", s1."ValidFrom", s1."ValidTo"
FROM "ShoeServiceCategories" AS s
LEFT JOIN "ShoeServiceTierPrices" AS s0 ON s."Id" = s0."CategoryId"
LEFT JOIN "ShoeServicePromotions" AS s1 ON s."Id" = s1."CategoryId"
ORDER BY s."Id", s0."Id"
2026-04-03 22:00:27.600 +03:00 [INF] Executed DbCommand (201ms) [Parameters=[@__p_0='?' (DbType = Guid)], CommandType='"Text"', CommandTimeout='30']
SELECT f."Id", f."AccessFailedCount", f."Address", f."ConcurrencyStamp", f."CreatedAt", f."CustomerReference", f."Email", f."EmailConfirmed", f."FullName", f."IsActive", f."LockoutEnabled", f."LockoutEnd", f."NormalizedEmail", f."NormalizedUserName", f."PasswordHash", f."PhoneNumber", f."PhoneNumberConfirmed", f."SecurityStamp", f."TwoFactorEnabled", f."UserName"
FROM "FreshwalkUsers" AS f
WHERE f."Id" = @__p_0
LIMIT 1
2026-04-03 22:00:27.630 +03:00 [INF] HTTP POST /api/catalog/preview-pricing responded 200 in 443.0363 ms
2026-04-03 22:00:29.977 +03:00 [INF] Executed DbCommand (204ms) [Parameters=[], CommandType='"Text"', CommandTimeout='30']
SELECT s."Id", s."DisplayName", s."ImageAfterUrl", s."ImageBeforeUrl", s."Key", s."SortOrder", s."Tagline", s."ThemeColorHex", s0."Id", s0."CategoryId", s0."ColorTierKey", s0."PriceKes", s0."SortOrder", s1."Id", s1."CategoryId", s1."DiscountKind", s1."FixedOffPerPairKes", s1."IsActive", s1."Label", s1."PercentOff", s1."Priority", s1."ValidFrom", s1."ValidTo"
FROM "ShoeServiceCategories" AS s
LEFT JOIN "ShoeServiceTierPrices" AS s0 ON s."Id" = s0."CategoryId"
LEFT JOIN "ShoeServicePromotions" AS s1 ON s."Id" = s1."CategoryId"
ORDER BY s."Id", s0."Id"
2026-04-03 22:00:30.357 +03:00 [INF] Executed DbCommand (256ms) [Parameters=[@__p_0='?' (DbType = Guid)], CommandType='"Text"', CommandTimeout='30']
SELECT f."Id", f."AccessFailedCount", f."Address", f."ConcurrencyStamp", f."CreatedAt", f."CustomerReference", f."Email", f."EmailConfirmed", f."FullName", f."IsActive", f."LockoutEnabled", f."LockoutEnd", f."NormalizedEmail", f."NormalizedUserName", f."PasswordHash", f."PhoneNumber", f."PhoneNumberConfirmed", f."SecurityStamp", f."TwoFactorEnabled", f."UserName"
FROM "FreshwalkUsers" AS f
WHERE f."Id" = @__p_0
LIMIT 1
2026-04-03 22:00:30.363 +03:00 [INF] HTTP POST /api/catalog/preview-pricing responded 200 in 593.0018 ms
2026-04-03 22:00:31.790 +03:00 [INF] Executed DbCommand (209ms) [Parameters=[], CommandType='"Text"', CommandTimeout='30']
SELECT s."Id", s."DisplayName", s."ImageAfterUrl", s."ImageBeforeUrl", s."Key", s."SortOrder", s."Tagline", s."ThemeColorHex", s0."Id", s0."CategoryId", s0."ColorTierKey", s0."PriceKes", s0."SortOrder", s1."Id", s1."CategoryId", s1."DiscountKind", s1."FixedOffPerPairKes", s1."IsActive", s1."Label", s1."PercentOff", s1."Priority", s1."ValidFrom", s1."ValidTo"
FROM "ShoeServiceCategories" AS s
LEFT JOIN "ShoeServiceTierPrices" AS s0 ON s."Id" = s0."CategoryId"
LEFT JOIN "ShoeServicePromotions" AS s1 ON s."Id" = s1."CategoryId"
ORDER BY s."Id", s0."Id"
2026-04-03 22:00:32.098 +03:00 [INF] Executed DbCommand (302ms) [Parameters=[@__p_0='?' (DbType = Guid)], CommandType='"Text"', CommandTimeout='30']
SELECT f."Id", f."AccessFailedCount", f."Address", f."ConcurrencyStamp", f."CreatedAt", f."CustomerReference", f."Email", f."EmailConfirmed", f."FullName", f."IsActive", f."LockoutEnabled", f."LockoutEnd", f."NormalizedEmail", f."NormalizedUserName", f."PasswordHash", f."PhoneNumber", f."PhoneNumberConfirmed", f."SecurityStamp", f."TwoFactorEnabled", f."UserName"
FROM "FreshwalkUsers" AS f
WHERE f."Id" = @__p_0
LIMIT 1
2026-04-03 22:00:32.105 +03:00 [INF] HTTP POST /api/catalog/preview-pricing responded 200 in 525.0047 ms
2026-04-03 22:00:35.521 +03:00 [INF] HTTP OPTIONS /api/catalog/preview-pricing responded 204 in 0.0239 ms
2026-04-03 22:00:35.772 +03:00 [INF] Executed DbCommand (245ms) [Parameters=[], CommandType='"Text"', CommandTimeout='30']
SELECT s."Id", s."DisplayName", s."ImageAfterUrl", s."ImageBeforeUrl", s."Key", s."SortOrder", s."Tagline", s."ThemeColorHex", s0."Id", s0."CategoryId", s0."ColorTierKey", s0."PriceKes", s0."SortOrder", s1."Id", s1."CategoryId", s1."DiscountKind", s1."FixedOffPerPairKes", s1."IsActive", s1."Label", s1."PercentOff", s1."Priority", s1."ValidFrom", s1."ValidTo"
FROM "ShoeServiceCategories" AS s
LEFT JOIN "ShoeServiceTierPrices" AS s0 ON s."Id" = s0."CategoryId"
LEFT JOIN "ShoeServicePromotions" AS s1 ON s."Id" = s1."CategoryId"
ORDER BY s."Id", s0."Id"
2026-04-03 22:00:35.980 +03:00 [INF] Executed DbCommand (203ms) [Parameters=[@__p_0='?' (DbType = Guid)], CommandType='"Text"', CommandTimeout='30']
SELECT f."Id", f."AccessFailedCount", f."Address", f."ConcurrencyStamp", f."CreatedAt", f."CustomerReference", f."Email", f."EmailConfirmed", f."FullName", f."IsActive", f."LockoutEnabled", f."LockoutEnd", f."NormalizedEmail", f."NormalizedUserName", f."PasswordHash", f."PhoneNumber", f."PhoneNumberConfirmed", f."SecurityStamp", f."TwoFactorEnabled", f."UserName"
FROM "FreshwalkUsers" AS f
WHERE f."Id" = @__p_0
LIMIT 1
2026-04-03 22:00:35.986 +03:00 [INF] HTTP POST /api/catalog/preview-pricing responded 200 in 460.9287 ms
2026-04-03 22:00:41.275 +03:00 [INF] HTTP OPTIONS /api/catalog/preview-pricing responded 204 in 0.0242 ms
2026-04-03 22:00:41.519 +03:00 [INF] Executed DbCommand (236ms) [Parameters=[], CommandType='"Text"', CommandTimeout='30']
SELECT s."Id", s."DisplayName", s."ImageAfterUrl", s."ImageBeforeUrl", s."Key", s."SortOrder", s."Tagline", s."ThemeColorHex", s0."Id", s0."CategoryId", s0."ColorTierKey", s0."PriceKes", s0."SortOrder", s1."Id", s1."CategoryId", s1."DiscountKind", s1."FixedOffPerPairKes", s1."IsActive", s1."Label", s1."PercentOff", s1."Priority", s1."ValidFrom", s1."ValidTo"
FROM "ShoeServiceCategories" AS s
LEFT JOIN "ShoeServiceTierPrices" AS s0 ON s."Id" = s0."CategoryId"
LEFT JOIN "ShoeServicePromotions" AS s1 ON s."Id" = s1."CategoryId"
ORDER BY s."Id", s0."Id"
2026-04-03 22:00:41.727 +03:00 [INF] Executed DbCommand (201ms) [Parameters=[@__p_0='?' (DbType = Guid)], CommandType='"Text"', CommandTimeout='30']
SELECT f."Id", f."AccessFailedCount", f."Address", f."ConcurrencyStamp", f."CreatedAt", f."CustomerReference", f."Email", f."EmailConfirmed", f."FullName", f."IsActive", f."LockoutEnabled", f."LockoutEnd", f."NormalizedEmail", f."NormalizedUserName", f."PasswordHash", f."PhoneNumber", f."PhoneNumberConfirmed", f."SecurityStamp", f."TwoFactorEnabled", f."UserName"
FROM "FreshwalkUsers" AS f
WHERE f."Id" = @__p_0
LIMIT 1
2026-04-03 22:00:41.734 +03:00 [INF] HTTP POST /api/catalog/preview-pricing responded 200 in 453.0179 ms
2026-04-03 22:00:44.694 +03:00 [INF] Executed DbCommand (233ms) [Parameters=[], CommandType='"Text"', CommandTimeout='30']
SELECT s."Id", s."DisplayName", s."ImageAfterUrl", s."ImageBeforeUrl", s."Key", s."SortOrder", s."Tagline", s."ThemeColorHex", s0."Id", s0."CategoryId", s0."ColorTierKey", s0."PriceKes", s0."SortOrder", s1."Id", s1."CategoryId", s1."DiscountKind", s1."FixedOffPerPairKes", s1."IsActive", s1."Label", s1."PercentOff", s1."Priority", s1."ValidFrom", s1."ValidTo"
FROM "ShoeServiceCategories" AS s
LEFT JOIN "ShoeServiceTierPrices" AS s0 ON s."Id" = s0."CategoryId"
LEFT JOIN "ShoeServicePromotions" AS s1 ON s."Id" = s1."CategoryId"
ORDER BY s."Id", s0."Id"
2026-04-03 22:00:44.905 +03:00 [INF] Executed DbCommand (202ms) [Parameters=[@__p_0='?' (DbType = Guid)], CommandType='"Text"', CommandTimeout='30']
SELECT f."Id", f."AccessFailedCount", f."Address", f."ConcurrencyStamp", f."CreatedAt", f."CustomerReference", f."Email", f."EmailConfirmed", f."FullName", f."IsActive", f."LockoutEnabled", f."LockoutEnd", f."NormalizedEmail", f."NormalizedUserName", f."PasswordHash", f."PhoneNumber", f."PhoneNumberConfirmed", f."SecurityStamp", f."TwoFactorEnabled", f."UserName"
FROM "FreshwalkUsers" AS f
WHERE f."Id" = @__p_0
LIMIT 1
2026-04-03 22:00:44.910 +03:00 [INF] HTTP POST /api/catalog/preview-pricing responded 200 in 450.9494 ms
2026-04-03 22:00:48.319 +03:00 [INF] HTTP OPTIONS /api/catalog/preview-pricing responded 204 in 0.0211 ms
2026-04-03 22:00:48.585 +03:00 [INF] Executed DbCommand (260ms) [Parameters=[], CommandType='"Text"', CommandTimeout='30']
SELECT s."Id", s."DisplayName", s."ImageAfterUrl", s."ImageBeforeUrl", s."Key", s."SortOrder", s."Tagline", s."ThemeColorHex", s0."Id", s0."CategoryId", s0."ColorTierKey", s0."PriceKes", s0."SortOrder", s1."Id", s1."CategoryId", s1."DiscountKind", s1."FixedOffPerPairKes", s1."IsActive", s1."Label", s1."PercentOff", s1."Priority", s1."ValidFrom", s1."ValidTo"
FROM "ShoeServiceCategories" AS s
LEFT JOIN "ShoeServiceTierPrices" AS s0 ON s."Id" = s0."CategoryId"
LEFT JOIN "ShoeServicePromotions" AS s1 ON s."Id" = s1."CategoryId"
ORDER BY s."Id", s0."Id"
2026-04-03 22:00:48.882 +03:00 [INF] Executed DbCommand (291ms) [Parameters=[@__p_0='?' (DbType = Guid)], CommandType='"Text"', CommandTimeout='30']
SELECT f."Id", f."AccessFailedCount", f."Address", f."ConcurrencyStamp", f."CreatedAt", f."CustomerReference", f."Email", f."EmailConfirmed", f."FullName", f."IsActive", f."LockoutEnabled", f."LockoutEnd", f."NormalizedEmail", f."NormalizedUserName", f."PasswordHash", f."PhoneNumber", f."PhoneNumberConfirmed", f."SecurityStamp", f."TwoFactorEnabled", f."UserName"
FROM "FreshwalkUsers" AS f
WHERE f."Id" = @__p_0
LIMIT 1
2026-04-03 22:00:48.887 +03:00 [INF] HTTP POST /api/catalog/preview-pricing responded 200 in 563.3727 ms
2026-04-03 22:00:51.534 +03:00 [INF] Executed DbCommand (213ms) [Parameters=[], CommandType='"Text"', CommandTimeout='30']
SELECT s."Id", s."DisplayName", s."ImageAfterUrl", s."ImageBeforeUrl", s."Key", s."SortOrder", s."Tagline", s."ThemeColorHex", s0."Id", s0."CategoryId", s0."ColorTierKey", s0."PriceKes", s0."SortOrder", s1."Id", s1."CategoryId", s1."DiscountKind", s1."FixedOffPerPairKes", s1."IsActive", s1."Label", s1."PercentOff", s1."Priority", s1."ValidFrom", s1."ValidTo"
FROM "ShoeServiceCategories" AS s
LEFT JOIN "ShoeServiceTierPrices" AS s0 ON s."Id" = s0."CategoryId"
LEFT JOIN "ShoeServicePromotions" AS s1 ON s."Id" = s1."CategoryId"
ORDER BY s."Id", s0."Id"
2026-04-03 22:00:51.742 +03:00 [INF] Executed DbCommand (203ms) [Parameters=[@__p_0='?' (DbType = Guid)], CommandType='"Text"', CommandTimeout='30']
SELECT f."Id", f."AccessFailedCount", f."Address", f."ConcurrencyStamp", f."CreatedAt", f."CustomerReference", f."Email", f."EmailConfirmed", f."FullName", f."IsActive", f."LockoutEnabled", f."LockoutEnd", f."NormalizedEmail", f."NormalizedUserName", f."PasswordHash", f."PhoneNumber", f."PhoneNumberConfirmed", f."SecurityStamp", f."TwoFactorEnabled", f."UserName"
FROM "FreshwalkUsers" AS f
WHERE f."Id" = @__p_0
LIMIT 1
2026-04-03 22:00:51.749 +03:00 [INF] HTTP POST /api/catalog/preview-pricing responded 200 in 430.1880 ms
2026-04-03 22:01:56.676 +03:00 [INF] HTTP OPTIONS /api/bookings responded 204 in 0.0972 ms
2026-04-03 22:01:56.991 +03:00 [INF] Executed DbCommand (310ms) [Parameters=[], CommandType='"Text"', CommandTimeout='30']
SELECT s."Id", s."DisplayName", s."ImageAfterUrl", s."ImageBeforeUrl", s."Key", s."SortOrder", s."Tagline", s."ThemeColorHex", s0."Id", s0."CategoryId", s0."ColorTierKey", s0."PriceKes", s0."SortOrder", s1."Id", s1."CategoryId", s1."DiscountKind", s1."FixedOffPerPairKes", s1."IsActive", s1."Label", s1."PercentOff", s1."Priority", s1."ValidFrom", s1."ValidTo"
FROM "ShoeServiceCategories" AS s
LEFT JOIN "ShoeServiceTierPrices" AS s0 ON s."Id" = s0."CategoryId"
LEFT JOIN "ShoeServicePromotions" AS s1 ON s."Id" = s1."CategoryId"
ORDER BY s."Id", s0."Id"
2026-04-03 22:01:57.344 +03:00 [INF] Executed DbCommand (346ms) [Parameters=[@__code_0='?'], CommandType='"Text"', CommandTimeout='30']
SELECT EXISTS (
    SELECT 1
    FROM "Bookings" AS b
    WHERE b."BookingReference" = @__code_0)
2026-04-03 22:01:57.682 +03:00 [INF] Executed DbCommand (333ms) [Parameters=[@__code_0='?'], CommandType='"Text"', CommandTimeout='30']
SELECT EXISTS (
    SELECT 1
    FROM "Payments" AS p
    WHERE p."PaymentReference" = @__code_0)
2026-04-03 22:01:57.930 +03:00 [INF] Executed DbCommand (232ms) [Parameters=[@p0='?' (DbType = Guid), @p1='?' (DbType = Object), @p2='?' (DbType = Object), @p3='?', @p4='?' (DbType = Decimal), @p5='?' (DbType = Object), @p6='?' (DbType = DateTime), @p7='?' (DbType = Guid), @p8='?' (DbType = Decimal), @p9='?' (DbType = Object), @p10='?', @p11='?' (DbType = Double), @p12='?', @p13='?' (DbType = Double), @p14='?' (DbType = Decimal), @p15='?' (DbType = Decimal), @p16='?' (DbType = Decimal), @p17='?' (DbType = Object), @p18='?', @p19='?' (DbType = Decimal), @p20='?' (DbType = Object), @p21='?' (DbType = Int32), @p22='?' (DbType = Guid), @p23='?' (DbType = Decimal), @p24='?' (DbType = Guid), @p25='?' (DbType = DateTime), @p26='?', @p27='?', @p28='?', @p29='?', @p30='?', @p31='?'], CommandType='"Text"', CommandTimeout='30']
INSERT INTO "Bookings" ("Id", "AddOns", "AppliedPromotions", "BookingReference", "BundleDiscountPercent", "CanvasLines", "CreatedAt", "CustomerId", "DiscountAmountKes", "NubuckLines", "PickupAddress", "PickupLatitude", "PickupLocationUrl", "PickupLongitude", "PriceKes", "PromotionalDiscountKes", "ShoesSubtotalGrossKes", "SneakersLines", "Status", "SubtotalBeforeDiscountKes", "SuedeLines", "TotalPairs")
VALUES (@p0, @p1, @p2, @p3, @p4, @p5, @p6, @p7, @p8, @p9, @p10, @p11, @p12, @p13, @p14, @p15, @p16, @p17, @p18, @p19, @p20, @p21);
INSERT INTO "Payments" ("Id", "Amount", "BookingId", "CreatedAt", "MpesaCheckoutRequestId", "MpesaMerchantRequestId", "MpesaReceipt", "PayerPhoneNumber", "PaymentReference", "Status")
VALUES (@p22, @p23, @p24, @p25, @p26, @p27, @p28, @p29, @p30, @p31);
2026-04-03 22:01:58.467 +03:00 [INF] Executed DbCommand (247ms) [Parameters=[@__p_0='?' (DbType = Guid)], CommandType='"Text"', CommandTimeout='30']
SELECT f."Id", f."AccessFailedCount", f."Address", f."ConcurrencyStamp", f."CreatedAt", f."CustomerReference", f."Email", f."EmailConfirmed", f."FullName", f."IsActive", f."LockoutEnabled", f."LockoutEnd", f."NormalizedEmail", f."NormalizedUserName", f."PasswordHash", f."PhoneNumber", f."PhoneNumberConfirmed", f."SecurityStamp", f."TwoFactorEnabled", f."UserName"
FROM "FreshwalkUsers" AS f
WHERE f."Id" = @__p_0
LIMIT 1
2026-04-03 22:01:58.474 +03:00 [INF] HTTP POST /api/bookings responded 200 in 1794.8083 ms
2026-04-03 22:02:34.439 +03:00 [INF] HTTP OPTIONS /api/bookings/mine responded 204 in 0.0335 ms
2026-04-03 22:02:34.441 +03:00 [INF] HTTP OPTIONS /api/bookings/mine responded 204 in 0.0254 ms
2026-04-03 22:02:34.665 +03:00 [INF] Executed DbCommand (221ms) [Parameters=[@__customerId_0='?' (DbType = Guid)], CommandType='"Text"', CommandTimeout='30']
SELECT f."CustomerReference"
FROM "FreshwalkUsers" AS f
WHERE f."Id" = @__customerId_0
LIMIT 1
2026-04-03 22:02:34.878 +03:00 [INF] Executed DbCommand (209ms) [Parameters=[@__customerId_0='?' (DbType = Guid)], CommandType='"Text"', CommandTimeout='30']
SELECT b."Id", b."AddOns", b."AppliedPromotions", b."BookingReference", b."BundleDiscountPercent", b."CanvasLines", b."CreatedAt", b."CustomerId", b."DiscountAmountKes", b."NubuckLines", b."PickupAddress", b."PickupLatitude", b."PickupLocationUrl", b."PickupLongitude", b."PriceKes", b."PromotionalDiscountKes", b."ShoesSubtotalGrossKes", b."SneakersLines", b."Status", b."SubtotalBeforeDiscountKes", b."SuedeLines", b."TotalPairs", p."Id", p."Amount", p."BookingId", p."CreatedAt", p."MpesaCheckoutRequestId", p."MpesaMerchantRequestId", p."MpesaReceipt", p."PayerPhoneNumber", p."PaymentReference", p."Status", o."Id", o."AgentId", o."BookingId", o."CleaningCompletedAt", o."CleaningStartedAt", o."CustomerId", o."DeliveredAt", o."DeliveryOtp", o."DeliveryOtpExpiresAt", o."DeliveryOtpVerifiedAt", o."OrderReference", o."PickedUpAt", o."PickupOtp", o."PickupOtpExpiresAt", o."PickupOtpVerifiedAt", o."Status"
FROM "Bookings" AS b
LEFT JOIN "Payments" AS p ON b."Id" = p."BookingId"
LEFT JOIN "Orders" AS o ON b."Id" = o."BookingId"
WHERE b."CustomerId" = @__customerId_0
ORDER BY b."CreatedAt" DESC
2026-04-03 22:02:35.186 +03:00 [INF] Executed DbCommand (300ms) [Parameters=[@__customerId_0='?' (DbType = Guid)], CommandType='"Text"', CommandTimeout='30']
SELECT f."CustomerReference"
FROM "FreshwalkUsers" AS f
WHERE f."Id" = @__customerId_0
LIMIT 1
2026-04-03 22:02:35.186 +03:00 [INF] Executed DbCommand (301ms) [Parameters=[@__p_0='?' (DbType = Guid)], CommandType='"Text"', CommandTimeout='30']
SELECT f."Id", f."AccessFailedCount", f."Address", f."ConcurrencyStamp", f."CreatedAt", f."CustomerReference", f."Email", f."EmailConfirmed", f."FullName", f."IsActive", f."LockoutEnabled", f."LockoutEnd", f."NormalizedEmail", f."NormalizedUserName", f."PasswordHash", f."PhoneNumber", f."PhoneNumberConfirmed", f."SecurityStamp", f."TwoFactorEnabled", f."UserName"
FROM "FreshwalkUsers" AS f
WHERE f."Id" = @__p_0
LIMIT 1
2026-04-03 22:02:35.190 +03:00 [INF] HTTP GET /api/bookings/mine responded 200 in 746.9225 ms
2026-04-03 22:02:35.393 +03:00 [INF] Executed DbCommand (206ms) [Parameters=[@__customerId_0='?' (DbType = Guid)], CommandType='"Text"', CommandTimeout='30']
SELECT b."Id", b."AddOns", b."AppliedPromotions", b."BookingReference", b."BundleDiscountPercent", b."CanvasLines", b."CreatedAt", b."CustomerId", b."DiscountAmountKes", b."NubuckLines", b."PickupAddress", b."PickupLatitude", b."PickupLocationUrl", b."PickupLongitude", b."PriceKes", b."PromotionalDiscountKes", b."ShoesSubtotalGrossKes", b."SneakersLines", b."Status", b."SubtotalBeforeDiscountKes", b."SuedeLines", b."TotalPairs", p."Id", p."Amount", p."BookingId", p."CreatedAt", p."MpesaCheckoutRequestId", p."MpesaMerchantRequestId", p."MpesaReceipt", p."PayerPhoneNumber", p."PaymentReference", p."Status", o."Id", o."AgentId", o."BookingId", o."CleaningCompletedAt", o."CleaningStartedAt", o."CustomerId", o."DeliveredAt", o."DeliveryOtp", o."DeliveryOtpExpiresAt", o."DeliveryOtpVerifiedAt", o."OrderReference", o."PickedUpAt", o."PickupOtp", o."PickupOtpExpiresAt", o."PickupOtpVerifiedAt", o."Status"
FROM "Bookings" AS b
LEFT JOIN "Payments" AS p ON b."Id" = p."BookingId"
LEFT JOIN "Orders" AS o ON b."Id" = o."BookingId"
WHERE b."CustomerId" = @__customerId_0
ORDER BY b."CreatedAt" DESC
2026-04-03 22:02:35.618 +03:00 [INF] Executed DbCommand (219ms) [Parameters=[@__p_0='?' (DbType = Guid)], CommandType='"Text"', CommandTimeout='30']
SELECT f."Id", f."AccessFailedCount", f."Address", f."ConcurrencyStamp", f."CreatedAt", f."CustomerReference", f."Email", f."EmailConfirmed", f."FullName", f."IsActive", f."LockoutEnabled", f."LockoutEnd", f."NormalizedEmail", f."NormalizedUserName", f."PasswordHash", f."PhoneNumber", f."PhoneNumberConfirmed", f."SecurityStamp", f."TwoFactorEnabled", f."UserName"
FROM "FreshwalkUsers" AS f
WHERE f."Id" = @__p_0
LIMIT 1
2026-04-03 22:02:35.624 +03:00 [INF] HTTP GET /api/bookings/mine responded 200 in 739.5604 ms
2026-04-03 22:02:57.405 +03:00 [INF] Application is shutting down...
2026-04-03 22:03:08.279 +03:00 [INF] Executed DbCommand (298ms) [Parameters=[], CommandType='"Text"', CommandTimeout='30']
SELECT "MigrationId", "ProductVersion"
FROM "__EFMigrationsHistory"
ORDER BY "MigrationId";
2026-04-03 22:03:10.762 +03:00 [INF] Executed DbCommand (286ms) [Parameters=[], CommandType='"Text"', CommandTimeout='30']
CREATE TABLE IF NOT EXISTS "__EFMigrationsHistory" (
    "MigrationId" character varying(150) NOT NULL,
    "ProductVersion" character varying(32) NOT NULL,
    CONSTRAINT "PK___EFMigrationsHistory" PRIMARY KEY ("MigrationId")
);
2026-04-03 22:03:11.149 +03:00 [INF] Executed DbCommand (372ms) [Parameters=[], CommandType='"Text"', CommandTimeout='30']
LOCK TABLE "__EFMigrationsHistory" IN ACCESS EXCLUSIVE MODE
2026-04-03 22:03:11.436 +03:00 [INF] Executed DbCommand (283ms) [Parameters=[], CommandType='"Text"', CommandTimeout='30']
SELECT "MigrationId", "ProductVersion"
FROM "__EFMigrationsHistory"
ORDER BY "MigrationId";
2026-04-03 22:03:11.445 +03:00 [INF] No migrations were applied. The database is already up to date.
2026-04-03 22:03:12.042 +03:00 [INF] Executed DbCommand (224ms) [Parameters=[], CommandType='"Text"', CommandTimeout='30']
SELECT EXISTS (
    SELECT 1
    FROM "ShoeServiceCategories" AS s)
2026-04-03 22:03:12.357 +03:00 [INF] Executed DbCommand (264ms) [Parameters=[], CommandType='"Text"', CommandTimeout='30']
SELECT EXISTS (
    SELECT 1
    FROM "ShoeServicePromotions" AS s)
2026-04-03 22:03:12.665 +03:00 [INF] Executed DbCommand (234ms) [Parameters=[@__normalizedEmail_0='?'], CommandType='"Text"', CommandTimeout='30']
SELECT f."Id", f."AccessFailedCount", f."Address", f."ConcurrencyStamp", f."CreatedAt", f."CustomerReference", f."Email", f."EmailConfirmed", f."FullName", f."IsActive", f."LockoutEnabled", f."LockoutEnd", f."NormalizedEmail", f."NormalizedUserName", f."PasswordHash", f."PhoneNumber", f."PhoneNumberConfirmed", f."SecurityStamp", f."TwoFactorEnabled", f."UserName"
FROM "FreshwalkUsers" AS f
WHERE f."NormalizedEmail" = @__normalizedEmail_0
LIMIT 2
2026-04-03 22:03:12.971 +03:00 [INF] Executed DbCommand (242ms) [Parameters=[@__normalizedEmail_0='?'], CommandType='"Text"', CommandTimeout='30']
SELECT f."Id", f."AccessFailedCount", f."Address", f."ConcurrencyStamp", f."CreatedAt", f."CustomerReference", f."Email", f."EmailConfirmed", f."FullName", f."IsActive", f."LockoutEnabled", f."LockoutEnd", f."NormalizedEmail", f."NormalizedUserName", f."PasswordHash", f."PhoneNumber", f."PhoneNumberConfirmed", f."SecurityStamp", f."TwoFactorEnabled", f."UserName"
FROM "FreshwalkUsers" AS f
WHERE f."NormalizedEmail" = @__normalizedEmail_0
LIMIT 2
2026-04-03 22:03:13.177 +03:00 [INF] Executed DbCommand (201ms) [Parameters=[@__normalizedEmail_0='?'], CommandType='"Text"', CommandTimeout='30']
SELECT f."Id", f."AccessFailedCount", f."Address", f."ConcurrencyStamp", f."CreatedAt", f."CustomerReference", f."Email", f."EmailConfirmed", f."FullName", f."IsActive", f."LockoutEnabled", f."LockoutEnd", f."NormalizedEmail", f."NormalizedUserName", f."PasswordHash", f."PhoneNumber", f."PhoneNumberConfirmed", f."SecurityStamp", f."TwoFactorEnabled", f."UserName"
FROM "FreshwalkUsers" AS f
WHERE f."NormalizedEmail" = @__normalizedEmail_0
LIMIT 2
2026-04-03 22:03:13.391 +03:00 [INF] Executed DbCommand (203ms) [Parameters=[@__normalizedEmail_0='?'], CommandType='"Text"', CommandTimeout='30']
SELECT f."Id", f."AccessFailedCount", f."Address", f."ConcurrencyStamp", f."CreatedAt", f."CustomerReference", f."Email", f."EmailConfirmed", f."FullName", f."IsActive", f."LockoutEnabled", f."LockoutEnd", f."NormalizedEmail", f."NormalizedUserName", f."PasswordHash", f."PhoneNumber", f."PhoneNumberConfirmed", f."SecurityStamp", f."TwoFactorEnabled", f."UserName"
FROM "FreshwalkUsers" AS f
WHERE f."NormalizedEmail" = @__normalizedEmail_0
LIMIT 2
2026-04-03 22:03:13.470 +03:00 [INF] Now listening on: http://localhost:5089
2026-04-03 22:03:13.474 +03:00 [INF] Application started. Press Ctrl+C to shut down.
2026-04-03 22:03:13.475 +03:00 [INF] Hosting environment: Development
2026-04-03 22:03:13.478 +03:00 [INF] Content root path: D:\Projects\Freshwalk Shoe Cleaning web app\API\Freshwalk.API
2026-04-03 22:03:39.689 +03:00 [INF] HTTP OPTIONS /api/catalog/shoe-services responded 204 in 3.8577 ms
2026-04-03 22:03:39.689 +03:00 [INF] HTTP OPTIONS /api/catalog/shoe-services responded 204 in 3.8440 ms
2026-04-03 22:03:39.919 +03:00 [INF] HTTP OPTIONS /api/catalog/preview-pricing responded 204 in 0.1561 ms
2026-04-03 22:03:40.090 +03:00 [WRN] Compiling a query which loads related collections for more than one collection navigation, either via 'Include' or through projection, but no 'QuerySplittingBehavior' has been configured. By default, Entity Framework will use 'QuerySplittingBehavior.SingleQuery', which can potentially result in slow query performance. See https://go.microsoft.com/fwlink/?linkid=2134277 for more information. To identify the query that's triggering this warning call 'ConfigureWarnings(w => w.Throw(RelationalEventId.MultipleCollectionIncludeWarning))'.
2026-04-03 22:03:40.150 +03:00 [WRN] Compiling a query which loads related collections for more than one collection navigation, either via 'Include' or through projection, but no 'QuerySplittingBehavior' has been configured. By default, Entity Framework will use 'QuerySplittingBehavior.SingleQuery', which can potentially result in slow query performance. See https://go.microsoft.com/fwlink/?linkid=2134277 for more information. To identify the query that's triggering this warning call 'ConfigureWarnings(w => w.Throw(RelationalEventId.MultipleCollectionIncludeWarning))'.
2026-04-03 22:03:40.405 +03:00 [INF] Executed DbCommand (278ms) [Parameters=[], CommandType='"Text"', CommandTimeout='30']
SELECT s."Id", s."DisplayName", s."ImageAfterUrl", s."ImageBeforeUrl", s."Key", s."SortOrder", s."Tagline", s."ThemeColorHex", s0."Id", s0."CategoryId", s0."ColorTierKey", s0."PriceKes", s0."SortOrder", s1."Id", s1."CategoryId", s1."DiscountKind", s1."FixedOffPerPairKes", s1."IsActive", s1."Label", s1."PercentOff", s1."Priority", s1."ValidFrom", s1."ValidTo"
FROM "ShoeServiceCategories" AS s
LEFT JOIN "ShoeServiceTierPrices" AS s0 ON s."Id" = s0."CategoryId"
LEFT JOIN "ShoeServicePromotions" AS s1 ON s."Id" = s1."CategoryId"
ORDER BY s."SortOrder", s."Id", s0."Id"
2026-04-03 22:03:40.783 +03:00 [INF] Executed DbCommand (207ms) [Parameters=[], CommandType='"Text"', CommandTimeout='30']
SELECT s."Id", s."DisplayName", s."ImageAfterUrl", s."ImageBeforeUrl", s."Key", s."SortOrder", s."Tagline", s."ThemeColorHex", s0."Id", s0."CategoryId", s0."ColorTierKey", s0."PriceKes", s0."SortOrder", s1."Id", s1."CategoryId", s1."DiscountKind", s1."FixedOffPerPairKes", s1."IsActive", s1."Label", s1."PercentOff", s1."Priority", s1."ValidFrom", s1."ValidTo"
FROM "ShoeServiceCategories" AS s
LEFT JOIN "ShoeServiceTierPrices" AS s0 ON s."Id" = s0."CategoryId"
LEFT JOIN "ShoeServicePromotions" AS s1 ON s."Id" = s1."CategoryId"
ORDER BY s."SortOrder", s."Id", s0."Id"
2026-04-03 22:03:41.006 +03:00 [INF] Executed DbCommand (215ms) [Parameters=[@__p_0='?' (DbType = Guid)], CommandType='"Text"', CommandTimeout='30']
SELECT f."Id", f."AccessFailedCount", f."Address", f."ConcurrencyStamp", f."CreatedAt", f."CustomerReference", f."Email", f."EmailConfirmed", f."FullName", f."IsActive", f."LockoutEnabled", f."LockoutEnd", f."NormalizedEmail", f."NormalizedUserName", f."PasswordHash", f."PhoneNumber", f."PhoneNumberConfirmed", f."SecurityStamp", f."TwoFactorEnabled", f."UserName"
FROM "FreshwalkUsers" AS f
WHERE f."Id" = @__p_0
LIMIT 1
2026-04-03 22:03:41.026 +03:00 [INF] HTTP GET /api/catalog/shoe-services responded 200 in 474.6731 ms
2026-04-03 22:03:41.771 +03:00 [INF] Executed DbCommand (222ms) [Parameters=[], CommandType='"Text"', CommandTimeout='30']
SELECT s."Id", s."DisplayName", s."ImageAfterUrl", s."ImageBeforeUrl", s."Key", s."SortOrder", s."Tagline", s."ThemeColorHex", s0."Id", s0."CategoryId", s0."ColorTierKey", s0."PriceKes", s0."SortOrder", s1."Id", s1."CategoryId", s1."DiscountKind", s1."FixedOffPerPairKes", s1."IsActive", s1."Label", s1."PercentOff", s1."Priority", s1."ValidFrom", s1."ValidTo"
FROM "ShoeServiceCategories" AS s
LEFT JOIN "ShoeServiceTierPrices" AS s0 ON s."Id" = s0."CategoryId"
LEFT JOIN "ShoeServicePromotions" AS s1 ON s."Id" = s1."CategoryId"
ORDER BY s."Id", s0."Id"
2026-04-03 22:03:42.015 +03:00 [INF] Executed DbCommand (203ms) [Parameters=[@__p_0='?' (DbType = Guid)], CommandType='"Text"', CommandTimeout='30']
SELECT f."Id", f."AccessFailedCount", f."Address", f."ConcurrencyStamp", f."CreatedAt", f."CustomerReference", f."Email", f."EmailConfirmed", f."FullName", f."IsActive", f."LockoutEnabled", f."LockoutEnd", f."NormalizedEmail", f."NormalizedUserName", f."PasswordHash", f."PhoneNumber", f."PhoneNumberConfirmed", f."SecurityStamp", f."TwoFactorEnabled", f."UserName"
FROM "FreshwalkUsers" AS f
WHERE f."Id" = @__p_0
LIMIT 1
2026-04-03 22:03:42.021 +03:00 [INF] HTTP POST /api/catalog/preview-pricing responded 200 in 2095.4586 ms
2026-04-03 22:03:42.088 +03:00 [INF] Executed DbCommand (219ms) [Parameters=[@__p_0='?' (DbType = Guid)], CommandType='"Text"', CommandTimeout='30']
SELECT f."Id", f."AccessFailedCount", f."Address", f."ConcurrencyStamp", f."CreatedAt", f."CustomerReference", f."Email", f."EmailConfirmed", f."FullName", f."IsActive", f."LockoutEnabled", f."LockoutEnd", f."NormalizedEmail", f."NormalizedUserName", f."PasswordHash", f."PhoneNumber", f."PhoneNumberConfirmed", f."SecurityStamp", f."TwoFactorEnabled", f."UserName"
FROM "FreshwalkUsers" AS f
WHERE f."Id" = @__p_0
LIMIT 1
2026-04-03 22:03:42.096 +03:00 [INF] HTTP GET /api/catalog/shoe-services responded 200 in 2371.4821 ms
2026-04-03 22:03:45.044 +03:00 [INF] HTTP OPTIONS /api/catalog/preview-pricing responded 204 in 0.1204 ms
2026-04-03 22:03:45.269 +03:00 [INF] Executed DbCommand (214ms) [Parameters=[], CommandType='"Text"', CommandTimeout='30']
SELECT s."Id", s."DisplayName", s."ImageAfterUrl", s."ImageBeforeUrl", s."Key", s."SortOrder", s."Tagline", s."ThemeColorHex", s0."Id", s0."CategoryId", s0."ColorTierKey", s0."PriceKes", s0."SortOrder", s1."Id", s1."CategoryId", s1."DiscountKind", s1."FixedOffPerPairKes", s1."IsActive", s1."Label", s1."PercentOff", s1."Priority", s1."ValidFrom", s1."ValidTo"
FROM "ShoeServiceCategories" AS s
LEFT JOIN "ShoeServiceTierPrices" AS s0 ON s."Id" = s0."CategoryId"
LEFT JOIN "ShoeServicePromotions" AS s1 ON s."Id" = s1."CategoryId"
ORDER BY s."Id", s0."Id"
2026-04-03 22:03:45.535 +03:00 [INF] Executed DbCommand (261ms) [Parameters=[@__p_0='?' (DbType = Guid)], CommandType='"Text"', CommandTimeout='30']
SELECT f."Id", f."AccessFailedCount", f."Address", f."ConcurrencyStamp", f."CreatedAt", f."CustomerReference", f."Email", f."EmailConfirmed", f."FullName", f."IsActive", f."LockoutEnabled", f."LockoutEnd", f."NormalizedEmail", f."NormalizedUserName", f."PasswordHash", f."PhoneNumber", f."PhoneNumberConfirmed", f."SecurityStamp", f."TwoFactorEnabled", f."UserName"
FROM "FreshwalkUsers" AS f
WHERE f."Id" = @__p_0
LIMIT 1
2026-04-03 22:03:45.541 +03:00 [INF] HTTP POST /api/catalog/preview-pricing responded 200 in 490.8404 ms
2026-04-03 22:03:51.105 +03:00 [INF] HTTP OPTIONS /api/catalog/preview-pricing responded 204 in 0.1003 ms
2026-04-03 22:03:51.782 +03:00 [INF] Executed DbCommand (669ms) [Parameters=[], CommandType='"Text"', CommandTimeout='30']
SELECT s."Id", s."DisplayName", s."ImageAfterUrl", s."ImageBeforeUrl", s."Key", s."SortOrder", s."Tagline", s."ThemeColorHex", s0."Id", s0."CategoryId", s0."ColorTierKey", s0."PriceKes", s0."SortOrder", s1."Id", s1."CategoryId", s1."DiscountKind", s1."FixedOffPerPairKes", s1."IsActive", s1."Label", s1."PercentOff", s1."Priority", s1."ValidFrom", s1."ValidTo"
FROM "ShoeServiceCategories" AS s
LEFT JOIN "ShoeServiceTierPrices" AS s0 ON s."Id" = s0."CategoryId"
LEFT JOIN "ShoeServicePromotions" AS s1 ON s."Id" = s1."CategoryId"
ORDER BY s."Id", s0."Id"
2026-04-03 22:03:52.227 +03:00 [INF] Executed DbCommand (437ms) [Parameters=[@__p_0='?' (DbType = Guid)], CommandType='"Text"', CommandTimeout='30']
SELECT f."Id", f."AccessFailedCount", f."Address", f."ConcurrencyStamp", f."CreatedAt", f."CustomerReference", f."Email", f."EmailConfirmed", f."FullName", f."IsActive", f."LockoutEnabled", f."LockoutEnd", f."NormalizedEmail", f."NormalizedUserName", f."PasswordHash", f."PhoneNumber", f."PhoneNumberConfirmed", f."SecurityStamp", f."TwoFactorEnabled", f."UserName"
FROM "FreshwalkUsers" AS f
WHERE f."Id" = @__p_0
LIMIT 1
2026-04-03 22:03:52.236 +03:00 [INF] HTTP POST /api/catalog/preview-pricing responded 200 in 1125.5324 ms
2026-04-03 22:03:53.164 +03:00 [INF] Executed DbCommand (328ms) [Parameters=[], CommandType='"Text"', CommandTimeout='30']
SELECT s."Id", s."DisplayName", s."ImageAfterUrl", s."ImageBeforeUrl", s."Key", s."SortOrder", s."Tagline", s."ThemeColorHex", s0."Id", s0."CategoryId", s0."ColorTierKey", s0."PriceKes", s0."SortOrder", s1."Id", s1."CategoryId", s1."DiscountKind", s1."FixedOffPerPairKes", s1."IsActive", s1."Label", s1."PercentOff", s1."Priority", s1."ValidFrom", s1."ValidTo"
FROM "ShoeServiceCategories" AS s
LEFT JOIN "ShoeServiceTierPrices" AS s0 ON s."Id" = s0."CategoryId"
LEFT JOIN "ShoeServicePromotions" AS s1 ON s."Id" = s1."CategoryId"
ORDER BY s."Id", s0."Id"
2026-04-03 22:03:53.381 +03:00 [INF] Executed DbCommand (210ms) [Parameters=[@__p_0='?' (DbType = Guid)], CommandType='"Text"', CommandTimeout='30']
SELECT f."Id", f."AccessFailedCount", f."Address", f."ConcurrencyStamp", f."CreatedAt", f."CustomerReference", f."Email", f."EmailConfirmed", f."FullName", f."IsActive", f."LockoutEnabled", f."LockoutEnd", f."NormalizedEmail", f."NormalizedUserName", f."PasswordHash", f."PhoneNumber", f."PhoneNumberConfirmed", f."SecurityStamp", f."TwoFactorEnabled", f."UserName"
FROM "FreshwalkUsers" AS f
WHERE f."Id" = @__p_0
LIMIT 1
2026-04-03 22:03:53.388 +03:00 [INF] HTTP POST /api/catalog/preview-pricing responded 200 in 555.5769 ms
2026-04-03 22:03:54.826 +03:00 [INF] Executed DbCommand (259ms) [Parameters=[], CommandType='"Text"', CommandTimeout='30']
SELECT s."Id", s."DisplayName", s."ImageAfterUrl", s."ImageBeforeUrl", s."Key", s."SortOrder", s."Tagline", s."ThemeColorHex", s0."Id", s0."CategoryId", s0."ColorTierKey", s0."PriceKes", s0."SortOrder", s1."Id", s1."CategoryId", s1."DiscountKind", s1."FixedOffPerPairKes", s1."IsActive", s1."Label", s1."PercentOff", s1."Priority", s1."ValidFrom", s1."ValidTo"
FROM "ShoeServiceCategories" AS s
LEFT JOIN "ShoeServiceTierPrices" AS s0 ON s."Id" = s0."CategoryId"
LEFT JOIN "ShoeServicePromotions" AS s1 ON s."Id" = s1."CategoryId"
ORDER BY s."Id", s0."Id"
2026-04-03 22:03:55.034 +03:00 [INF] Executed DbCommand (201ms) [Parameters=[@__p_0='?' (DbType = Guid)], CommandType='"Text"', CommandTimeout='30']
SELECT f."Id", f."AccessFailedCount", f."Address", f."ConcurrencyStamp", f."CreatedAt", f."CustomerReference", f."Email", f."EmailConfirmed", f."FullName", f."IsActive", f."LockoutEnabled", f."LockoutEnd", f."NormalizedEmail", f."NormalizedUserName", f."PasswordHash", f."PhoneNumber", f."PhoneNumberConfirmed", f."SecurityStamp", f."TwoFactorEnabled", f."UserName"
FROM "FreshwalkUsers" AS f
WHERE f."Id" = @__p_0
LIMIT 1
2026-04-03 22:03:55.040 +03:00 [INF] HTTP POST /api/catalog/preview-pricing responded 200 in 475.2175 ms
2026-04-03 22:04:00.253 +03:00 [INF] HTTP OPTIONS /api/catalog/preview-pricing responded 204 in 0.2252 ms
2026-04-03 22:04:00.599 +03:00 [INF] Executed DbCommand (339ms) [Parameters=[], CommandType='"Text"', CommandTimeout='30']
SELECT s."Id", s."DisplayName", s."ImageAfterUrl", s."ImageBeforeUrl", s."Key", s."SortOrder", s."Tagline", s."ThemeColorHex", s0."Id", s0."CategoryId", s0."ColorTierKey", s0."PriceKes", s0."SortOrder", s1."Id", s1."CategoryId", s1."DiscountKind", s1."FixedOffPerPairKes", s1."IsActive", s1."Label", s1."PercentOff", s1."Priority", s1."ValidFrom", s1."ValidTo"
FROM "ShoeServiceCategories" AS s
LEFT JOIN "ShoeServiceTierPrices" AS s0 ON s."Id" = s0."CategoryId"
LEFT JOIN "ShoeServicePromotions" AS s1 ON s."Id" = s1."CategoryId"
ORDER BY s."Id", s0."Id"
2026-04-03 22:04:00.895 +03:00 [INF] Executed DbCommand (284ms) [Parameters=[@__p_0='?' (DbType = Guid)], CommandType='"Text"', CommandTimeout='30']
SELECT f."Id", f."AccessFailedCount", f."Address", f."ConcurrencyStamp", f."CreatedAt", f."CustomerReference", f."Email", f."EmailConfirmed", f."FullName", f."IsActive", f."LockoutEnabled", f."LockoutEnd", f."NormalizedEmail", f."NormalizedUserName", f."PasswordHash", f."PhoneNumber", f."PhoneNumberConfirmed", f."SecurityStamp", f."TwoFactorEnabled", f."UserName"
FROM "FreshwalkUsers" AS f
WHERE f."Id" = @__p_0
LIMIT 1
2026-04-03 22:04:00.902 +03:00 [INF] HTTP POST /api/catalog/preview-pricing responded 200 in 644.4200 ms
2026-04-03 22:04:03.968 +03:00 [INF] Executed DbCommand (323ms) [Parameters=[], CommandType='"Text"', CommandTimeout='30']
SELECT s."Id", s."DisplayName", s."ImageAfterUrl", s."ImageBeforeUrl", s."Key", s."SortOrder", s."Tagline", s."ThemeColorHex", s0."Id", s0."CategoryId", s0."ColorTierKey", s0."PriceKes", s0."SortOrder", s1."Id", s1."CategoryId", s1."DiscountKind", s1."FixedOffPerPairKes", s1."IsActive", s1."Label", s1."PercentOff", s1."Priority", s1."ValidFrom", s1."ValidTo"
FROM "ShoeServiceCategories" AS s
LEFT JOIN "ShoeServiceTierPrices" AS s0 ON s."Id" = s0."CategoryId"
LEFT JOIN "ShoeServicePromotions" AS s1 ON s."Id" = s1."CategoryId"
ORDER BY s."Id", s0."Id"
2026-04-03 22:04:04.184 +03:00 [INF] Executed DbCommand (209ms) [Parameters=[@__p_0='?' (DbType = Guid)], CommandType='"Text"', CommandTimeout='30']
SELECT f."Id", f."AccessFailedCount", f."Address", f."ConcurrencyStamp", f."CreatedAt", f."CustomerReference", f."Email", f."EmailConfirmed", f."FullName", f."IsActive", f."LockoutEnabled", f."LockoutEnd", f."NormalizedEmail", f."NormalizedUserName", f."PasswordHash", f."PhoneNumber", f."PhoneNumberConfirmed", f."SecurityStamp", f."TwoFactorEnabled", f."UserName"
FROM "FreshwalkUsers" AS f
WHERE f."Id" = @__p_0
LIMIT 1
2026-04-03 22:04:04.190 +03:00 [INF] HTTP POST /api/catalog/preview-pricing responded 200 in 549.3954 ms
2026-04-03 22:05:33.380 +03:00 [INF] HTTP OPTIONS /api/bookings responded 204 in 0.2434 ms
2026-04-03 22:05:33.849 +03:00 [INF] Executed DbCommand (415ms) [Parameters=[], CommandType='"Text"', CommandTimeout='30']
SELECT s."Id", s."DisplayName", s."ImageAfterUrl", s."ImageBeforeUrl", s."Key", s."SortOrder", s."Tagline", s."ThemeColorHex", s0."Id", s0."CategoryId", s0."ColorTierKey", s0."PriceKes", s0."SortOrder", s1."Id", s1."CategoryId", s1."DiscountKind", s1."FixedOffPerPairKes", s1."IsActive", s1."Label", s1."PercentOff", s1."Priority", s1."ValidFrom", s1."ValidTo"
FROM "ShoeServiceCategories" AS s
LEFT JOIN "ShoeServiceTierPrices" AS s0 ON s."Id" = s0."CategoryId"
LEFT JOIN "ShoeServicePromotions" AS s1 ON s."Id" = s1."CategoryId"
ORDER BY s."Id", s0."Id"
2026-04-03 22:05:34.131 +03:00 [INF] Executed DbCommand (263ms) [Parameters=[@__code_0='?'], CommandType='"Text"', CommandTimeout='30']
SELECT EXISTS (
    SELECT 1
    FROM "Bookings" AS b
    WHERE b."BookingReference" = @__code_0)
2026-04-03 22:05:34.388 +03:00 [INF] Executed DbCommand (243ms) [Parameters=[@__code_0='?'], CommandType='"Text"', CommandTimeout='30']
SELECT EXISTS (
    SELECT 1
    FROM "Payments" AS p
    WHERE p."PaymentReference" = @__code_0)
2026-04-03 22:05:35.006 +03:00 [INF] Executed DbCommand (235ms) [Parameters=[@p0='?' (DbType = Guid), @p1='?' (DbType = Object), @p2='?' (DbType = Object), @p3='?', @p4='?' (DbType = Decimal), @p5='?' (DbType = Object), @p6='?' (DbType = DateTime), @p7='?' (DbType = Guid), @p8='?' (DbType = Decimal), @p9='?' (DbType = Object), @p10='?', @p11='?' (DbType = Double), @p12='?', @p13='?' (DbType = Double), @p14='?' (DbType = Decimal), @p15='?' (DbType = Decimal), @p16='?' (DbType = Decimal), @p17='?' (DbType = Object), @p18='?', @p19='?' (DbType = Decimal), @p20='?' (DbType = Object), @p21='?' (DbType = Int32), @p22='?' (DbType = Guid), @p23='?' (DbType = Decimal), @p24='?' (DbType = Guid), @p25='?' (DbType = DateTime), @p26='?', @p27='?', @p28='?', @p29='?', @p30='?', @p31='?'], CommandType='"Text"', CommandTimeout='30']
INSERT INTO "Bookings" ("Id", "AddOns", "AppliedPromotions", "BookingReference", "BundleDiscountPercent", "CanvasLines", "CreatedAt", "CustomerId", "DiscountAmountKes", "NubuckLines", "PickupAddress", "PickupLatitude", "PickupLocationUrl", "PickupLongitude", "PriceKes", "PromotionalDiscountKes", "ShoesSubtotalGrossKes", "SneakersLines", "Status", "SubtotalBeforeDiscountKes", "SuedeLines", "TotalPairs")
VALUES (@p0, @p1, @p2, @p3, @p4, @p5, @p6, @p7, @p8, @p9, @p10, @p11, @p12, @p13, @p14, @p15, @p16, @p17, @p18, @p19, @p20, @p21);
INSERT INTO "Payments" ("Id", "Amount", "BookingId", "CreatedAt", "MpesaCheckoutRequestId", "MpesaMerchantRequestId", "MpesaReceipt", "PayerPhoneNumber", "PaymentReference", "Status")
VALUES (@p22, @p23, @p24, @p25, @p26, @p27, @p28, @p29, @p30, @p31);
2026-04-03 22:05:35.499 +03:00 [INF] Executed DbCommand (213ms) [Parameters=[@__p_0='?' (DbType = Guid)], CommandType='"Text"', CommandTimeout='30']
SELECT f."Id", f."AccessFailedCount", f."Address", f."ConcurrencyStamp", f."CreatedAt", f."CustomerReference", f."Email", f."EmailConfirmed", f."FullName", f."IsActive", f."LockoutEnabled", f."LockoutEnd", f."NormalizedEmail", f."NormalizedUserName", f."PasswordHash", f."PhoneNumber", f."PhoneNumberConfirmed", f."SecurityStamp", f."TwoFactorEnabled", f."UserName"
FROM "FreshwalkUsers" AS f
WHERE f."Id" = @__p_0
LIMIT 1
2026-04-03 22:05:35.569 +03:00 [INF] HTTP POST /api/bookings responded 200 in 2184.8980 ms
2026-04-03 22:06:19.800 +03:00 [INF] Application is shutting down...
