2026-03-29 13:01:58.959 +03:00 [INF] Executed DbCommand (182ms) [Parameters=[], CommandType='"Text"', CommandTimeout='30']
SELECT "MigrationId", "ProductVersion"
FROM "__EFMigrationsHistory"
ORDER BY "MigrationId";
2026-03-29 13:02:00.571 +03:00 [INF] Executed DbCommand (173ms) [Parameters=[], CommandType='"Text"', CommandTimeout='30']
CREATE TABLE IF NOT EXISTS "__EFMigrationsHistory" (
    "MigrationId" character varying(150) NOT NULL,
    "ProductVersion" character varying(32) NOT NULL,
    CONSTRAINT "PK___EFMigrationsHistory" PRIMARY KEY ("MigrationId")
);
2026-03-29 13:02:00.745 +03:00 [INF] Executed DbCommand (158ms) [Parameters=[], CommandType='"Text"', CommandTimeout='30']
LOCK TABLE "__EFMigrationsHistory" IN ACCESS EXCLUSIVE MODE
2026-03-29 13:02:00.936 +03:00 [INF] Executed DbCommand (158ms) [Parameters=[], CommandType='"Text"', CommandTimeout='30']
SELECT "MigrationId", "ProductVersion"
FROM "__EFMigrationsHistory"
ORDER BY "MigrationId";
2026-03-29 13:02:00.953 +03:00 [INF] Applying migration '20260329095748_OrderOtpCodesAndPayerPhone'.
2026-03-29 13:02:01.208 +03:00 [INF] Executed DbCommand (228ms) [Parameters=[], CommandType='"Text"', CommandTimeout='30']
ALTER TABLE "Payments" ADD "PayerPhoneNumber" character varying(20);
2026-03-29 13:02:01.418 +03:00 [INF] Executed DbCommand (206ms) [Parameters=[], CommandType='"Text"', CommandTimeout='30']
CREATE TABLE "OrderOtpCodes" (
    "Id" uuid NOT NULL,
    "OrderId" uuid NOT NULL,
    "OtpKind" character varying(20) NOT NULL,
    "Code" character varying(12) NOT NULL,
    "ExpiresAt" timestamp with time zone NOT NULL,
    "CreatedAt" timestamp with time zone NOT NULL,
    CONSTRAINT "PK_OrderOtpCodes" PRIMARY KEY ("Id"),
    CONSTRAINT "FK_OrderOtpCodes_Orders_OrderId" FOREIGN KEY ("OrderId") REFERENCES "Orders" ("Id") ON DELETE CASCADE
);
2026-03-29 13:02:01.576 +03:00 [INF] Executed DbCommand (155ms) [Parameters=[], CommandType='"Text"', CommandTimeout='30']
CREATE UNIQUE INDEX "IX_OrderOtpCodes_OrderId_OtpKind" ON "OrderOtpCodes" ("OrderId", "OtpKind");
2026-03-29 13:02:01.739 +03:00 [INF] Executed DbCommand (159ms) [Parameters=[], CommandType='"Text"', CommandTimeout='30']
INSERT INTO "__EFMigrationsHistory" ("MigrationId", "ProductVersion")
VALUES ('20260329095748_OrderOtpCodesAndPayerPhone', '9.0.8');
2026-03-29 13:02:02.437 +03:00 [INF] Executed DbCommand (227ms) [Parameters=[@__normalizedEmail_0='?'], CommandType='"Text"', CommandTimeout='30']
SELECT f."Id", f."AccessFailedCount", f."Address", f."ConcurrencyStamp", f."CreatedAt", f."CustomerReference", f."Email", f."EmailConfirmed", f."FullName", f."IsActive", f."LockoutEnabled", f."LockoutEnd", f."NormalizedEmail", f."NormalizedUserName", f."PasswordHash", f."PhoneNumber", f."PhoneNumberConfirmed", f."SecurityStamp", f."TwoFactorEnabled", f."UserName"
FROM "FreshwalkUsers" AS f
WHERE f."NormalizedEmail" = @__normalizedEmail_0
LIMIT 2
2026-03-29 13:02:02.664 +03:00 [INF] Executed DbCommand (163ms) [Parameters=[@__normalizedEmail_0='?'], CommandType='"Text"', CommandTimeout='30']
SELECT f."Id", f."AccessFailedCount", f."Address", f."ConcurrencyStamp", f."CreatedAt", f."CustomerReference", f."Email", f."EmailConfirmed", f."FullName", f."IsActive", f."LockoutEnabled", f."LockoutEnd", f."NormalizedEmail", f."NormalizedUserName", f."PasswordHash", f."PhoneNumber", f."PhoneNumberConfirmed", f."SecurityStamp", f."TwoFactorEnabled", f."UserName"
FROM "FreshwalkUsers" AS f
WHERE f."NormalizedEmail" = @__normalizedEmail_0
LIMIT 2
2026-03-29 13:02:02.827 +03:00 [INF] Executed DbCommand (158ms) [Parameters=[@__normalizedEmail_0='?'], CommandType='"Text"', CommandTimeout='30']
SELECT f."Id", f."AccessFailedCount", f."Address", f."ConcurrencyStamp", f."CreatedAt", f."CustomerReference", f."Email", f."EmailConfirmed", f."FullName", f."IsActive", f."LockoutEnabled", f."LockoutEnd", f."NormalizedEmail", f."NormalizedUserName", f."PasswordHash", f."PhoneNumber", f."PhoneNumberConfirmed", f."SecurityStamp", f."TwoFactorEnabled", f."UserName"
FROM "FreshwalkUsers" AS f
WHERE f."NormalizedEmail" = @__normalizedEmail_0
LIMIT 2
2026-03-29 13:02:02.984 +03:00 [INF] Executed DbCommand (154ms) [Parameters=[@__normalizedEmail_0='?'], CommandType='"Text"', CommandTimeout='30']
SELECT f."Id", f."AccessFailedCount", f."Address", f."ConcurrencyStamp", f."CreatedAt", f."CustomerReference", f."Email", f."EmailConfirmed", f."FullName", f."IsActive", f."LockoutEnabled", f."LockoutEnd", f."NormalizedEmail", f."NormalizedUserName", f."PasswordHash", f."PhoneNumber", f."PhoneNumberConfirmed", f."SecurityStamp", f."TwoFactorEnabled", f."UserName"
FROM "FreshwalkUsers" AS f
WHERE f."NormalizedEmail" = @__normalizedEmail_0
LIMIT 2
2026-03-29 13:02:03.060 +03:00 [INF] Now listening on: http://localhost:5089
2026-03-29 13:02:03.064 +03:00 [INF] Application started. Press Ctrl+C to shut down.
2026-03-29 13:02:03.067 +03:00 [INF] Hosting environment: Development
2026-03-29 13:02:03.070 +03:00 [INF] Content root path: D:\Projects\Freshwalk Shoe Cleaning web app\API\Freshwalk.API
2026-03-29 13:03:35.600 +03:00 [INF] HTTP OPTIONS /api/auth/google responded 204 in 6.1831 ms
2026-03-29 13:03:37.124 +03:00 [INF] Executed DbCommand (306ms) [Parameters=[@__normalizedEmail_0='?'], CommandType='"Text"', CommandTimeout='30']
SELECT f."Id", f."AccessFailedCount", f."Address", f."ConcurrencyStamp", f."CreatedAt", f."CustomerReference", f."Email", f."EmailConfirmed", f."FullName", f."IsActive", f."LockoutEnabled", f."LockoutEnd", f."NormalizedEmail", f."NormalizedUserName", f."PasswordHash", f."PhoneNumber", f."PhoneNumberConfirmed", f."SecurityStamp", f."TwoFactorEnabled", f."UserName"
FROM "FreshwalkUsers" AS f
WHERE f."NormalizedEmail" = @__normalizedEmail_0
LIMIT 2
2026-03-29 13:03:37.587 +03:00 [INF] Executed DbCommand (326ms) [Parameters=[@__userId_0='?' (DbType = Guid)], CommandType='"Text"', CommandTimeout='30']
SELECT f0."Name"
FROM "FreshwalkUserRoles" AS f
INNER JOIN "FreshwalkRoles" AS f0 ON f."RoleId" = f0."Id"
WHERE f."UserId" = @__userId_0
2026-03-29 13:03:37.735 +03:00 [INF] HTTP POST /api/auth/google responded 200 in 2099.6224 ms
2026-03-29 13:03:40.475 +03:00 [INF] HTTP OPTIONS /api/bookings/mine responded 204 in 0.6078 ms
2026-03-29 13:03:40.478 +03:00 [INF] HTTP OPTIONS /api/bookings/mine responded 204 in 0.0695 ms
2026-03-29 13:03:40.842 +03:00 [INF] Executed DbCommand (273ms) [Parameters=[@__customerId_0='?' (DbType = Guid)], CommandType='"Text"', CommandTimeout='30']
SELECT f."CustomerReference"
FROM "FreshwalkUsers" AS f
WHERE f."Id" = @__customerId_0
LIMIT 1
2026-03-29 13:03:41.167 +03:00 [INF] Executed DbCommand (233ms) [Parameters=[@__customerId_0='?' (DbType = Guid)], CommandType='"Text"', CommandTimeout='30']
SELECT b."Id", b."AddOns", b."BookingReference", b."BundleDiscountPercent", b."CreatedAt", b."CustomerId", b."DiscountAmountKes", b."NubuckLines", b."OfficialLeatherLines", b."PickupAddress", b."PickupLatitude", b."PickupLocationUrl", b."PickupLongitude", b."PriceKes", b."SneakersLines", b."Status", b."SubtotalBeforeDiscountKes", b."SuedeLines", b."TotalPairs", p."Id", p."Amount", p."BookingId", p."CreatedAt", p."MpesaCheckoutRequestId", p."MpesaMerchantRequestId", p."MpesaReceipt", p."PayerPhoneNumber", p."PaymentReference", p."Status", o."Id", o."AgentId", o."BookingId", o."CleaningCompletedAt", o."CleaningStartedAt", o."CustomerId", o."DeliveredAt", o."DeliveryOtp", o."DeliveryOtpExpiresAt", o."DeliveryOtpVerifiedAt", o."OrderReference", o."PickedUpAt", o."PickupOtp", o."PickupOtpExpiresAt", o."PickupOtpVerifiedAt", o."Status"
FROM "Bookings" AS b
LEFT JOIN "Payments" AS p ON b."Id" = p."BookingId"
LEFT JOIN "Orders" AS o ON b."Id" = o."BookingId"
WHERE b."CustomerId" = @__customerId_0
ORDER BY b."CreatedAt" DESC
2026-03-29 13:03:41.569 +03:00 [INF] Executed DbCommand (175ms) [Parameters=[@__customerId_0='?' (DbType = Guid)], CommandType='"Text"', CommandTimeout='30']
SELECT f."CustomerReference"
FROM "FreshwalkUsers" AS f
WHERE f."Id" = @__customerId_0
LIMIT 1
2026-03-29 13:03:41.752 +03:00 [INF] Executed DbCommand (175ms) [Parameters=[@__customerId_0='?' (DbType = Guid)], CommandType='"Text"', CommandTimeout='30']
SELECT b."Id", b."AddOns", b."BookingReference", b."BundleDiscountPercent", b."CreatedAt", b."CustomerId", b."DiscountAmountKes", b."NubuckLines", b."OfficialLeatherLines", b."PickupAddress", b."PickupLatitude", b."PickupLocationUrl", b."PickupLongitude", b."PriceKes", b."SneakersLines", b."Status", b."SubtotalBeforeDiscountKes", b."SuedeLines", b."TotalPairs", p."Id", p."Amount", p."BookingId", p."CreatedAt", p."MpesaCheckoutRequestId", p."MpesaMerchantRequestId", p."MpesaReceipt", p."PayerPhoneNumber", p."PaymentReference", p."Status", o."Id", o."AgentId", o."BookingId", o."CleaningCompletedAt", o."CleaningStartedAt", o."CustomerId", o."DeliveredAt", o."DeliveryOtp", o."DeliveryOtpExpiresAt", o."DeliveryOtpVerifiedAt", o."OrderReference", o."PickedUpAt", o."PickupOtp", o."PickupOtpExpiresAt", o."PickupOtpVerifiedAt", o."Status"
FROM "Bookings" AS b
LEFT JOIN "Payments" AS p ON b."Id" = p."BookingId"
LEFT JOIN "Orders" AS o ON b."Id" = o."BookingId"
WHERE b."CustomerId" = @__customerId_0
ORDER BY b."CreatedAt" DESC
2026-03-29 13:03:41.937 +03:00 [INF] Executed DbCommand (175ms) [Parameters=[@__p_0='?' (DbType = Guid)], CommandType='"Text"', CommandTimeout='30']
SELECT f."Id", f."AccessFailedCount", f."Address", f."ConcurrencyStamp", f."CreatedAt", f."CustomerReference", f."Email", f."EmailConfirmed", f."FullName", f."IsActive", f."LockoutEnabled", f."LockoutEnd", f."NormalizedEmail", f."NormalizedUserName", f."PasswordHash", f."PhoneNumber", f."PhoneNumberConfirmed", f."SecurityStamp", f."TwoFactorEnabled", f."UserName"
FROM "FreshwalkUsers" AS f
WHERE f."Id" = @__p_0
LIMIT 1
2026-03-29 13:03:41.946 +03:00 [INF] HTTP GET /api/bookings/mine responded 200 in 582.5238 ms
2026-03-29 13:03:43.187 +03:00 [INF] Executed DbCommand (228ms) [Parameters=[@__p_0='?' (DbType = Guid)], CommandType='"Text"', CommandTimeout='30']
SELECT f."Id", f."AccessFailedCount", f."Address", f."ConcurrencyStamp", f."CreatedAt", f."CustomerReference", f."Email", f."EmailConfirmed", f."FullName", f."IsActive", f."LockoutEnabled", f."LockoutEnd", f."NormalizedEmail", f."NormalizedUserName", f."PasswordHash", f."PhoneNumber", f."PhoneNumberConfirmed", f."SecurityStamp", f."TwoFactorEnabled", f."UserName"
FROM "FreshwalkUsers" AS f
WHERE f."Id" = @__p_0
LIMIT 1
2026-03-29 13:03:43.197 +03:00 [INF] HTTP GET /api/bookings/mine responded 200 in 2710.5833 ms
2026-03-29 13:03:53.812 +03:00 [INF] HTTP OPTIONS /api/rider/orders/d14bdb84-949d-4ba8-92ba-5799879538f8 responded 204 in 0.1766 ms
2026-03-29 13:03:53.812 +03:00 [INF] HTTP OPTIONS /api/rider/orders/d14bdb84-949d-4ba8-92ba-5799879538f8 responded 204 in 0.0869 ms
2026-03-29 13:03:54.099 +03:00 [INF] Executed DbCommand (191ms) [Parameters=[@__orderId_0='?' (DbType = Guid), @__riderId_1='?' (DbType = Guid)], CommandType='"Text"', CommandTimeout='30']
SELECT o."Id", o."AssignedAt", o."AssignmentReference", o."AssignmentType", o."CompletedAt", o."Notes", o."OrderId", o."RiderId", o."Status", o0."Id", o0."AgentId", o0."BookingId", o0."CleaningCompletedAt", o0."CleaningStartedAt", o0."CustomerId", o0."DeliveredAt", o0."DeliveryOtp", o0."DeliveryOtpExpiresAt", o0."DeliveryOtpVerifiedAt", o0."OrderReference", o0."PickedUpAt", o0."PickupOtp", o0."PickupOtpExpiresAt", o0."PickupOtpVerifiedAt", o0."Status", b."Id", b."AddOns", b."BookingReference", b."BundleDiscountPercent", b."CreatedAt", b."CustomerId", b."DiscountAmountKes", b."NubuckLines", b."OfficialLeatherLines", b."PickupAddress", b."PickupLatitude", b."PickupLocationUrl", b."PickupLongitude", b."PriceKes", b."SneakersLines", b."Status", b."SubtotalBeforeDiscountKes", b."SuedeLines", b."TotalPairs", f."Id", f."AccessFailedCount", f."Address", f."ConcurrencyStamp", f."CreatedAt", f."CustomerReference", f."Email", f."EmailConfirmed", f."FullName", f."IsActive", f."LockoutEnabled", f."LockoutEnd", f."NormalizedEmail", f."NormalizedUserName", f."PasswordHash", f."PhoneNumber", f."PhoneNumberConfirmed", f."SecurityStamp", f."TwoFactorEnabled", f."UserName"
FROM "OrderRiderAssignments" AS o
INNER JOIN "Orders" AS o0 ON o."OrderId" = o0."Id"
INNER JOIN "Bookings" AS b ON o0."BookingId" = b."Id"
INNER JOIN "FreshwalkUsers" AS f ON b."CustomerId" = f."Id"
WHERE o."OrderId" = @__orderId_0 AND o."RiderId" = @__riderId_1
ORDER BY o."AssignedAt" DESC
LIMIT 1
2026-03-29 13:03:54.434 +03:00 [INF] Executed DbCommand (243ms) [Parameters=[@__orderId_0='?' (DbType = Guid), @__riderId_1='?' (DbType = Guid)], CommandType='"Text"', CommandTimeout='30']
SELECT o."Id", o."AssignedAt", o."AssignmentReference", o."AssignmentType", o."CompletedAt", o."Notes", o."OrderId", o."RiderId", o."Status", o0."Id", o0."AgentId", o0."BookingId", o0."CleaningCompletedAt", o0."CleaningStartedAt", o0."CustomerId", o0."DeliveredAt", o0."DeliveryOtp", o0."DeliveryOtpExpiresAt", o0."DeliveryOtpVerifiedAt", o0."OrderReference", o0."PickedUpAt", o0."PickupOtp", o0."PickupOtpExpiresAt", o0."PickupOtpVerifiedAt", o0."Status", b."Id", b."AddOns", b."BookingReference", b."BundleDiscountPercent", b."CreatedAt", b."CustomerId", b."DiscountAmountKes", b."NubuckLines", b."OfficialLeatherLines", b."PickupAddress", b."PickupLatitude", b."PickupLocationUrl", b."PickupLongitude", b."PriceKes", b."SneakersLines", b."Status", b."SubtotalBeforeDiscountKes", b."SuedeLines", b."TotalPairs", f."Id", f."AccessFailedCount", f."Address", f."ConcurrencyStamp", f."CreatedAt", f."CustomerReference", f."Email", f."EmailConfirmed", f."FullName", f."IsActive", f."LockoutEnabled", f."LockoutEnd", f."NormalizedEmail", f."NormalizedUserName", f."PasswordHash", f."PhoneNumber", f."PhoneNumberConfirmed", f."SecurityStamp", f."TwoFactorEnabled", f."UserName"
FROM "OrderRiderAssignments" AS o
INNER JOIN "Orders" AS o0 ON o."OrderId" = o0."Id"
INNER JOIN "Bookings" AS b ON o0."BookingId" = b."Id"
INNER JOIN "FreshwalkUsers" AS f ON b."CustomerId" = f."Id"
WHERE o."OrderId" = @__orderId_0 AND o."RiderId" = @__riderId_1
ORDER BY o."AssignedAt" DESC
LIMIT 1
2026-03-29 13:03:54.434 +03:00 [INF] Executed DbCommand (248ms) [Parameters=[@__p_0='?' (DbType = Guid)], CommandType='"Text"', CommandTimeout='30']
SELECT f."Id", f."AccessFailedCount", f."Address", f."ConcurrencyStamp", f."CreatedAt", f."CustomerReference", f."Email", f."EmailConfirmed", f."FullName", f."IsActive", f."LockoutEnabled", f."LockoutEnd", f."NormalizedEmail", f."NormalizedUserName", f."PasswordHash", f."PhoneNumber", f."PhoneNumberConfirmed", f."SecurityStamp", f."TwoFactorEnabled", f."UserName"
FROM "FreshwalkUsers" AS f
WHERE f."Id" = @__p_0
LIMIT 1
2026-03-29 13:03:54.443 +03:00 [INF] HTTP GET /api/rider/orders/d14bdb84-949d-4ba8-92ba-5799879538f8 responded 200 in 626.0214 ms
2026-03-29 13:03:54.628 +03:00 [INF] Executed DbCommand (187ms) [Parameters=[@__p_0='?' (DbType = Guid)], CommandType='"Text"', CommandTimeout='30']
SELECT f."Id", f."AccessFailedCount", f."Address", f."ConcurrencyStamp", f."CreatedAt", f."CustomerReference", f."Email", f."EmailConfirmed", f."FullName", f."IsActive", f."LockoutEnabled", f."LockoutEnd", f."NormalizedEmail", f."NormalizedUserName", f."PasswordHash", f."PhoneNumber", f."PhoneNumberConfirmed", f."SecurityStamp", f."TwoFactorEnabled", f."UserName"
FROM "FreshwalkUsers" AS f
WHERE f."Id" = @__p_0
LIMIT 1
2026-03-29 13:03:54.634 +03:00 [INF] HTTP GET /api/rider/orders/d14bdb84-949d-4ba8-92ba-5799879538f8 responded 200 in 447.5970 ms
2026-03-29 13:04:11.615 +03:00 [INF] HTTP OPTIONS /api/customer/orders/d14bdb84-949d-4ba8-92ba-5799879538f8/verify-pickup-otp responded 204 in 0.1869 ms
2026-03-29 13:04:11.891 +03:00 [INF] Executed DbCommand (202ms) [Parameters=[@__orderId_0='?' (DbType = Guid)], CommandType='"Text"', CommandTimeout='30']
SELECT o."Id", o."AgentId", o."BookingId", o."CleaningCompletedAt", o."CleaningStartedAt", o."CustomerId", o."DeliveredAt", o."DeliveryOtp", o."DeliveryOtpExpiresAt", o."DeliveryOtpVerifiedAt", o."OrderReference", o."PickedUpAt", o."PickupOtp", o."PickupOtpExpiresAt", o."PickupOtpVerifiedAt", o."Status", b."Id", b."AddOns", b."BookingReference", b."BundleDiscountPercent", b."CreatedAt", b."CustomerId", b."DiscountAmountKes", b."NubuckLines", b."OfficialLeatherLines", b."PickupAddress", b."PickupLatitude", b."PickupLocationUrl", b."PickupLongitude", b."PriceKes", b."SneakersLines", b."Status", b."SubtotalBeforeDiscountKes", b."SuedeLines", b."TotalPairs", p."Id", p."Amount", p."BookingId", p."CreatedAt", p."MpesaCheckoutRequestId", p."MpesaMerchantRequestId", p."MpesaReceipt", p."PayerPhoneNumber", p."PaymentReference", p."Status"
FROM "Orders" AS o
INNER JOIN "Bookings" AS b ON o."BookingId" = b."Id"
LEFT JOIN "Payments" AS p ON b."Id" = p."BookingId"
WHERE o."Id" = @__orderId_0
LIMIT 1
2026-03-29 13:04:12.314 +03:00 [INF] Executed DbCommand (164ms) [Parameters=[@__orderId_0='?' (DbType = Guid)], CommandType='"Text"', CommandTimeout='30']
SELECT o."Id", o."Code", o."CreatedAt", o."ExpiresAt", o."OrderId", o."OtpKind"
FROM "OrderOtpCodes" AS o
WHERE o."OrderId" = @__orderId_0 AND o."OtpKind" = 'Pickup'
LIMIT 1
2026-03-29 13:04:12.588 +03:00 [INF] Executed DbCommand (250ms) [Parameters=[@__orderId_0='?' (DbType = Guid)], CommandType='"Text"', CommandTimeout='30']
SELECT o."Id", o."AgentId", o."BookingId", o."CleaningCompletedAt", o."CleaningStartedAt", o."CustomerId", o."DeliveredAt", o."DeliveryOtp", o."DeliveryOtpExpiresAt", o."DeliveryOtpVerifiedAt", o."OrderReference", o."PickedUpAt", o."PickupOtp", o."PickupOtpExpiresAt", o."PickupOtpVerifiedAt", o."Status"
FROM "Orders" AS o
WHERE o."Id" = @__orderId_0
LIMIT 1
2026-03-29 13:04:12.894 +03:00 [INF] Executed DbCommand (297ms) [Parameters=[@__p_0='?' (DbType = Guid)], CommandType='"Text"', CommandTimeout='30']
SELECT f."Id", f."AccessFailedCount", f."Address", f."ConcurrencyStamp", f."CreatedAt", f."CustomerReference", f."Email", f."EmailConfirmed", f."FullName", f."IsActive", f."LockoutEnabled", f."LockoutEnd", f."NormalizedEmail", f."NormalizedUserName", f."PasswordHash", f."PhoneNumber", f."PhoneNumberConfirmed", f."SecurityStamp", f."TwoFactorEnabled", f."UserName"
FROM "FreshwalkUsers" AS f
WHERE f."Id" = @__p_0
LIMIT 1
2026-03-29 13:04:12.908 +03:00 [INF] HTTP POST /api/customer/orders/d14bdb84-949d-4ba8-92ba-5799879538f8/verify-pickup-otp responded 400 in 1285.7840 ms
2026-03-29 13:05:41.192 +03:00 [INF] HTTP OPTIONS /api/orders/d14bdb84-949d-4ba8-92ba-5799879538f8/assign-pickup-rider responded 204 in 0.2608 ms
2026-03-29 13:05:41.214 +03:00 [INF] HTTP POST /api/orders/d14bdb84-949d-4ba8-92ba-5799879538f8/assign-pickup-rider responded 401 in 11.0055 ms
2026-03-29 13:05:49.802 +03:00 [INF] HTTP OPTIONS /api/auth/login responded 204 in 0.0461 ms
2026-03-29 13:05:49.991 +03:00 [INF] Executed DbCommand (167ms) [Parameters=[@__normalizedEmail_0='?'], CommandType='"Text"', CommandTimeout='30']
SELECT f."Id", f."AccessFailedCount", f."Address", f."ConcurrencyStamp", f."CreatedAt", f."CustomerReference", f."Email", f."EmailConfirmed", f."FullName", f."IsActive", f."LockoutEnabled", f."LockoutEnd", f."NormalizedEmail", f."NormalizedUserName", f."PasswordHash", f."PhoneNumber", f."PhoneNumberConfirmed", f."SecurityStamp", f."TwoFactorEnabled", f."UserName"
FROM "FreshwalkUsers" AS f
WHERE f."NormalizedEmail" = @__normalizedEmail_0
LIMIT 2
2026-03-29 13:05:50.586 +03:00 [INF] Executed DbCommand (342ms) [Parameters=[@__userId_0='?' (DbType = Guid)], CommandType='"Text"', CommandTimeout='30']
SELECT f0."Name"
FROM "FreshwalkUserRoles" AS f
INNER JOIN "FreshwalkRoles" AS f0 ON f."RoleId" = f0."Id"
WHERE f."UserId" = @__userId_0
2026-03-29 13:05:50.593 +03:00 [INF] HTTP POST /api/auth/login responded 200 in 787.1594 ms
2026-03-29 13:05:50.633 +03:00 [INF] HTTP OPTIONS /api/agent/bookings responded 204 in 0.0811 ms
2026-03-29 13:05:50.638 +03:00 [INF] HTTP OPTIONS /api/agent/bookings responded 204 in 0.1118 ms
2026-03-29 13:05:50.859 +03:00 [INF] Executed DbCommand (159ms) [Parameters=[], CommandType='"Text"', CommandTimeout='30']
SELECT b."Id", b."AddOns", b."BookingReference", b."BundleDiscountPercent", b."CreatedAt", b."CustomerId", b."DiscountAmountKes", b."NubuckLines", b."OfficialLeatherLines", b."PickupAddress", b."PickupLatitude", b."PickupLocationUrl", b."PickupLongitude", b."PriceKes", b."SneakersLines", b."Status", b."SubtotalBeforeDiscountKes", b."SuedeLines", b."TotalPairs", f."Id", f."AccessFailedCount", f."Address", f."ConcurrencyStamp", f."CreatedAt", f."CustomerReference", f."Email", f."EmailConfirmed", f."FullName", f."IsActive", f."LockoutEnabled", f."LockoutEnd", f."NormalizedEmail", f."NormalizedUserName", f."PasswordHash", f."PhoneNumber", f."PhoneNumberConfirmed", f."SecurityStamp", f."TwoFactorEnabled", f."UserName", p."Id", p."Amount", p."BookingId", p."CreatedAt", p."MpesaCheckoutRequestId", p."MpesaMerchantRequestId", p."MpesaReceipt", p."PayerPhoneNumber", p."PaymentReference", p."Status", o."Id", o."AgentId", o."BookingId", o."CleaningCompletedAt", o."CleaningStartedAt", o."CustomerId", o."DeliveredAt", o."DeliveryOtp", o."DeliveryOtpExpiresAt", o."DeliveryOtpVerifiedAt", o."OrderReference", o."PickedUpAt", o."PickupOtp", o."PickupOtpExpiresAt", o."PickupOtpVerifiedAt", o."Status"
FROM "Bookings" AS b
INNER JOIN "FreshwalkUsers" AS f ON b."CustomerId" = f."Id"
LEFT JOIN "Payments" AS p ON b."Id" = p."BookingId"
LEFT JOIN "Orders" AS o ON b."Id" = o."BookingId"
ORDER BY b."CreatedAt" DESC
2026-03-29 13:05:51.044 +03:00 [INF] Executed DbCommand (165ms) [Parameters=[@__p_0='?' (DbType = Guid)], CommandType='"Text"', CommandTimeout='30']
SELECT f."Id", f."AccessFailedCount", f."Address", f."ConcurrencyStamp", f."CreatedAt", f."CustomerReference", f."Email", f."EmailConfirmed", f."FullName", f."IsActive", f."LockoutEnabled", f."LockoutEnd", f."NormalizedEmail", f."NormalizedUserName", f."PasswordHash", f."PhoneNumber", f."PhoneNumberConfirmed", f."SecurityStamp", f."TwoFactorEnabled", f."UserName"
FROM "FreshwalkUsers" AS f
WHERE f."Id" = @__p_0
LIMIT 1
2026-03-29 13:05:51.045 +03:00 [INF] Executed DbCommand (161ms) [Parameters=[], CommandType='"Text"', CommandTimeout='30']
SELECT b."Id", b."AddOns", b."BookingReference", b."BundleDiscountPercent", b."CreatedAt", b."CustomerId", b."DiscountAmountKes", b."NubuckLines", b."OfficialLeatherLines", b."PickupAddress", b."PickupLatitude", b."PickupLocationUrl", b."PickupLongitude", b."PriceKes", b."SneakersLines", b."Status", b."SubtotalBeforeDiscountKes", b."SuedeLines", b."TotalPairs", f."Id", f."AccessFailedCount", f."Address", f."ConcurrencyStamp", f."CreatedAt", f."CustomerReference", f."Email", f."EmailConfirmed", f."FullName", f."IsActive", f."LockoutEnabled", f."LockoutEnd", f."NormalizedEmail", f."NormalizedUserName", f."PasswordHash", f."PhoneNumber", f."PhoneNumberConfirmed", f."SecurityStamp", f."TwoFactorEnabled", f."UserName", p."Id", p."Amount", p."BookingId", p."CreatedAt", p."MpesaCheckoutRequestId", p."MpesaMerchantRequestId", p."MpesaReceipt", p."PayerPhoneNumber", p."PaymentReference", p."Status", o."Id", o."AgentId", o."BookingId", o."CleaningCompletedAt", o."CleaningStartedAt", o."CustomerId", o."DeliveredAt", o."DeliveryOtp", o."DeliveryOtpExpiresAt", o."DeliveryOtpVerifiedAt", o."OrderReference", o."PickedUpAt", o."PickupOtp", o."PickupOtpExpiresAt", o."PickupOtpVerifiedAt", o."Status"
FROM "Bookings" AS b
INNER JOIN "FreshwalkUsers" AS f ON b."CustomerId" = f."Id"
LEFT JOIN "Payments" AS p ON b."Id" = p."BookingId"
LEFT JOIN "Orders" AS o ON b."Id" = o."BookingId"
ORDER BY b."CreatedAt" DESC
2026-03-29 13:05:51.052 +03:00 [INF] HTTP GET /api/agent/bookings responded 200 in 412.1776 ms
2026-03-29 13:05:51.212 +03:00 [INF] Executed DbCommand (156ms) [Parameters=[@__p_0='?' (DbType = Guid)], CommandType='"Text"', CommandTimeout='30']
SELECT f."Id", f."AccessFailedCount", f."Address", f."ConcurrencyStamp", f."CreatedAt", f."CustomerReference", f."Email", f."EmailConfirmed", f."FullName", f."IsActive", f."LockoutEnabled", f."LockoutEnd", f."NormalizedEmail", f."NormalizedUserName", f."PasswordHash", f."PhoneNumber", f."PhoneNumberConfirmed", f."SecurityStamp", f."TwoFactorEnabled", f."UserName"
FROM "FreshwalkUsers" AS f
WHERE f."Id" = @__p_0
LIMIT 1
2026-03-29 13:05:51.220 +03:00 [INF] HTTP GET /api/agent/bookings responded 200 in 337.6017 ms
2026-03-29 13:05:58.711 +03:00 [INF] HTTP OPTIONS /api/agent/bookings/48fae778-790f-4b40-bed9-8acd68ad424e responded 204 in 0.1858 ms
2026-03-29 13:05:58.711 +03:00 [INF] HTTP OPTIONS /api/agent/riders responded 204 in 0.0412 ms
2026-03-29 13:05:58.712 +03:00 [INF] HTTP OPTIONS /api/agent/bookings/48fae778-790f-4b40-bed9-8acd68ad424e responded 204 in 0.0426 ms
2026-03-29 13:05:58.712 +03:00 [INF] HTTP OPTIONS /api/agent/riders responded 204 in 0.0234 ms
2026-03-29 13:05:58.903 +03:00 [INF] Executed DbCommand (155ms) [Parameters=[@__normalizedRoleName_0='?'], CommandType='"Text"', CommandTimeout='30']
SELECT f."Id", f."ConcurrencyStamp", f."Name", f."NormalizedName"
FROM "FreshwalkRoles" AS f
WHERE f."NormalizedName" = @__normalizedRoleName_0
LIMIT 2
2026-03-29 13:05:59.017 +03:00 [INF] Executed DbCommand (163ms) [Parameters=[@__id_0='?' (DbType = Guid)], CommandType='"Text"', CommandTimeout='30']
SELECT s."Id", s."AddOns", s."BookingReference", s."BundleDiscountPercent", s."CreatedAt", s."CustomerId", s."DiscountAmountKes", s."NubuckLines", s."OfficialLeatherLines", s."PickupAddress", s."PickupLatitude", s."PickupLocationUrl", s."PickupLongitude", s."PriceKes", s."SneakersLines", s."Status", s."SubtotalBeforeDiscountKes", s."SuedeLines", s."TotalPairs", s."Id0", s."AccessFailedCount", s."Address", s."ConcurrencyStamp", s."CreatedAt0", s."CustomerReference", s."Email", s."EmailConfirmed", s."FullName", s."IsActive", s."LockoutEnabled", s."LockoutEnd", s."NormalizedEmail", s."NormalizedUserName", s."PasswordHash", s."PhoneNumber", s."PhoneNumberConfirmed", s."SecurityStamp", s."TwoFactorEnabled", s."UserName", s."Id1", s."Amount", s."BookingId", s."CreatedAt1", s."MpesaCheckoutRequestId", s."MpesaMerchantRequestId", s."MpesaReceipt", s."PayerPhoneNumber", s."PaymentReference", s."Status0", s."Id2", s."AgentId", s."BookingId0", s."CleaningCompletedAt", s."CleaningStartedAt", s."CustomerId0", s."DeliveredAt", s."DeliveryOtp", s."DeliveryOtpExpiresAt", s."DeliveryOtpVerifiedAt", s."OrderReference", s."PickedUpAt", s."PickupOtp", s."PickupOtpExpiresAt", s."PickupOtpVerifiedAt", s."Status1", s0."Id", s0."AssignedAt", s0."AssignmentReference", s0."AssignmentType", s0."CompletedAt", s0."Notes", s0."OrderId", s0."RiderId", s0."Status", s0."Id0", s0."AccessFailedCount", s0."Address", s0."ConcurrencyStamp", s0."CreatedAt", s0."CustomerReference", s0."Email", s0."EmailConfirmed", s0."FullName", s0."IsActive", s0."LockoutEnabled", s0."LockoutEnd", s0."NormalizedEmail", s0."NormalizedUserName", s0."PasswordHash", s0."PhoneNumber", s0."PhoneNumberConfirmed", s0."SecurityStamp", s0."TwoFactorEnabled", s0."UserName"
FROM (
    SELECT b."Id", b."AddOns", b."BookingReference", b."BundleDiscountPercent", b."CreatedAt", b."CustomerId", b."DiscountAmountKes", b."NubuckLines", b."OfficialLeatherLines", b."PickupAddress", b."PickupLatitude", b."PickupLocationUrl", b."PickupLongitude", b."PriceKes", b."SneakersLines", b."Status", b."SubtotalBeforeDiscountKes", b."SuedeLines", b."TotalPairs", f."Id" AS "Id0", f."AccessFailedCount", f."Address", f."ConcurrencyStamp", f."CreatedAt" AS "CreatedAt0", f."CustomerReference", f."Email", f."EmailConfirmed", f."FullName", f."IsActive", f."LockoutEnabled", f."LockoutEnd", f."NormalizedEmail", f."NormalizedUserName", f."PasswordHash", f."PhoneNumber", f."PhoneNumberConfirmed", f."SecurityStamp", f."TwoFactorEnabled", f."UserName", p."Id" AS "Id1", p."Amount", p."BookingId", p."CreatedAt" AS "CreatedAt1", p."MpesaCheckoutRequestId", p."MpesaMerchantRequestId", p."MpesaReceipt", p."PayerPhoneNumber", p."PaymentReference", p."Status" AS "Status0", o."Id" AS "Id2", o."AgentId", o."BookingId" AS "BookingId0", o."CleaningCompletedAt", o."CleaningStartedAt", o."CustomerId" AS "CustomerId0", o."DeliveredAt", o."DeliveryOtp", o."DeliveryOtpExpiresAt", o."DeliveryOtpVerifiedAt", o."OrderReference", o."PickedUpAt", o."PickupOtp", o."PickupOtpExpiresAt", o."PickupOtpVerifiedAt", o."Status" AS "Status1"
    FROM "Bookings" AS b
    INNER JOIN "FreshwalkUsers" AS f ON b."CustomerId" = f."Id"
    LEFT JOIN "Payments" AS p ON b."Id" = p."BookingId"
    LEFT JOIN "Orders" AS o ON b."Id" = o."BookingId"
    WHERE b."Id" = @__id_0
    LIMIT 1
) AS s
LEFT JOIN (
    SELECT o0."Id", o0."AssignedAt", o0."AssignmentReference", o0."AssignmentType", o0."CompletedAt", o0."Notes", o0."OrderId", o0."RiderId", o0."Status", f0."Id" AS "Id0", f0."AccessFailedCount", f0."Address", f0."ConcurrencyStamp", f0."CreatedAt", f0."CustomerReference", f0."Email", f0."EmailConfirmed", f0."FullName", f0."IsActive", f0."LockoutEnabled", f0."LockoutEnd", f0."NormalizedEmail", f0."NormalizedUserName", f0."PasswordHash", f0."PhoneNumber", f0."PhoneNumberConfirmed", f0."SecurityStamp", f0."TwoFactorEnabled", f0."UserName"
    FROM "OrderRiderAssignments" AS o0
    INNER JOIN "FreshwalkUsers" AS f0 ON o0."RiderId" = f0."Id"
) AS s0 ON s."Id2" = s0."OrderId"
ORDER BY s."Id", s."Id0", s."Id1", s."Id2", s0."Id"
2026-03-29 13:05:59.111 +03:00 [INF] Executed DbCommand (156ms) [Parameters=[@__role_Id_0='?' (DbType = Guid)], CommandType='"Text"', CommandTimeout='30']
SELECT f0."Id", f0."AccessFailedCount", f0."Address", f0."ConcurrencyStamp", f0."CreatedAt", f0."CustomerReference", f0."Email", f0."EmailConfirmed", f0."FullName", f0."IsActive", f0."LockoutEnabled", f0."LockoutEnd", f0."NormalizedEmail", f0."NormalizedUserName", f0."PasswordHash", f0."PhoneNumber", f0."PhoneNumberConfirmed", f0."SecurityStamp", f0."TwoFactorEnabled", f0."UserName"
FROM "FreshwalkUserRoles" AS f
INNER JOIN "FreshwalkUsers" AS f0 ON f."UserId" = f0."Id"
WHERE f."RoleId" = @__role_Id_0
2026-03-29 13:05:59.216 +03:00 [INF] Executed DbCommand (155ms) [Parameters=[@__p_0='?' (DbType = Guid)], CommandType='"Text"', CommandTimeout='30']
SELECT f."Id", f."AccessFailedCount", f."Address", f."ConcurrencyStamp", f."CreatedAt", f."CustomerReference", f."Email", f."EmailConfirmed", f."FullName", f."IsActive", f."LockoutEnabled", f."LockoutEnd", f."NormalizedEmail", f."NormalizedUserName", f."PasswordHash", f."PhoneNumber", f."PhoneNumberConfirmed", f."SecurityStamp", f."TwoFactorEnabled", f."UserName"
FROM "FreshwalkUsers" AS f
WHERE f."Id" = @__p_0
LIMIT 1
2026-03-29 13:05:59.224 +03:00 [INF] HTTP GET /api/agent/bookings/48fae778-790f-4b40-bed9-8acd68ad424e responded 200 in 505.8898 ms
2026-03-29 13:05:59.291 +03:00 [INF] Executed DbCommand (155ms) [Parameters=[], CommandType='"Text"', CommandTimeout='30']
SELECT r."Id", r."BikeRegistration", r."IsAvailable", r."UserId"
FROM "RiderProfiles" AS r
2026-03-29 13:05:59.514 +03:00 [INF] Executed DbCommand (207ms) [Parameters=[@__normalizedRoleName_0='?'], CommandType='"Text"', CommandTimeout='30']
SELECT f."Id", f."ConcurrencyStamp", f."Name", f."NormalizedName"
FROM "FreshwalkRoles" AS f
WHERE f."NormalizedName" = @__normalizedRoleName_0
LIMIT 2
2026-03-29 13:05:59.514 +03:00 [INF] Executed DbCommand (209ms) [Parameters=[@__p_0='?' (DbType = Guid)], CommandType='"Text"', CommandTimeout='30']
SELECT f."Id", f."AccessFailedCount", f."Address", f."ConcurrencyStamp", f."CreatedAt", f."CustomerReference", f."Email", f."EmailConfirmed", f."FullName", f."IsActive", f."LockoutEnabled", f."LockoutEnd", f."NormalizedEmail", f."NormalizedUserName", f."PasswordHash", f."PhoneNumber", f."PhoneNumberConfirmed", f."SecurityStamp", f."TwoFactorEnabled", f."UserName"
FROM "FreshwalkUsers" AS f
WHERE f."Id" = @__p_0
LIMIT 1
2026-03-29 13:05:59.524 +03:00 [INF] HTTP GET /api/agent/riders responded 200 in 805.1447 ms
2026-03-29 13:05:59.532 +03:00 [INF] HTTP OPTIONS /api/orders/d14bdb84-949d-4ba8-92ba-5799879538f8 responded 204 in 0.2070 ms
2026-03-29 13:05:59.676 +03:00 [INF] Executed DbCommand (155ms) [Parameters=[@__role_Id_0='?' (DbType = Guid)], CommandType='"Text"', CommandTimeout='30']
SELECT f0."Id", f0."AccessFailedCount", f0."Address", f0."ConcurrencyStamp", f0."CreatedAt", f0."CustomerReference", f0."Email", f0."EmailConfirmed", f0."FullName", f0."IsActive", f0."LockoutEnabled", f0."LockoutEnd", f0."NormalizedEmail", f0."NormalizedUserName", f0."PasswordHash", f0."PhoneNumber", f0."PhoneNumberConfirmed", f0."SecurityStamp", f0."TwoFactorEnabled", f0."UserName"
FROM "FreshwalkUserRoles" AS f
INNER JOIN "FreshwalkUsers" AS f0 ON f."UserId" = f0."Id"
WHERE f."RoleId" = @__role_Id_0
2026-03-29 13:05:59.783 +03:00 [INF] Executed DbCommand (158ms) [Parameters=[@__id_0='?' (DbType = Guid)], CommandType='"Text"', CommandTimeout='30']
SELECT s."Id", s."AgentId", s."BookingId", s."CleaningCompletedAt", s."CleaningStartedAt", s."CustomerId", s."DeliveredAt", s."DeliveryOtp", s."DeliveryOtpExpiresAt", s."DeliveryOtpVerifiedAt", s."OrderReference", s."PickedUpAt", s."PickupOtp", s."PickupOtpExpiresAt", s."PickupOtpVerifiedAt", s."Status", s."Id0", s."AddOns", s."BookingReference", s."BundleDiscountPercent", s."CreatedAt", s."CustomerId0", s."DiscountAmountKes", s."NubuckLines", s."OfficialLeatherLines", s."PickupAddress", s."PickupLatitude", s."PickupLocationUrl", s."PickupLongitude", s."PriceKes", s."SneakersLines", s."Status0", s."SubtotalBeforeDiscountKes", s."SuedeLines", s."TotalPairs", s."Id1", s."AccessFailedCount", s."Address", s."ConcurrencyStamp", s."CreatedAt0", s."CustomerReference", s."Email", s."EmailConfirmed", s."FullName", s."IsActive", s."LockoutEnabled", s."LockoutEnd", s."NormalizedEmail", s."NormalizedUserName", s."PasswordHash", s."PhoneNumber", s."PhoneNumberConfirmed", s."SecurityStamp", s."TwoFactorEnabled", s."UserName", s."Id2", s."Amount", s."BookingId0", s."CreatedAt1", s."MpesaCheckoutRequestId", s."MpesaMerchantRequestId", s."MpesaReceipt", s."PayerPhoneNumber", s."PaymentReference", s."Status1", s0."Id", s0."AssignedAt", s0."AssignmentReference", s0."AssignmentType", s0."CompletedAt", s0."Notes", s0."OrderId", s0."RiderId", s0."Status", s0."Id0", s0."AccessFailedCount", s0."Address", s0."ConcurrencyStamp", s0."CreatedAt", s0."CustomerReference", s0."Email", s0."EmailConfirmed", s0."FullName", s0."IsActive", s0."LockoutEnabled", s0."LockoutEnd", s0."NormalizedEmail", s0."NormalizedUserName", s0."PasswordHash", s0."PhoneNumber", s0."PhoneNumberConfirmed", s0."SecurityStamp", s0."TwoFactorEnabled", s0."UserName"
FROM (
    SELECT o."Id", o."AgentId", o."BookingId", o."CleaningCompletedAt", o."CleaningStartedAt", o."CustomerId", o."DeliveredAt", o."DeliveryOtp", o."DeliveryOtpExpiresAt", o."DeliveryOtpVerifiedAt", o."OrderReference", o."PickedUpAt", o."PickupOtp", o."PickupOtpExpiresAt", o."PickupOtpVerifiedAt", o."Status", b."Id" AS "Id0", b."AddOns", b."BookingReference", b."BundleDiscountPercent", b."CreatedAt", b."CustomerId" AS "CustomerId0", b."DiscountAmountKes", b."NubuckLines", b."OfficialLeatherLines", b."PickupAddress", b."PickupLatitude", b."PickupLocationUrl", b."PickupLongitude", b."PriceKes", b."SneakersLines", b."Status" AS "Status0", b."SubtotalBeforeDiscountKes", b."SuedeLines", b."TotalPairs", f."Id" AS "Id1", f."AccessFailedCount", f."Address", f."ConcurrencyStamp", f."CreatedAt" AS "CreatedAt0", f."CustomerReference", f."Email", f."EmailConfirmed", f."FullName", f."IsActive", f."LockoutEnabled", f."LockoutEnd", f."NormalizedEmail", f."NormalizedUserName", f."PasswordHash", f."PhoneNumber", f."PhoneNumberConfirmed", f."SecurityStamp", f."TwoFactorEnabled", f."UserName", p."Id" AS "Id2", p."Amount", p."BookingId" AS "BookingId0", p."CreatedAt" AS "CreatedAt1", p."MpesaCheckoutRequestId", p."MpesaMerchantRequestId", p."MpesaReceipt", p."PayerPhoneNumber", p."PaymentReference", p."Status" AS "Status1"
    FROM "Orders" AS o
    INNER JOIN "Bookings" AS b ON o."BookingId" = b."Id"
    INNER JOIN "FreshwalkUsers" AS f ON b."CustomerId" = f."Id"
    LEFT JOIN "Payments" AS p ON b."Id" = p."BookingId"
    WHERE o."Id" = @__id_0
    LIMIT 1
) AS s
LEFT JOIN (
    SELECT o0."Id", o0."AssignedAt", o0."AssignmentReference", o0."AssignmentType", o0."CompletedAt", o0."Notes", o0."OrderId", o0."RiderId", o0."Status", f0."Id" AS "Id0", f0."AccessFailedCount", f0."Address", f0."ConcurrencyStamp", f0."CreatedAt", f0."CustomerReference", f0."Email", f0."EmailConfirmed", f0."FullName", f0."IsActive", f0."LockoutEnabled", f0."LockoutEnd", f0."NormalizedEmail", f0."NormalizedUserName", f0."PasswordHash", f0."PhoneNumber", f0."PhoneNumberConfirmed", f0."SecurityStamp", f0."TwoFactorEnabled", f0."UserName"
    FROM "OrderRiderAssignments" AS o0
    INNER JOIN "FreshwalkUsers" AS f0 ON o0."RiderId" = f0."Id"
) AS s0 ON s."Id" = s0."OrderId"
ORDER BY s."Id", s."Id0", s."Id1", s."Id2", s0."Id"
2026-03-29 13:05:59.838 +03:00 [INF] Executed DbCommand (155ms) [Parameters=[], CommandType='"Text"', CommandTimeout='30']
SELECT r."Id", r."BikeRegistration", r."IsAvailable", r."UserId"
FROM "RiderProfiles" AS r
2026-03-29 13:06:00.005 +03:00 [INF] Executed DbCommand (162ms) [Parameters=[@__p_0='?' (DbType = Guid)], CommandType='"Text"', CommandTimeout='30']
SELECT f."Id", f."AccessFailedCount", f."Address", f."ConcurrencyStamp", f."CreatedAt", f."CustomerReference", f."Email", f."EmailConfirmed", f."FullName", f."IsActive", f."LockoutEnabled", f."LockoutEnd", f."NormalizedEmail", f."NormalizedUserName", f."PasswordHash", f."PhoneNumber", f."PhoneNumberConfirmed", f."SecurityStamp", f."TwoFactorEnabled", f."UserName"
FROM "FreshwalkUsers" AS f
WHERE f."Id" = @__p_0
LIMIT 1
2026-03-29 13:06:00.014 +03:00 [INF] HTTP GET /api/agent/riders responded 200 in 707.9844 ms
2026-03-29 13:06:00.074 +03:00 [INF] Executed DbCommand (161ms) [Parameters=[@__p_0='?' (DbType = Guid)], CommandType='"Text"', CommandTimeout='30']
SELECT f."Id", f."AccessFailedCount", f."Address", f."ConcurrencyStamp", f."CreatedAt", f."CustomerReference", f."Email", f."EmailConfirmed", f."FullName", f."IsActive", f."LockoutEnabled", f."LockoutEnd", f."NormalizedEmail", f."NormalizedUserName", f."PasswordHash", f."PhoneNumber", f."PhoneNumberConfirmed", f."SecurityStamp", f."TwoFactorEnabled", f."UserName"
FROM "FreshwalkUsers" AS f
WHERE f."Id" = @__p_0
LIMIT 1
2026-03-29 13:06:00.107 +03:00 [ERR] HTTP GET /api/orders/d14bdb84-949d-4ba8-92ba-5799879538f8 responded 500 in 568.0198 ms
System.Text.Json.JsonException: A possible object cycle was detected. This can either be due to a cycle or if the object depth is larger than the maximum allowed depth of 32. Consider using ReferenceHandler.Preserve on JsonSerializerOptions to support cycles. Path: $.Booking.Customer.Bookings.Customer.Bookings.Customer.Bookings.Customer.Bookings.Customer.Bookings.Customer.Bookings.Customer.Bookings.Customer.Bookings.Customer.Bookings.Customer.Bookings.Id.
   at System.Text.Json.ThrowHelper.ThrowJsonException_SerializerCycleDetected(Int32 maxDepth)
   at System.Text.Json.Serialization.JsonConverter`1.TryWrite(Utf8JsonWriter writer, T& value, JsonSerializerOptions options, WriteStack& state)
   at System.Text.Json.Serialization.Metadata.JsonPropertyInfo`1.GetMemberAndWriteJson(Object obj, WriteStack& state, Utf8JsonWriter writer)
   at System.Text.Json.Serialization.Converters.ObjectDefaultConverter`1.OnTryWrite(Utf8JsonWriter writer, T value, JsonSerializerOptions options, WriteStack& state)
   at System.Text.Json.Serialization.JsonConverter`1.TryWrite(Utf8JsonWriter writer, T& value, JsonSerializerOptions options, WriteStack& state)
   at System.Text.Json.Serialization.Converters.IEnumerableDefaultConverter`2.OnWriteResume(Utf8JsonWriter writer, TCollection value, JsonSerializerOptions options, WriteStack& state)
   at System.Text.Json.Serialization.JsonCollectionConverter`2.OnTryWrite(Utf8JsonWriter writer, TCollection value, JsonSerializerOptions options, WriteStack& state)
   at System.Text.Json.Serialization.Metadata.JsonPropertyInfo`1.GetMemberAndWriteJson(Object obj, WriteStack& state, Utf8JsonWriter writer)
   at System.Text.Json.Serialization.Converters.ObjectDefaultConverter`1.OnTryWrite(Utf8JsonWriter writer, T value, JsonSerializerOptions options, WriteStack& state)
   at System.Text.Json.Serialization.Metadata.JsonPropertyInfo`1.GetMemberAndWriteJson(Object obj, WriteStack& state, Utf8JsonWriter writer)
   at System.Text.Json.Serialization.Converters.ObjectDefaultConverter`1.OnTryWrite(Utf8JsonWriter writer, T value, JsonSerializerOptions options, WriteStack& state)
   at System.Text.Json.Serialization.JsonConverter`1.TryWrite(Utf8JsonWriter writer, T& value, JsonSerializerOptions options, WriteStack& state)
   at System.Text.Json.Serialization.Converters.IEnumerableDefaultConverter`2.OnWriteResume(Utf8JsonWriter writer, TCollection value, JsonSerializerOptions options, WriteStack& state)
   at System.Text.Json.Serialization.JsonCollectionConverter`2.OnTryWrite(Utf8JsonWriter writer, TCollection value, JsonSerializerOptions options, WriteStack& state)
   at System.Text.Json.Serialization.Metadata.JsonPropertyInfo`1.GetMemberAndWriteJson(Object obj, WriteStack& state, Utf8JsonWriter writer)
   at System.Text.Json.Serialization.Converters.ObjectDefaultConverter`1.OnTryWrite(Utf8JsonWriter writer, T value, JsonSerializerOptions options, WriteStack& state)
   at System.Text.Json.Serialization.Metadata.JsonPropertyInfo`1.GetMemberAndWriteJson(Object obj, WriteStack& state, Utf8JsonWriter writer)
   at System.Text.Json.Serialization.Converters.ObjectDefaultConverter`1.OnTryWrite(Utf8JsonWriter writer, T value, JsonSerializerOptions options, WriteStack& state)
   at System.Text.Json.Serialization.JsonConverter`1.TryWrite(Utf8JsonWriter writer, T& value, JsonSerializerOptions options, WriteStack& state)
   at System.Text.Json.Serialization.Converters.IEnumerableDefaultConverter`2.OnWriteResume(Utf8JsonWriter writer, TCollection value, JsonSerializerOptions options, WriteStack& state)
   at System.Text.Json.Serialization.JsonCollectionConverter`2.OnTryWrite(Utf8JsonWriter writer, TCollection value, JsonSerializerOptions options, WriteStack& state)
   at System.Text.Json.Serialization.Metadata.JsonPropertyInfo`1.GetMemberAndWriteJson(Object obj, WriteStack& state, Utf8JsonWriter writer)
   at System.Text.Json.Serialization.Converters.ObjectDefaultConverter`1.OnTryWrite(Utf8JsonWriter writer, T value, JsonSerializerOptions options, WriteStack& state)
   at System.Text.Json.Serialization.Metadata.JsonPropertyInfo`1.GetMemberAndWriteJson(Object obj, WriteStack& state, Utf8JsonWriter writer)
   at System.Text.Json.Serialization.Converters.ObjectDefaultConverter`1.OnTryWrite(Utf8JsonWriter writer, T value, JsonSerializerOptions options, WriteStack& state)
   at System.Text.Json.Serialization.JsonConverter`1.TryWrite(Utf8JsonWriter writer, T& value, JsonSerializerOptions options, WriteStack& state)
   at System.Text.Json.Serialization.Converters.IEnumerableDefaultConverter`2.OnWriteResume(Utf8JsonWriter writer, TCollection value, JsonSerializerOptions options, WriteStack& state)
   at System.Text.Json.Serialization.JsonCollectionConverter`2.OnTryWrite(Utf8JsonWriter writer, TCollection value, JsonSerializerOptions options, WriteStack& state)
   at System.Text.Json.Serialization.Metadata.JsonPropertyInfo`1.GetMemberAndWriteJson(Object obj, WriteStack& state, Utf8JsonWriter writer)
   at System.Text.Json.Serialization.Converters.ObjectDefaultConverter`1.OnTryWrite(Utf8JsonWriter writer, T value, JsonSerializerOptions options, WriteStack& state)
   at System.Text.Json.Serialization.Metadata.JsonPropertyInfo`1.GetMemberAndWriteJson(Object obj, WriteStack& state, Utf8JsonWriter writer)
   at System.Text.Json.Serialization.Converters.ObjectDefaultConverter`1.OnTryWrite(Utf8JsonWriter writer, T value, JsonSerializerOptions options, WriteStack& state)
   at System.Text.Json.Serialization.JsonConverter`1.TryWrite(Utf8JsonWriter writer, T& value, JsonSerializerOptions options, WriteStack& state)
   at System.Text.Json.Serialization.Converters.IEnumerableDefaultConverter`2.OnWriteResume(Utf8JsonWriter writer, TCollection value, JsonSerializerOptions options, WriteStack& state)
   at System.Text.Json.Serialization.JsonCollectionConverter`2.OnTryWrite(Utf8JsonWriter writer, TCollection value, JsonSerializerOptions options, WriteStack& state)
   at System.Text.Json.Serialization.Metadata.JsonPropertyInfo`1.GetMemberAndWriteJson(Object obj, WriteStack& state, Utf8JsonWriter writer)
   at System.Text.Json.Serialization.Converters.ObjectDefaultConverter`1.OnTryWrite(Utf8JsonWriter writer, T value, JsonSerializerOptions options, WriteStack& state)
   at System.Text.Json.Serialization.Metadata.JsonPropertyInfo`1.GetMemberAndWriteJson(Object obj, WriteStack& state, Utf8JsonWriter writer)
   at System.Text.Json.Serialization.Converters.ObjectDefaultConverter`1.OnTryWrite(Utf8JsonWriter writer, T value, JsonSerializerOptions options, WriteStack& state)
   at System.Text.Json.Serialization.JsonConverter`1.TryWrite(Utf8JsonWriter writer, T& value, JsonSerializerOptions options, WriteStack& state)
   at System.Text.Json.Serialization.Converters.IEnumerableDefaultConverter`2.OnWriteResume(Utf8JsonWriter writer, TCollection value, JsonSerializerOptions options, WriteStack& state)
   at System.Text.Json.Serialization.JsonCollectionConverter`2.OnTryWrite(Utf8JsonWriter writer, TCollection value, JsonSerializerOptions options, WriteStack& state)
   at System.Text.Json.Serialization.Metadata.JsonPropertyInfo`1.GetMemberAndWriteJson(Object obj, WriteStack& state, Utf8JsonWriter writer)
   at System.Text.Json.Serialization.Converters.ObjectDefaultConverter`1.OnTryWrite(Utf8JsonWriter writer, T value, JsonSerializerOptions options, WriteStack& state)
   at System.Text.Json.Serialization.Metadata.JsonPropertyInfo`1.GetMemberAndWriteJson(Object obj, WriteStack& state, Utf8JsonWriter writer)
   at System.Text.Json.Serialization.Converters.ObjectDefaultConverter`1.OnTryWrite(Utf8JsonWriter writer, T value, JsonSerializerOptions options, WriteStack& state)
   at System.Text.Json.Serialization.JsonConverter`1.TryWrite(Utf8JsonWriter writer, T& value, JsonSerializerOptions options, WriteStack& state)
   at System.Text.Json.Serialization.Converters.IEnumerableDefaultConverter`2.OnWriteResume(Utf8JsonWriter writer, TCollection value, JsonSerializerOptions options, WriteStack& state)
   at System.Text.Json.Serialization.JsonCollectionConverter`2.OnTryWrite(Utf8JsonWriter writer, TCollection value, JsonSerializerOptions options, WriteStack& state)
   at System.Text.Json.Serialization.Metadata.JsonPropertyInfo`1.GetMemberAndWriteJson(Object obj, WriteStack& state, Utf8JsonWriter writer)
   at System.Text.Json.Serialization.Converters.ObjectDefaultConverter`1.OnTryWrite(Utf8JsonWriter writer, T value, JsonSerializerOptions options, WriteStack& state)
   at System.Text.Json.Serialization.Metadata.JsonPropertyInfo`1.GetMemberAndWriteJson(Object obj, WriteStack& state, Utf8JsonWriter writer)
   at System.Text.Json.Serialization.Converters.ObjectDefaultConverter`1.OnTryWrite(Utf8JsonWriter writer, T value, JsonSerializerOptions options, WriteStack& state)
   at System.Text.Json.Serialization.JsonConverter`1.TryWrite(Utf8JsonWriter writer, T& value, JsonSerializerOptions options, WriteStack& state)
   at System.Text.Json.Serialization.Converters.IEnumerableDefaultConverter`2.OnWriteResume(Utf8JsonWriter writer, TCollection value, JsonSerializerOptions options, WriteStack& state)
   at System.Text.Json.Serialization.JsonCollectionConverter`2.OnTryWrite(Utf8JsonWriter writer, TCollection value, JsonSerializerOptions options, WriteStack& state)
   at System.Text.Json.Serialization.Metadata.JsonPropertyInfo`1.GetMemberAndWriteJson(Object obj, WriteStack& state, Utf8JsonWriter writer)
   at System.Text.Json.Serialization.Converters.ObjectDefaultConverter`1.OnTryWrite(Utf8JsonWriter writer, T value, JsonSerializerOptions options, WriteStack& state)
   at System.Text.Json.Serialization.Metadata.JsonPropertyInfo`1.GetMemberAndWriteJson(Object obj, WriteStack& state, Utf8JsonWriter writer)
   at System.Text.Json.Serialization.Converters.ObjectDefaultConverter`1.OnTryWrite(Utf8JsonWriter writer, T value, JsonSerializerOptions options, WriteStack& state)
   at System.Text.Json.Serialization.JsonConverter`1.TryWrite(Utf8JsonWriter writer, T& value, JsonSerializerOptions options, WriteStack& state)
   at System.Text.Json.Serialization.Converters.IEnumerableDefaultConverter`2.OnWriteResume(Utf8JsonWriter writer, TCollection value, JsonSerializerOptions options, WriteStack& state)
   at System.Text.Json.Serialization.JsonCollectionConverter`2.OnTryWrite(Utf8JsonWriter writer, TCollection value, JsonSerializerOptions options, WriteStack& state)
   at System.Text.Json.Serialization.Metadata.JsonPropertyInfo`1.GetMemberAndWriteJson(Object obj, WriteStack& state, Utf8JsonWriter writer)
   at System.Text.Json.Serialization.Converters.ObjectDefaultConverter`1.OnTryWrite(Utf8JsonWriter writer, T value, JsonSerializerOptions options, WriteStack& state)
   at System.Text.Json.Serialization.Metadata.JsonPropertyInfo`1.GetMemberAndWriteJson(Object obj, WriteStack& state, Utf8JsonWriter writer)
   at System.Text.Json.Serialization.Converters.ObjectDefaultConverter`1.OnTryWrite(Utf8JsonWriter writer, T value, JsonSerializerOptions options, WriteStack& state)
   at System.Text.Json.Serialization.JsonConverter`1.TryWrite(Utf8JsonWriter writer, T& value, JsonSerializerOptions options, WriteStack& state)
   at System.Text.Json.Serialization.Converters.IEnumerableDefaultConverter`2.OnWriteResume(Utf8JsonWriter writer, TCollection value, JsonSerializerOptions options, WriteStack& state)
   at System.Text.Json.Serialization.JsonCollectionConverter`2.OnTryWrite(Utf8JsonWriter writer, TCollection value, JsonSerializerOptions options, WriteStack& state)
   at System.Text.Json.Serialization.Metadata.JsonPropertyInfo`1.GetMemberAndWriteJson(Object obj, WriteStack& state, Utf8JsonWriter writer)
   at System.Text.Json.Serialization.Converters.ObjectDefaultConverter`1.OnTryWrite(Utf8JsonWriter writer, T value, JsonSerializerOptions options, WriteStack& state)
   at System.Text.Json.Serialization.Metadata.JsonPropertyInfo`1.GetMemberAndWriteJson(Object obj, WriteStack& state, Utf8JsonWriter writer)
   at System.Text.Json.Serialization.Converters.ObjectDefaultConverter`1.OnTryWrite(Utf8JsonWriter writer, T value, JsonSerializerOptions options, WriteStack& state)
   at System.Text.Json.Serialization.Metadata.JsonPropertyInfo`1.GetMemberAndWriteJson(Object obj, WriteStack& state, Utf8JsonWriter writer)
   at System.Text.Json.Serialization.Converters.ObjectDefaultConverter`1.OnTryWrite(Utf8JsonWriter writer, T value, JsonSerializerOptions options, WriteStack& state)
   at System.Text.Json.Serialization.JsonConverter`1.TryWrite(Utf8JsonWriter writer, T& value, JsonSerializerOptions options, WriteStack& state)
   at System.Text.Json.Serialization.JsonConverter`1.WriteCore(Utf8JsonWriter writer, T& value, JsonSerializerOptions options, WriteStack& state)
   at System.Text.Json.Serialization.Metadata.JsonTypeInfo`1.SerializeAsync(PipeWriter pipeWriter, T rootValue, Int32 flushThreshold, CancellationToken cancellationToken, Object rootValueBoxed)
   at System.Text.Json.Serialization.Metadata.JsonTypeInfo`1.SerializeAsync(PipeWriter pipeWriter, T rootValue, Int32 flushThreshold, CancellationToken cancellationToken, Object rootValueBoxed)
   at System.Text.Json.Serialization.Metadata.JsonTypeInfo`1.SerializeAsync(PipeWriter pipeWriter, T rootValue, Int32 flushThreshold, CancellationToken cancellationToken, Object rootValueBoxed)
   at Microsoft.AspNetCore.Mvc.Formatters.SystemTextJsonOutputFormatter.WriteResponseBodyAsync(OutputFormatterWriteContext context, Encoding selectedEncoding)
   at Microsoft.AspNetCore.Mvc.Infrastructure.ResourceInvoker.<InvokeNextResultFilterAsync>g__Awaited|30_0[TFilter,TFilterAsync](ResourceInvoker invoker, Task lastTask, State next, Scope scope, Object state, Boolean isCompleted)
   at Microsoft.AspNetCore.Mvc.Infrastructure.ResourceInvoker.Rethrow(ResultExecutedContextSealed context)
   at Microsoft.AspNetCore.Mvc.Infrastructure.ResourceInvoker.ResultNext[TFilter,TFilterAsync](State& next, Scope& scope, Object& state, Boolean& isCompleted)
   at Microsoft.AspNetCore.Mvc.Infrastructure.ResourceInvoker.InvokeResultFilters()
--- End of stack trace from previous location ---
   at Microsoft.AspNetCore.Mvc.Infrastructure.ResourceInvoker.<InvokeFilterPipelineAsync>g__Awaited|20_0(ResourceInvoker invoker, Task lastTask, State next, Scope scope, Object state, Boolean isCompleted)
   at Microsoft.AspNetCore.Mvc.Infrastructure.ResourceInvoker.<InvokeAsync>g__Awaited|17_0(ResourceInvoker invoker, Task task, IDisposable scope)
   at Microsoft.AspNetCore.Mvc.Infrastructure.ResourceInvoker.<InvokeAsync>g__Awaited|17_0(ResourceInvoker invoker, Task task, IDisposable scope)
   at Freshwalk.API.Logging.AuditRequestLoggingMiddleware.InvokeAsync(HttpContext context, RequestDelegate next) in D:\Projects\Freshwalk Shoe Cleaning web app\API\Freshwalk.API\Logging\AuditRequestLoggingMiddleware.cs:line 63
   at Freshwalk.API.Logging.AuditRequestLoggingMiddleware.InvokeAsync(HttpContext context, RequestDelegate next) in D:\Projects\Freshwalk Shoe Cleaning web app\API\Freshwalk.API\Logging\AuditRequestLoggingMiddleware.cs:line 91
   at Freshwalk.API.Logging.AuditRequestLoggingMiddleware.InvokeAsync(HttpContext context, RequestDelegate next) in D:\Projects\Freshwalk Shoe Cleaning web app\API\Freshwalk.API\Logging\AuditRequestLoggingMiddleware.cs:line 91
   at Microsoft.AspNetCore.Builder.UseMiddlewareExtensions.InterfaceMiddlewareBinder.<>c__DisplayClass2_0.<<CreateMiddleware>b__0>d.MoveNext()
--- End of stack trace from previous location ---
   at Microsoft.AspNetCore.Authorization.AuthorizationMiddleware.Invoke(HttpContext context)
   at Microsoft.AspNetCore.Authentication.AuthenticationMiddleware.Invoke(HttpContext context)
   at Serilog.AspNetCore.RequestLoggingMiddleware.Invoke(HttpContext httpContext)
2026-03-29 13:06:00.180 +03:00 [ERR] An unhandled exception has occurred while executing the request.
System.Text.Json.JsonException: A possible object cycle was detected. This can either be due to a cycle or if the object depth is larger than the maximum allowed depth of 32. Consider using ReferenceHandler.Preserve on JsonSerializerOptions to support cycles. Path: $.Booking.Customer.Bookings.Customer.Bookings.Customer.Bookings.Customer.Bookings.Customer.Bookings.Customer.Bookings.Customer.Bookings.Customer.Bookings.Customer.Bookings.Customer.Bookings.Id.
   at System.Text.Json.ThrowHelper.ThrowJsonException_SerializerCycleDetected(Int32 maxDepth)
   at System.Text.Json.Serialization.JsonConverter`1.TryWrite(Utf8JsonWriter writer, T& value, JsonSerializerOptions options, WriteStack& state)
   at System.Text.Json.Serialization.Metadata.JsonPropertyInfo`1.GetMemberAndWriteJson(Object obj, WriteStack& state, Utf8JsonWriter writer)
   at System.Text.Json.Serialization.Converters.ObjectDefaultConverter`1.OnTryWrite(Utf8JsonWriter writer, T value, JsonSerializerOptions options, WriteStack& state)
   at System.Text.Json.Serialization.JsonConverter`1.TryWrite(Utf8JsonWriter writer, T& value, JsonSerializerOptions options, WriteStack& state)
   at System.Text.Json.Serialization.Converters.IEnumerableDefaultConverter`2.OnWriteResume(Utf8JsonWriter writer, TCollection value, JsonSerializerOptions options, WriteStack& state)
   at System.Text.Json.Serialization.JsonCollectionConverter`2.OnTryWrite(Utf8JsonWriter writer, TCollection value, JsonSerializerOptions options, WriteStack& state)
   at System.Text.Json.Serialization.Metadata.JsonPropertyInfo`1.GetMemberAndWriteJson(Object obj, WriteStack& state, Utf8JsonWriter writer)
   at System.Text.Json.Serialization.Converters.ObjectDefaultConverter`1.OnTryWrite(Utf8JsonWriter writer, T value, JsonSerializerOptions options, WriteStack& state)
   at System.Text.Json.Serialization.Metadata.JsonPropertyInfo`1.GetMemberAndWriteJson(Object obj, WriteStack& state, Utf8JsonWriter writer)
   at System.Text.Json.Serialization.Converters.ObjectDefaultConverter`1.OnTryWrite(Utf8JsonWriter writer, T value, JsonSerializerOptions options, WriteStack& state)
   at System.Text.Json.Serialization.JsonConverter`1.TryWrite(Utf8JsonWriter writer, T& value, JsonSerializerOptions options, WriteStack& state)
   at System.Text.Json.Serialization.Converters.IEnumerableDefaultConverter`2.OnWriteResume(Utf8JsonWriter writer, TCollection value, JsonSerializerOptions options, WriteStack& state)
   at System.Text.Json.Serialization.JsonCollectionConverter`2.OnTryWrite(Utf8JsonWriter writer, TCollection value, JsonSerializerOptions options, WriteStack& state)
   at System.Text.Json.Serialization.Metadata.JsonPropertyInfo`1.GetMemberAndWriteJson(Object obj, WriteStack& state, Utf8JsonWriter writer)
   at System.Text.Json.Serialization.Converters.ObjectDefaultConverter`1.OnTryWrite(Utf8JsonWriter writer, T value, JsonSerializerOptions options, WriteStack& state)
   at System.Text.Json.Serialization.Metadata.JsonPropertyInfo`1.GetMemberAndWriteJson(Object obj, WriteStack& state, Utf8JsonWriter writer)
   at System.Text.Json.Serialization.Converters.ObjectDefaultConverter`1.OnTryWrite(Utf8JsonWriter writer, T value, JsonSerializerOptions options, WriteStack& state)
   at System.Text.Json.Serialization.JsonConverter`1.TryWrite(Utf8JsonWriter writer, T& value, JsonSerializerOptions options, WriteStack& state)
   at System.Text.Json.Serialization.Converters.IEnumerableDefaultConverter`2.OnWriteResume(Utf8JsonWriter writer, TCollection value, JsonSerializerOptions options, WriteStack& state)
   at System.Text.Json.Serialization.JsonCollectionConverter`2.OnTryWrite(Utf8JsonWriter writer, TCollection value, JsonSerializerOptions options, WriteStack& state)
   at System.Text.Json.Serialization.Metadata.JsonPropertyInfo`1.GetMemberAndWriteJson(Object obj, WriteStack& state, Utf8JsonWriter writer)
   at System.Text.Json.Serialization.Converters.ObjectDefaultConverter`1.OnTryWrite(Utf8JsonWriter writer, T value, JsonSerializerOptions options, WriteStack& state)
   at System.Text.Json.Serialization.Metadata.JsonPropertyInfo`1.GetMemberAndWriteJson(Object obj, WriteStack& state, Utf8JsonWriter writer)
   at System.Text.Json.Serialization.Converters.ObjectDefaultConverter`1.OnTryWrite(Utf8JsonWriter writer, T value, JsonSerializerOptions options, WriteStack& state)
   at System.Text.Json.Serialization.JsonConverter`1.TryWrite(Utf8JsonWriter writer, T& value, JsonSerializerOptions options, WriteStack& state)
   at System.Text.Json.Serialization.Converters.IEnumerableDefaultConverter`2.OnWriteResume(Utf8JsonWriter writer, TCollection value, JsonSerializerOptions options, WriteStack& state)
   at System.Text.Json.Serialization.JsonCollectionConverter`2.OnTryWrite(Utf8JsonWriter writer, TCollection value, JsonSerializerOptions options, WriteStack& state)
   at System.Text.Json.Serialization.Metadata.JsonPropertyInfo`1.GetMemberAndWriteJson(Object obj, WriteStack& state, Utf8JsonWriter writer)
   at System.Text.Json.Serialization.Converters.ObjectDefaultConverter`1.OnTryWrite(Utf8JsonWriter writer, T value, JsonSerializerOptions options, WriteStack& state)
   at System.Text.Json.Serialization.Metadata.JsonPropertyInfo`1.GetMemberAndWriteJson(Object obj, WriteStack& state, Utf8JsonWriter writer)
   at System.Text.Json.Serialization.Converters.ObjectDefaultConverter`1.OnTryWrite(Utf8JsonWriter writer, T value, JsonSerializerOptions options, WriteStack& state)
   at System.Text.Json.Serialization.JsonConverter`1.TryWrite(Utf8JsonWriter writer, T& value, JsonSerializerOptions options, WriteStack& state)
   at System.Text.Json.Serialization.Converters.IEnumerableDefaultConverter`2.OnWriteResume(Utf8JsonWriter writer, TCollection value, JsonSerializerOptions options, WriteStack& state)
   at System.Text.Json.Serialization.JsonCollectionConverter`2.OnTryWrite(Utf8JsonWriter writer, TCollection value, JsonSerializerOptions options, WriteStack& state)
   at System.Text.Json.Serialization.Metadata.JsonPropertyInfo`1.GetMemberAndWriteJson(Object obj, WriteStack& state, Utf8JsonWriter writer)
   at System.Text.Json.Serialization.Converters.ObjectDefaultConverter`1.OnTryWrite(Utf8JsonWriter writer, T value, JsonSerializerOptions options, WriteStack& state)
   at System.Text.Json.Serialization.Metadata.JsonPropertyInfo`1.GetMemberAndWriteJson(Object obj, WriteStack& state, Utf8JsonWriter writer)
   at System.Text.Json.Serialization.Converters.ObjectDefaultConverter`1.OnTryWrite(Utf8JsonWriter writer, T value, JsonSerializerOptions options, WriteStack& state)
   at System.Text.Json.Serialization.JsonConverter`1.TryWrite(Utf8JsonWriter writer, T& value, JsonSerializerOptions options, WriteStack& state)
   at System.Text.Json.Serialization.Converters.IEnumerableDefaultConverter`2.OnWriteResume(Utf8JsonWriter writer, TCollection value, JsonSerializerOptions options, WriteStack& state)
   at System.Text.Json.Serialization.JsonCollectionConverter`2.OnTryWrite(Utf8JsonWriter writer, TCollection value, JsonSerializerOptions options, WriteStack& state)
   at System.Text.Json.Serialization.Metadata.JsonPropertyInfo`1.GetMemberAndWriteJson(Object obj, WriteStack& state, Utf8JsonWriter writer)
   at System.Text.Json.Serialization.Converters.ObjectDefaultConverter`1.OnTryWrite(Utf8JsonWriter writer, T value, JsonSerializerOptions options, WriteStack& state)
   at System.Text.Json.Serialization.Metadata.JsonPropertyInfo`1.GetMemberAndWriteJson(Object obj, WriteStack& state, Utf8JsonWriter writer)
   at System.Text.Json.Serialization.Converters.ObjectDefaultConverter`1.OnTryWrite(Utf8JsonWriter writer, T value, JsonSerializerOptions options, WriteStack& state)
   at System.Text.Json.Serialization.JsonConverter`1.TryWrite(Utf8JsonWriter writer, T& value, JsonSerializerOptions options, WriteStack& state)
   at System.Text.Json.Serialization.Converters.IEnumerableDefaultConverter`2.OnWriteResume(Utf8JsonWriter writer, TCollection value, JsonSerializerOptions options, WriteStack& state)
   at System.Text.Json.Serialization.JsonCollectionConverter`2.OnTryWrite(Utf8JsonWriter writer, TCollection value, JsonSerializerOptions options, WriteStack& state)
   at System.Text.Json.Serialization.Metadata.JsonPropertyInfo`1.GetMemberAndWriteJson(Object obj, WriteStack& state, Utf8JsonWriter writer)
   at System.Text.Json.Serialization.Converters.ObjectDefaultConverter`1.OnTryWrite(Utf8JsonWriter writer, T value, JsonSerializerOptions options, WriteStack& state)
   at System.Text.Json.Serialization.Metadata.JsonPropertyInfo`1.GetMemberAndWriteJson(Object obj, WriteStack& state, Utf8JsonWriter writer)
   at System.Text.Json.Serialization.Converters.ObjectDefaultConverter`1.OnTryWrite(Utf8JsonWriter writer, T value, JsonSerializerOptions options, WriteStack& state)
   at System.Text.Json.Serialization.JsonConverter`1.TryWrite(Utf8JsonWriter writer, T& value, JsonSerializerOptions options, WriteStack& state)
   at System.Text.Json.Serialization.Converters.IEnumerableDefaultConverter`2.OnWriteResume(Utf8JsonWriter writer, TCollection value, JsonSerializerOptions options, WriteStack& state)
   at System.Text.Json.Serialization.JsonCollectionConverter`2.OnTryWrite(Utf8JsonWriter writer, TCollection value, JsonSerializerOptions options, WriteStack& state)
   at System.Text.Json.Serialization.Metadata.JsonPropertyInfo`1.GetMemberAndWriteJson(Object obj, WriteStack& state, Utf8JsonWriter writer)
   at System.Text.Json.Serialization.Converters.ObjectDefaultConverter`1.OnTryWrite(Utf8JsonWriter writer, T value, JsonSerializerOptions options, WriteStack& state)
   at System.Text.Json.Serialization.Metadata.JsonPropertyInfo`1.GetMemberAndWriteJson(Object obj, WriteStack& state, Utf8JsonWriter writer)
   at System.Text.Json.Serialization.Converters.ObjectDefaultConverter`1.OnTryWrite(Utf8JsonWriter writer, T value, JsonSerializerOptions options, WriteStack& state)
   at System.Text.Json.Serialization.JsonConverter`1.TryWrite(Utf8JsonWriter writer, T& value, JsonSerializerOptions options, WriteStack& state)
   at System.Text.Json.Serialization.Converters.IEnumerableDefaultConverter`2.OnWriteResume(Utf8JsonWriter writer, TCollection value, JsonSerializerOptions options, WriteStack& state)
   at System.Text.Json.Serialization.JsonCollectionConverter`2.OnTryWrite(Utf8JsonWriter writer, TCollection value, JsonSerializerOptions options, WriteStack& state)
   at System.Text.Json.Serialization.Metadata.JsonPropertyInfo`1.GetMemberAndWriteJson(Object obj, WriteStack& state, Utf8JsonWriter writer)
   at System.Text.Json.Serialization.Converters.ObjectDefaultConverter`1.OnTryWrite(Utf8JsonWriter writer, T value, JsonSerializerOptions options, WriteStack& state)
   at System.Text.Json.Serialization.Metadata.JsonPropertyInfo`1.GetMemberAndWriteJson(Object obj, WriteStack& state, Utf8JsonWriter writer)
   at System.Text.Json.Serialization.Converters.ObjectDefaultConverter`1.OnTryWrite(Utf8JsonWriter writer, T value, JsonSerializerOptions options, WriteStack& state)
   at System.Text.Json.Serialization.JsonConverter`1.TryWrite(Utf8JsonWriter writer, T& value, JsonSerializerOptions options, WriteStack& state)
   at System.Text.Json.Serialization.Converters.IEnumerableDefaultConverter`2.OnWriteResume(Utf8JsonWriter writer, TCollection value, JsonSerializerOptions options, WriteStack& state)
   at System.Text.Json.Serialization.JsonCollectionConverter`2.OnTryWrite(Utf8JsonWriter writer, TCollection value, JsonSerializerOptions options, WriteStack& state)
   at System.Text.Json.Serialization.Metadata.JsonPropertyInfo`1.GetMemberAndWriteJson(Object obj, WriteStack& state, Utf8JsonWriter writer)
   at System.Text.Json.Serialization.Converters.ObjectDefaultConverter`1.OnTryWrite(Utf8JsonWriter writer, T value, JsonSerializerOptions options, WriteStack& state)
   at System.Text.Json.Serialization.Metadata.JsonPropertyInfo`1.GetMemberAndWriteJson(Object obj, WriteStack& state, Utf8JsonWriter writer)
   at System.Text.Json.Serialization.Converters.ObjectDefaultConverter`1.OnTryWrite(Utf8JsonWriter writer, T value, JsonSerializerOptions options, WriteStack& state)
   at System.Text.Json.Serialization.Metadata.JsonPropertyInfo`1.GetMemberAndWriteJson(Object obj, WriteStack& state, Utf8JsonWriter writer)
   at System.Text.Json.Serialization.Converters.ObjectDefaultConverter`1.OnTryWrite(Utf8JsonWriter writer, T value, JsonSerializerOptions options, WriteStack& state)
   at System.Text.Json.Serialization.JsonConverter`1.TryWrite(Utf8JsonWriter writer, T& value, JsonSerializerOptions options, WriteStack& state)
   at System.Text.Json.Serialization.JsonConverter`1.WriteCore(Utf8JsonWriter writer, T& value, JsonSerializerOptions options, WriteStack& state)
   at System.Text.Json.Serialization.Metadata.JsonTypeInfo`1.SerializeAsync(PipeWriter pipeWriter, T rootValue, Int32 flushThreshold, CancellationToken cancellationToken, Object rootValueBoxed)
   at System.Text.Json.Serialization.Metadata.JsonTypeInfo`1.SerializeAsync(PipeWriter pipeWriter, T rootValue, Int32 flushThreshold, CancellationToken cancellationToken, Object rootValueBoxed)
   at System.Text.Json.Serialization.Metadata.JsonTypeInfo`1.SerializeAsync(PipeWriter pipeWriter, T rootValue, Int32 flushThreshold, CancellationToken cancellationToken, Object rootValueBoxed)
   at Microsoft.AspNetCore.Mvc.Formatters.SystemTextJsonOutputFormatter.WriteResponseBodyAsync(OutputFormatterWriteContext context, Encoding selectedEncoding)
   at Microsoft.AspNetCore.Mvc.Infrastructure.ResourceInvoker.<InvokeNextResultFilterAsync>g__Awaited|30_0[TFilter,TFilterAsync](ResourceInvoker invoker, Task lastTask, State next, Scope scope, Object state, Boolean isCompleted)
   at Microsoft.AspNetCore.Mvc.Infrastructure.ResourceInvoker.Rethrow(ResultExecutedContextSealed context)
   at Microsoft.AspNetCore.Mvc.Infrastructure.ResourceInvoker.ResultNext[TFilter,TFilterAsync](State& next, Scope& scope, Object& state, Boolean& isCompleted)
   at Microsoft.AspNetCore.Mvc.Infrastructure.ResourceInvoker.InvokeResultFilters()
--- End of stack trace from previous location ---
   at Microsoft.AspNetCore.Mvc.Infrastructure.ResourceInvoker.<InvokeFilterPipelineAsync>g__Awaited|20_0(ResourceInvoker invoker, Task lastTask, State next, Scope scope, Object state, Boolean isCompleted)
   at Microsoft.AspNetCore.Mvc.Infrastructure.ResourceInvoker.<InvokeAsync>g__Awaited|17_0(ResourceInvoker invoker, Task task, IDisposable scope)
   at Microsoft.AspNetCore.Mvc.Infrastructure.ResourceInvoker.<InvokeAsync>g__Awaited|17_0(ResourceInvoker invoker, Task task, IDisposable scope)
   at Freshwalk.API.Logging.AuditRequestLoggingMiddleware.InvokeAsync(HttpContext context, RequestDelegate next) in D:\Projects\Freshwalk Shoe Cleaning web app\API\Freshwalk.API\Logging\AuditRequestLoggingMiddleware.cs:line 63
   at Freshwalk.API.Logging.AuditRequestLoggingMiddleware.InvokeAsync(HttpContext context, RequestDelegate next) in D:\Projects\Freshwalk Shoe Cleaning web app\API\Freshwalk.API\Logging\AuditRequestLoggingMiddleware.cs:line 91
   at Freshwalk.API.Logging.AuditRequestLoggingMiddleware.InvokeAsync(HttpContext context, RequestDelegate next) in D:\Projects\Freshwalk Shoe Cleaning web app\API\Freshwalk.API\Logging\AuditRequestLoggingMiddleware.cs:line 91
   at Microsoft.AspNetCore.Builder.UseMiddlewareExtensions.InterfaceMiddlewareBinder.<>c__DisplayClass2_0.<<CreateMiddleware>b__0>d.MoveNext()
--- End of stack trace from previous location ---
   at Microsoft.AspNetCore.Authorization.AuthorizationMiddleware.Invoke(HttpContext context)
   at Microsoft.AspNetCore.Authentication.AuthenticationMiddleware.Invoke(HttpContext context)
   at Serilog.AspNetCore.RequestLoggingMiddleware.Invoke(HttpContext httpContext)
   at Swashbuckle.AspNetCore.SwaggerUI.SwaggerUIMiddleware.Invoke(HttpContext httpContext)
   at Swashbuckle.AspNetCore.Swagger.SwaggerMiddleware.Invoke(HttpContext httpContext, ISwaggerProvider swaggerProvider)
   at Microsoft.AspNetCore.Diagnostics.DeveloperExceptionPageMiddlewareImpl.Invoke(HttpContext context)
2026-03-29 13:06:00.931 +03:00 [INF] Executed DbCommand (411ms) [Parameters=[@__id_0='?' (DbType = Guid)], CommandType='"Text"', CommandTimeout='30']
SELECT s."Id", s."AddOns", s."BookingReference", s."BundleDiscountPercent", s."CreatedAt", s."CustomerId", s."DiscountAmountKes", s."NubuckLines", s."OfficialLeatherLines", s."PickupAddress", s."PickupLatitude", s."PickupLocationUrl", s."PickupLongitude", s."PriceKes", s."SneakersLines", s."Status", s."SubtotalBeforeDiscountKes", s."SuedeLines", s."TotalPairs", s."Id0", s."AccessFailedCount", s."Address", s."ConcurrencyStamp", s."CreatedAt0", s."CustomerReference", s."Email", s."EmailConfirmed", s."FullName", s."IsActive", s."LockoutEnabled", s."LockoutEnd", s."NormalizedEmail", s."NormalizedUserName", s."PasswordHash", s."PhoneNumber", s."PhoneNumberConfirmed", s."SecurityStamp", s."TwoFactorEnabled", s."UserName", s."Id1", s."Amount", s."BookingId", s."CreatedAt1", s."MpesaCheckoutRequestId", s."MpesaMerchantRequestId", s."MpesaReceipt", s."PayerPhoneNumber", s."PaymentReference", s."Status0", s."Id2", s."AgentId", s."BookingId0", s."CleaningCompletedAt", s."CleaningStartedAt", s."CustomerId0", s."DeliveredAt", s."DeliveryOtp", s."DeliveryOtpExpiresAt", s."DeliveryOtpVerifiedAt", s."OrderReference", s."PickedUpAt", s."PickupOtp", s."PickupOtpExpiresAt", s."PickupOtpVerifiedAt", s."Status1", s0."Id", s0."AssignedAt", s0."AssignmentReference", s0."AssignmentType", s0."CompletedAt", s0."Notes", s0."OrderId", s0."RiderId", s0."Status", s0."Id0", s0."AccessFailedCount", s0."Address", s0."ConcurrencyStamp", s0."CreatedAt", s0."CustomerReference", s0."Email", s0."EmailConfirmed", s0."FullName", s0."IsActive", s0."LockoutEnabled", s0."LockoutEnd", s0."NormalizedEmail", s0."NormalizedUserName", s0."PasswordHash", s0."PhoneNumber", s0."PhoneNumberConfirmed", s0."SecurityStamp", s0."TwoFactorEnabled", s0."UserName"
FROM (
    SELECT b."Id", b."AddOns", b."BookingReference", b."BundleDiscountPercent", b."CreatedAt", b."CustomerId", b."DiscountAmountKes", b."NubuckLines", b."OfficialLeatherLines", b."PickupAddress", b."PickupLatitude", b."PickupLocationUrl", b."PickupLongitude", b."PriceKes", b."SneakersLines", b."Status", b."SubtotalBeforeDiscountKes", b."SuedeLines", b."TotalPairs", f."Id" AS "Id0", f."AccessFailedCount", f."Address", f."ConcurrencyStamp", f."CreatedAt" AS "CreatedAt0", f."CustomerReference", f."Email", f."EmailConfirmed", f."FullName", f."IsActive", f."LockoutEnabled", f."LockoutEnd", f."NormalizedEmail", f."NormalizedUserName", f."PasswordHash", f."PhoneNumber", f."PhoneNumberConfirmed", f."SecurityStamp", f."TwoFactorEnabled", f."UserName", p."Id" AS "Id1", p."Amount", p."BookingId", p."CreatedAt" AS "CreatedAt1", p."MpesaCheckoutRequestId", p."MpesaMerchantRequestId", p."MpesaReceipt", p."PayerPhoneNumber", p."PaymentReference", p."Status" AS "Status0", o."Id" AS "Id2", o."AgentId", o."BookingId" AS "BookingId0", o."CleaningCompletedAt", o."CleaningStartedAt", o."CustomerId" AS "CustomerId0", o."DeliveredAt", o."DeliveryOtp", o."DeliveryOtpExpiresAt", o."DeliveryOtpVerifiedAt", o."OrderReference", o."PickedUpAt", o."PickupOtp", o."PickupOtpExpiresAt", o."PickupOtpVerifiedAt", o."Status" AS "Status1"
    FROM "Bookings" AS b
    INNER JOIN "FreshwalkUsers" AS f ON b."CustomerId" = f."Id"
    LEFT JOIN "Payments" AS p ON b."Id" = p."BookingId"
    LEFT JOIN "Orders" AS o ON b."Id" = o."BookingId"
    WHERE b."Id" = @__id_0
    LIMIT 1
) AS s
LEFT JOIN (
    SELECT o0."Id", o0."AssignedAt", o0."AssignmentReference", o0."AssignmentType", o0."CompletedAt", o0."Notes", o0."OrderId", o0."RiderId", o0."Status", f0."Id" AS "Id0", f0."AccessFailedCount", f0."Address", f0."ConcurrencyStamp", f0."CreatedAt", f0."CustomerReference", f0."Email", f0."EmailConfirmed", f0."FullName", f0."IsActive", f0."LockoutEnabled", f0."LockoutEnd", f0."NormalizedEmail", f0."NormalizedUserName", f0."PasswordHash", f0."PhoneNumber", f0."PhoneNumberConfirmed", f0."SecurityStamp", f0."TwoFactorEnabled", f0."UserName"
    FROM "OrderRiderAssignments" AS o0
    INNER JOIN "FreshwalkUsers" AS f0 ON o0."RiderId" = f0."Id"
) AS s0 ON s."Id2" = s0."OrderId"
ORDER BY s."Id", s."Id0", s."Id1", s."Id2", s0."Id"
2026-03-29 13:06:01.314 +03:00 [INF] Executed DbCommand (333ms) [Parameters=[@__p_0='?' (DbType = Guid)], CommandType='"Text"', CommandTimeout='30']
SELECT f."Id", f."AccessFailedCount", f."Address", f."ConcurrencyStamp", f."CreatedAt", f."CustomerReference", f."Email", f."EmailConfirmed", f."FullName", f."IsActive", f."LockoutEnabled", f."LockoutEnd", f."NormalizedEmail", f."NormalizedUserName", f."PasswordHash", f."PhoneNumber", f."PhoneNumberConfirmed", f."SecurityStamp", f."TwoFactorEnabled", f."UserName"
FROM "FreshwalkUsers" AS f
WHERE f."Id" = @__p_0
LIMIT 1
2026-03-29 13:06:01.321 +03:00 [INF] HTTP GET /api/agent/bookings/48fae778-790f-4b40-bed9-8acd68ad424e responded 200 in 2258.5405 ms
2026-03-29 13:06:01.530 +03:00 [INF] Executed DbCommand (201ms) [Parameters=[@__id_0='?' (DbType = Guid)], CommandType='"Text"', CommandTimeout='30']
SELECT s."Id", s."AgentId", s."BookingId", s."CleaningCompletedAt", s."CleaningStartedAt", s."CustomerId", s."DeliveredAt", s."DeliveryOtp", s."DeliveryOtpExpiresAt", s."DeliveryOtpVerifiedAt", s."OrderReference", s."PickedUpAt", s."PickupOtp", s."PickupOtpExpiresAt", s."PickupOtpVerifiedAt", s."Status", s."Id0", s."AddOns", s."BookingReference", s."BundleDiscountPercent", s."CreatedAt", s."CustomerId0", s."DiscountAmountKes", s."NubuckLines", s."OfficialLeatherLines", s."PickupAddress", s."PickupLatitude", s."PickupLocationUrl", s."PickupLongitude", s."PriceKes", s."SneakersLines", s."Status0", s."SubtotalBeforeDiscountKes", s."SuedeLines", s."TotalPairs", s."Id1", s."AccessFailedCount", s."Address", s."ConcurrencyStamp", s."CreatedAt0", s."CustomerReference", s."Email", s."EmailConfirmed", s."FullName", s."IsActive", s."LockoutEnabled", s."LockoutEnd", s."NormalizedEmail", s."NormalizedUserName", s."PasswordHash", s."PhoneNumber", s."PhoneNumberConfirmed", s."SecurityStamp", s."TwoFactorEnabled", s."UserName", s."Id2", s."Amount", s."BookingId0", s."CreatedAt1", s."MpesaCheckoutRequestId", s."MpesaMerchantRequestId", s."MpesaReceipt", s."PayerPhoneNumber", s."PaymentReference", s."Status1", s0."Id", s0."AssignedAt", s0."AssignmentReference", s0."AssignmentType", s0."CompletedAt", s0."Notes", s0."OrderId", s0."RiderId", s0."Status", s0."Id0", s0."AccessFailedCount", s0."Address", s0."ConcurrencyStamp", s0."CreatedAt", s0."CustomerReference", s0."Email", s0."EmailConfirmed", s0."FullName", s0."IsActive", s0."LockoutEnabled", s0."LockoutEnd", s0."NormalizedEmail", s0."NormalizedUserName", s0."PasswordHash", s0."PhoneNumber", s0."PhoneNumberConfirmed", s0."SecurityStamp", s0."TwoFactorEnabled", s0."UserName"
FROM (
    SELECT o."Id", o."AgentId", o."BookingId", o."CleaningCompletedAt", o."CleaningStartedAt", o."CustomerId", o."DeliveredAt", o."DeliveryOtp", o."DeliveryOtpExpiresAt", o."DeliveryOtpVerifiedAt", o."OrderReference", o."PickedUpAt", o."PickupOtp", o."PickupOtpExpiresAt", o."PickupOtpVerifiedAt", o."Status", b."Id" AS "Id0", b."AddOns", b."BookingReference", b."BundleDiscountPercent", b."CreatedAt", b."CustomerId" AS "CustomerId0", b."DiscountAmountKes", b."NubuckLines", b."OfficialLeatherLines", b."PickupAddress", b."PickupLatitude", b."PickupLocationUrl", b."PickupLongitude", b."PriceKes", b."SneakersLines", b."Status" AS "Status0", b."SubtotalBeforeDiscountKes", b."SuedeLines", b."TotalPairs", f."Id" AS "Id1", f."AccessFailedCount", f."Address", f."ConcurrencyStamp", f."CreatedAt" AS "CreatedAt0", f."CustomerReference", f."Email", f."EmailConfirmed", f."FullName", f."IsActive", f."LockoutEnabled", f."LockoutEnd", f."NormalizedEmail", f."NormalizedUserName", f."PasswordHash", f."PhoneNumber", f."PhoneNumberConfirmed", f."SecurityStamp", f."TwoFactorEnabled", f."UserName", p."Id" AS "Id2", p."Amount", p."BookingId" AS "BookingId0", p."CreatedAt" AS "CreatedAt1", p."MpesaCheckoutRequestId", p."MpesaMerchantRequestId", p."MpesaReceipt", p."PayerPhoneNumber", p."PaymentReference", p."Status" AS "Status1"
    FROM "Orders" AS o
    INNER JOIN "Bookings" AS b ON o."BookingId" = b."Id"
    INNER JOIN "FreshwalkUsers" AS f ON b."CustomerId" = f."Id"
    LEFT JOIN "Payments" AS p ON b."Id" = p."BookingId"
    WHERE o."Id" = @__id_0
    LIMIT 1
) AS s
LEFT JOIN (
    SELECT o0."Id", o0."AssignedAt", o0."AssignmentReference", o0."AssignmentType", o0."CompletedAt", o0."Notes", o0."OrderId", o0."RiderId", o0."Status", f0."Id" AS "Id0", f0."AccessFailedCount", f0."Address", f0."ConcurrencyStamp", f0."CreatedAt", f0."CustomerReference", f0."Email", f0."EmailConfirmed", f0."FullName", f0."IsActive", f0."LockoutEnabled", f0."LockoutEnd", f0."NormalizedEmail", f0."NormalizedUserName", f0."PasswordHash", f0."PhoneNumber", f0."PhoneNumberConfirmed", f0."SecurityStamp", f0."TwoFactorEnabled", f0."UserName"
    FROM "OrderRiderAssignments" AS o0
    INNER JOIN "FreshwalkUsers" AS f0 ON o0."RiderId" = f0."Id"
) AS s0 ON s."Id" = s0."OrderId"
ORDER BY s."Id", s."Id0", s."Id1", s."Id2", s0."Id"
2026-03-29 13:06:01.761 +03:00 [INF] Executed DbCommand (218ms) [Parameters=[@__p_0='?' (DbType = Guid)], CommandType='"Text"', CommandTimeout='30']
SELECT f."Id", f."AccessFailedCount", f."Address", f."ConcurrencyStamp", f."CreatedAt", f."CustomerReference", f."Email", f."EmailConfirmed", f."FullName", f."IsActive", f."LockoutEnabled", f."LockoutEnd", f."NormalizedEmail", f."NormalizedUserName", f."PasswordHash", f."PhoneNumber", f."PhoneNumberConfirmed", f."SecurityStamp", f."TwoFactorEnabled", f."UserName"
FROM "FreshwalkUsers" AS f
WHERE f."Id" = @__p_0
LIMIT 1
2026-03-29 13:06:01.770 +03:00 [ERR] HTTP GET /api/orders/d14bdb84-949d-4ba8-92ba-5799879538f8 responded 500 in 443.1867 ms
System.Text.Json.JsonException: A possible object cycle was detected. This can either be due to a cycle or if the object depth is larger than the maximum allowed depth of 32. Consider using ReferenceHandler.Preserve on JsonSerializerOptions to support cycles. Path: $.Booking.Customer.Bookings.Customer.Bookings.Customer.Bookings.Customer.Bookings.Customer.Bookings.Customer.Bookings.Customer.Bookings.Customer.Bookings.Customer.Bookings.Customer.Bookings.Id.
   at System.Text.Json.ThrowHelper.ThrowJsonException_SerializerCycleDetected(Int32 maxDepth)
   at System.Text.Json.Serialization.JsonConverter`1.TryWrite(Utf8JsonWriter writer, T& value, JsonSerializerOptions options, WriteStack& state)
   at System.Text.Json.Serialization.Metadata.JsonPropertyInfo`1.GetMemberAndWriteJson(Object obj, WriteStack& state, Utf8JsonWriter writer)
   at System.Text.Json.Serialization.Converters.ObjectDefaultConverter`1.OnTryWrite(Utf8JsonWriter writer, T value, JsonSerializerOptions options, WriteStack& state)
   at System.Text.Json.Serialization.JsonConverter`1.TryWrite(Utf8JsonWriter writer, T& value, JsonSerializerOptions options, WriteStack& state)
   at System.Text.Json.Serialization.Converters.IEnumerableDefaultConverter`2.OnWriteResume(Utf8JsonWriter writer, TCollection value, JsonSerializerOptions options, WriteStack& state)
   at System.Text.Json.Serialization.JsonCollectionConverter`2.OnTryWrite(Utf8JsonWriter writer, TCollection value, JsonSerializerOptions options, WriteStack& state)
   at System.Text.Json.Serialization.Metadata.JsonPropertyInfo`1.GetMemberAndWriteJson(Object obj, WriteStack& state, Utf8JsonWriter writer)
   at System.Text.Json.Serialization.Converters.ObjectDefaultConverter`1.OnTryWrite(Utf8JsonWriter writer, T value, JsonSerializerOptions options, WriteStack& state)
   at System.Text.Json.Serialization.Metadata.JsonPropertyInfo`1.GetMemberAndWriteJson(Object obj, WriteStack& state, Utf8JsonWriter writer)
   at System.Text.Json.Serialization.Converters.ObjectDefaultConverter`1.OnTryWrite(Utf8JsonWriter writer, T value, JsonSerializerOptions options, WriteStack& state)
   at System.Text.Json.Serialization.JsonConverter`1.TryWrite(Utf8JsonWriter writer, T& value, JsonSerializerOptions options, WriteStack& state)
   at System.Text.Json.Serialization.Converters.IEnumerableDefaultConverter`2.OnWriteResume(Utf8JsonWriter writer, TCollection value, JsonSerializerOptions options, WriteStack& state)
   at System.Text.Json.Serialization.JsonCollectionConverter`2.OnTryWrite(Utf8JsonWriter writer, TCollection value, JsonSerializerOptions options, WriteStack& state)
   at System.Text.Json.Serialization.Metadata.JsonPropertyInfo`1.GetMemberAndWriteJson(Object obj, WriteStack& state, Utf8JsonWriter writer)
   at System.Text.Json.Serialization.Converters.ObjectDefaultConverter`1.OnTryWrite(Utf8JsonWriter writer, T value, JsonSerializerOptions options, WriteStack& state)
   at System.Text.Json.Serialization.Metadata.JsonPropertyInfo`1.GetMemberAndWriteJson(Object obj, WriteStack& state, Utf8JsonWriter writer)
   at System.Text.Json.Serialization.Converters.ObjectDefaultConverter`1.OnTryWrite(Utf8JsonWriter writer, T value, JsonSerializerOptions options, WriteStack& state)
   at System.Text.Json.Serialization.JsonConverter`1.TryWrite(Utf8JsonWriter writer, T& value, JsonSerializerOptions options, WriteStack& state)
   at System.Text.Json.Serialization.Converters.IEnumerableDefaultConverter`2.OnWriteResume(Utf8JsonWriter writer, TCollection value, JsonSerializerOptions options, WriteStack& state)
   at System.Text.Json.Serialization.JsonCollectionConverter`2.OnTryWrite(Utf8JsonWriter writer, TCollection value, JsonSerializerOptions options, WriteStack& state)
   at System.Text.Json.Serialization.Metadata.JsonPropertyInfo`1.GetMemberAndWriteJson(Object obj, WriteStack& state, Utf8JsonWriter writer)
   at System.Text.Json.Serialization.Converters.ObjectDefaultConverter`1.OnTryWrite(Utf8JsonWriter writer, T value, JsonSerializerOptions options, WriteStack& state)
   at System.Text.Json.Serialization.Metadata.JsonPropertyInfo`1.GetMemberAndWriteJson(Object obj, WriteStack& state, Utf8JsonWriter writer)
   at System.Text.Json.Serialization.Converters.ObjectDefaultConverter`1.OnTryWrite(Utf8JsonWriter writer, T value, JsonSerializerOptions options, WriteStack& state)
   at System.Text.Json.Serialization.JsonConverter`1.TryWrite(Utf8JsonWriter writer, T& value, JsonSerializerOptions options, WriteStack& state)
   at System.Text.Json.Serialization.Converters.IEnumerableDefaultConverter`2.OnWriteResume(Utf8JsonWriter writer, TCollection value, JsonSerializerOptions options, WriteStack& state)
   at System.Text.Json.Serialization.JsonCollectionConverter`2.OnTryWrite(Utf8JsonWriter writer, TCollection value, JsonSerializerOptions options, WriteStack& state)
   at System.Text.Json.Serialization.Metadata.JsonPropertyInfo`1.GetMemberAndWriteJson(Object obj, WriteStack& state, Utf8JsonWriter writer)
   at System.Text.Json.Serialization.Converters.ObjectDefaultConverter`1.OnTryWrite(Utf8JsonWriter writer, T value, JsonSerializerOptions options, WriteStack& state)
   at System.Text.Json.Serialization.Metadata.JsonPropertyInfo`1.GetMemberAndWriteJson(Object obj, WriteStack& state, Utf8JsonWriter writer)
   at System.Text.Json.Serialization.Converters.ObjectDefaultConverter`1.OnTryWrite(Utf8JsonWriter writer, T value, JsonSerializerOptions options, WriteStack& state)
   at System.Text.Json.Serialization.JsonConverter`1.TryWrite(Utf8JsonWriter writer, T& value, JsonSerializerOptions options, WriteStack& state)
   at System.Text.Json.Serialization.Converters.IEnumerableDefaultConverter`2.OnWriteResume(Utf8JsonWriter writer, TCollection value, JsonSerializerOptions options, WriteStack& state)
   at System.Text.Json.Serialization.JsonCollectionConverter`2.OnTryWrite(Utf8JsonWriter writer, TCollection value, JsonSerializerOptions options, WriteStack& state)
   at System.Text.Json.Serialization.Metadata.JsonPropertyInfo`1.GetMemberAndWriteJson(Object obj, WriteStack& state, Utf8JsonWriter writer)
   at System.Text.Json.Serialization.Converters.ObjectDefaultConverter`1.OnTryWrite(Utf8JsonWriter writer, T value, JsonSerializerOptions options, WriteStack& state)
   at System.Text.Json.Serialization.Metadata.JsonPropertyInfo`1.GetMemberAndWriteJson(Object obj, WriteStack& state, Utf8JsonWriter writer)
   at System.Text.Json.Serialization.Converters.ObjectDefaultConverter`1.OnTryWrite(Utf8JsonWriter writer, T value, JsonSerializerOptions options, WriteStack& state)
   at System.Text.Json.Serialization.JsonConverter`1.TryWrite(Utf8JsonWriter writer, T& value, JsonSerializerOptions options, WriteStack& state)
   at System.Text.Json.Serialization.Converters.IEnumerableDefaultConverter`2.OnWriteResume(Utf8JsonWriter writer, TCollection value, JsonSerializerOptions options, WriteStack& state)
   at System.Text.Json.Serialization.JsonCollectionConverter`2.OnTryWrite(Utf8JsonWriter writer, TCollection value, JsonSerializerOptions options, WriteStack& state)
   at System.Text.Json.Serialization.Metadata.JsonPropertyInfo`1.GetMemberAndWriteJson(Object obj, WriteStack& state, Utf8JsonWriter writer)
   at System.Text.Json.Serialization.Converters.ObjectDefaultConverter`1.OnTryWrite(Utf8JsonWriter writer, T value, JsonSerializerOptions options, WriteStack& state)
   at System.Text.Json.Serialization.Metadata.JsonPropertyInfo`1.GetMemberAndWriteJson(Object obj, WriteStack& state, Utf8JsonWriter writer)
   at System.Text.Json.Serialization.Converters.ObjectDefaultConverter`1.OnTryWrite(Utf8JsonWriter writer, T value, JsonSerializerOptions options, WriteStack& state)
   at System.Text.Json.Serialization.JsonConverter`1.TryWrite(Utf8JsonWriter writer, T& value, JsonSerializerOptions options, WriteStack& state)
   at System.Text.Json.Serialization.Converters.IEnumerableDefaultConverter`2.OnWriteResume(Utf8JsonWriter writer, TCollection value, JsonSerializerOptions options, WriteStack& state)
   at System.Text.Json.Serialization.JsonCollectionConverter`2.OnTryWrite(Utf8JsonWriter writer, TCollection value, JsonSerializerOptions options, WriteStack& state)
   at System.Text.Json.Serialization.Metadata.JsonPropertyInfo`1.GetMemberAndWriteJson(Object obj, WriteStack& state, Utf8JsonWriter writer)
   at System.Text.Json.Serialization.Converters.ObjectDefaultConverter`1.OnTryWrite(Utf8JsonWriter writer, T value, JsonSerializerOptions options, WriteStack& state)
   at System.Text.Json.Serialization.Metadata.JsonPropertyInfo`1.GetMemberAndWriteJson(Object obj, WriteStack& state, Utf8JsonWriter writer)
   at System.Text.Json.Serialization.Converters.ObjectDefaultConverter`1.OnTryWrite(Utf8JsonWriter writer, T value, JsonSerializerOptions options, WriteStack& state)
   at System.Text.Json.Serialization.JsonConverter`1.TryWrite(Utf8JsonWriter writer, T& value, JsonSerializerOptions options, WriteStack& state)
   at System.Text.Json.Serialization.Converters.IEnumerableDefaultConverter`2.OnWriteResume(Utf8JsonWriter writer, TCollection value, JsonSerializerOptions options, WriteStack& state)
   at System.Text.Json.Serialization.JsonCollectionConverter`2.OnTryWrite(Utf8JsonWriter writer, TCollection value, JsonSerializerOptions options, WriteStack& state)
   at System.Text.Json.Serialization.Metadata.JsonPropertyInfo`1.GetMemberAndWriteJson(Object obj, WriteStack& state, Utf8JsonWriter writer)
   at System.Text.Json.Serialization.Converters.ObjectDefaultConverter`1.OnTryWrite(Utf8JsonWriter writer, T value, JsonSerializerOptions options, WriteStack& state)
   at System.Text.Json.Serialization.Metadata.JsonPropertyInfo`1.GetMemberAndWriteJson(Object obj, WriteStack& state, Utf8JsonWriter writer)
   at System.Text.Json.Serialization.Converters.ObjectDefaultConverter`1.OnTryWrite(Utf8JsonWriter writer, T value, JsonSerializerOptions options, WriteStack& state)
   at System.Text.Json.Serialization.JsonConverter`1.TryWrite(Utf8JsonWriter writer, T& value, JsonSerializerOptions options, WriteStack& state)
   at System.Text.Json.Serialization.Converters.IEnumerableDefaultConverter`2.OnWriteResume(Utf8JsonWriter writer, TCollection value, JsonSerializerOptions options, WriteStack& state)
   at System.Text.Json.Serialization.JsonCollectionConverter`2.OnTryWrite(Utf8JsonWriter writer, TCollection value, JsonSerializerOptions options, WriteStack& state)
   at System.Text.Json.Serialization.Metadata.JsonPropertyInfo`1.GetMemberAndWriteJson(Object obj, WriteStack& state, Utf8JsonWriter writer)
   at System.Text.Json.Serialization.Converters.ObjectDefaultConverter`1.OnTryWrite(Utf8JsonWriter writer, T value, JsonSerializerOptions options, WriteStack& state)
   at System.Text.Json.Serialization.Metadata.JsonPropertyInfo`1.GetMemberAndWriteJson(Object obj, WriteStack& state, Utf8JsonWriter writer)
   at System.Text.Json.Serialization.Converters.ObjectDefaultConverter`1.OnTryWrite(Utf8JsonWriter writer, T value, JsonSerializerOptions options, WriteStack& state)
   at System.Text.Json.Serialization.JsonConverter`1.TryWrite(Utf8JsonWriter writer, T& value, JsonSerializerOptions options, WriteStack& state)
   at System.Text.Json.Serialization.Converters.IEnumerableDefaultConverter`2.OnWriteResume(Utf8JsonWriter writer, TCollection value, JsonSerializerOptions options, WriteStack& state)
   at System.Text.Json.Serialization.JsonCollectionConverter`2.OnTryWrite(Utf8JsonWriter writer, TCollection value, JsonSerializerOptions options, WriteStack& state)
   at System.Text.Json.Serialization.Metadata.JsonPropertyInfo`1.GetMemberAndWriteJson(Object obj, WriteStack& state, Utf8JsonWriter writer)
   at System.Text.Json.Serialization.Converters.ObjectDefaultConverter`1.OnTryWrite(Utf8JsonWriter writer, T value, JsonSerializerOptions options, WriteStack& state)
   at System.Text.Json.Serialization.Metadata.JsonPropertyInfo`1.GetMemberAndWriteJson(Object obj, WriteStack& state, Utf8JsonWriter writer)
   at System.Text.Json.Serialization.Converters.ObjectDefaultConverter`1.OnTryWrite(Utf8JsonWriter writer, T value, JsonSerializerOptions options, WriteStack& state)
   at System.Text.Json.Serialization.Metadata.JsonPropertyInfo`1.GetMemberAndWriteJson(Object obj, WriteStack& state, Utf8JsonWriter writer)
   at System.Text.Json.Serialization.Converters.ObjectDefaultConverter`1.OnTryWrite(Utf8JsonWriter writer, T value, JsonSerializerOptions options, WriteStack& state)
   at System.Text.Json.Serialization.JsonConverter`1.TryWrite(Utf8JsonWriter writer, T& value, JsonSerializerOptions options, WriteStack& state)
   at System.Text.Json.Serialization.JsonConverter`1.WriteCore(Utf8JsonWriter writer, T& value, JsonSerializerOptions options, WriteStack& state)
   at System.Text.Json.Serialization.Metadata.JsonTypeInfo`1.SerializeAsync(PipeWriter pipeWriter, T rootValue, Int32 flushThreshold, CancellationToken cancellationToken, Object rootValueBoxed)
   at System.Text.Json.Serialization.Metadata.JsonTypeInfo`1.SerializeAsync(PipeWriter pipeWriter, T rootValue, Int32 flushThreshold, CancellationToken cancellationToken, Object rootValueBoxed)
   at System.Text.Json.Serialization.Metadata.JsonTypeInfo`1.SerializeAsync(PipeWriter pipeWriter, T rootValue, Int32 flushThreshold, CancellationToken cancellationToken, Object rootValueBoxed)
   at Microsoft.AspNetCore.Mvc.Formatters.SystemTextJsonOutputFormatter.WriteResponseBodyAsync(OutputFormatterWriteContext context, Encoding selectedEncoding)
   at Microsoft.AspNetCore.Mvc.Infrastructure.ResourceInvoker.<InvokeNextResultFilterAsync>g__Awaited|30_0[TFilter,TFilterAsync](ResourceInvoker invoker, Task lastTask, State next, Scope scope, Object state, Boolean isCompleted)
   at Microsoft.AspNetCore.Mvc.Infrastructure.ResourceInvoker.Rethrow(ResultExecutedContextSealed context)
   at Microsoft.AspNetCore.Mvc.Infrastructure.ResourceInvoker.ResultNext[TFilter,TFilterAsync](State& next, Scope& scope, Object& state, Boolean& isCompleted)
   at Microsoft.AspNetCore.Mvc.Infrastructure.ResourceInvoker.InvokeResultFilters()
--- End of stack trace from previous location ---
   at Microsoft.AspNetCore.Mvc.Infrastructure.ResourceInvoker.<InvokeFilterPipelineAsync>g__Awaited|20_0(ResourceInvoker invoker, Task lastTask, State next, Scope scope, Object state, Boolean isCompleted)
   at Microsoft.AspNetCore.Mvc.Infrastructure.ResourceInvoker.<InvokeAsync>g__Awaited|17_0(ResourceInvoker invoker, Task task, IDisposable scope)
   at Microsoft.AspNetCore.Mvc.Infrastructure.ResourceInvoker.<InvokeAsync>g__Awaited|17_0(ResourceInvoker invoker, Task task, IDisposable scope)
   at Freshwalk.API.Logging.AuditRequestLoggingMiddleware.InvokeAsync(HttpContext context, RequestDelegate next) in D:\Projects\Freshwalk Shoe Cleaning web app\API\Freshwalk.API\Logging\AuditRequestLoggingMiddleware.cs:line 63
   at Freshwalk.API.Logging.AuditRequestLoggingMiddleware.InvokeAsync(HttpContext context, RequestDelegate next) in D:\Projects\Freshwalk Shoe Cleaning web app\API\Freshwalk.API\Logging\AuditRequestLoggingMiddleware.cs:line 91
   at Freshwalk.API.Logging.AuditRequestLoggingMiddleware.InvokeAsync(HttpContext context, RequestDelegate next) in D:\Projects\Freshwalk Shoe Cleaning web app\API\Freshwalk.API\Logging\AuditRequestLoggingMiddleware.cs:line 91
   at Microsoft.AspNetCore.Builder.UseMiddlewareExtensions.InterfaceMiddlewareBinder.<>c__DisplayClass2_0.<<CreateMiddleware>b__0>d.MoveNext()
--- End of stack trace from previous location ---
   at Microsoft.AspNetCore.Authorization.AuthorizationMiddleware.Invoke(HttpContext context)
   at Microsoft.AspNetCore.Authentication.AuthenticationMiddleware.Invoke(HttpContext context)
   at Serilog.AspNetCore.RequestLoggingMiddleware.Invoke(HttpContext httpContext)
2026-03-29 13:06:01.850 +03:00 [ERR] An unhandled exception has occurred while executing the request.
System.Text.Json.JsonException: A possible object cycle was detected. This can either be due to a cycle or if the object depth is larger than the maximum allowed depth of 32. Consider using ReferenceHandler.Preserve on JsonSerializerOptions to support cycles. Path: $.Booking.Customer.Bookings.Customer.Bookings.Customer.Bookings.Customer.Bookings.Customer.Bookings.Customer.Bookings.Customer.Bookings.Customer.Bookings.Customer.Bookings.Customer.Bookings.Id.
   at System.Text.Json.ThrowHelper.ThrowJsonException_SerializerCycleDetected(Int32 maxDepth)
   at System.Text.Json.Serialization.JsonConverter`1.TryWrite(Utf8JsonWriter writer, T& value, JsonSerializerOptions options, WriteStack& state)
   at System.Text.Json.Serialization.Metadata.JsonPropertyInfo`1.GetMemberAndWriteJson(Object obj, WriteStack& state, Utf8JsonWriter writer)
   at System.Text.Json.Serialization.Converters.ObjectDefaultConverter`1.OnTryWrite(Utf8JsonWriter writer, T value, JsonSerializerOptions options, WriteStack& state)
   at System.Text.Json.Serialization.JsonConverter`1.TryWrite(Utf8JsonWriter writer, T& value, JsonSerializerOptions options, WriteStack& state)
   at System.Text.Json.Serialization.Converters.IEnumerableDefaultConverter`2.OnWriteResume(Utf8JsonWriter writer, TCollection value, JsonSerializerOptions options, WriteStack& state)
   at System.Text.Json.Serialization.JsonCollectionConverter`2.OnTryWrite(Utf8JsonWriter writer, TCollection value, JsonSerializerOptions options, WriteStack& state)
   at System.Text.Json.Serialization.Metadata.JsonPropertyInfo`1.GetMemberAndWriteJson(Object obj, WriteStack& state, Utf8JsonWriter writer)
   at System.Text.Json.Serialization.Converters.ObjectDefaultConverter`1.OnTryWrite(Utf8JsonWriter writer, T value, JsonSerializerOptions options, WriteStack& state)
   at System.Text.Json.Serialization.Metadata.JsonPropertyInfo`1.GetMemberAndWriteJson(Object obj, WriteStack& state, Utf8JsonWriter writer)
   at System.Text.Json.Serialization.Converters.ObjectDefaultConverter`1.OnTryWrite(Utf8JsonWriter writer, T value, JsonSerializerOptions options, WriteStack& state)
   at System.Text.Json.Serialization.JsonConverter`1.TryWrite(Utf8JsonWriter writer, T& value, JsonSerializerOptions options, WriteStack& state)
   at System.Text.Json.Serialization.Converters.IEnumerableDefaultConverter`2.OnWriteResume(Utf8JsonWriter writer, TCollection value, JsonSerializerOptions options, WriteStack& state)
   at System.Text.Json.Serialization.JsonCollectionConverter`2.OnTryWrite(Utf8JsonWriter writer, TCollection value, JsonSerializerOptions options, WriteStack& state)
   at System.Text.Json.Serialization.Metadata.JsonPropertyInfo`1.GetMemberAndWriteJson(Object obj, WriteStack& state, Utf8JsonWriter writer)
   at System.Text.Json.Serialization.Converters.ObjectDefaultConverter`1.OnTryWrite(Utf8JsonWriter writer, T value, JsonSerializerOptions options, WriteStack& state)
   at System.Text.Json.Serialization.Metadata.JsonPropertyInfo`1.GetMemberAndWriteJson(Object obj, WriteStack& state, Utf8JsonWriter writer)
   at System.Text.Json.Serialization.Converters.ObjectDefaultConverter`1.OnTryWrite(Utf8JsonWriter writer, T value, JsonSerializerOptions options, WriteStack& state)
   at System.Text.Json.Serialization.JsonConverter`1.TryWrite(Utf8JsonWriter writer, T& value, JsonSerializerOptions options, WriteStack& state)
   at System.Text.Json.Serialization.Converters.IEnumerableDefaultConverter`2.OnWriteResume(Utf8JsonWriter writer, TCollection value, JsonSerializerOptions options, WriteStack& state)
   at System.Text.Json.Serialization.JsonCollectionConverter`2.OnTryWrite(Utf8JsonWriter writer, TCollection value, JsonSerializerOptions options, WriteStack& state)
   at System.Text.Json.Serialization.Metadata.JsonPropertyInfo`1.GetMemberAndWriteJson(Object obj, WriteStack& state, Utf8JsonWriter writer)
   at System.Text.Json.Serialization.Converters.ObjectDefaultConverter`1.OnTryWrite(Utf8JsonWriter writer, T value, JsonSerializerOptions options, WriteStack& state)
   at System.Text.Json.Serialization.Metadata.JsonPropertyInfo`1.GetMemberAndWriteJson(Object obj, WriteStack& state, Utf8JsonWriter writer)
   at System.Text.Json.Serialization.Converters.ObjectDefaultConverter`1.OnTryWrite(Utf8JsonWriter writer, T value, JsonSerializerOptions options, WriteStack& state)
   at System.Text.Json.Serialization.JsonConverter`1.TryWrite(Utf8JsonWriter writer, T& value, JsonSerializerOptions options, WriteStack& state)
   at System.Text.Json.Serialization.Converters.IEnumerableDefaultConverter`2.OnWriteResume(Utf8JsonWriter writer, TCollection value, JsonSerializerOptions options, WriteStack& state)
   at System.Text.Json.Serialization.JsonCollectionConverter`2.OnTryWrite(Utf8JsonWriter writer, TCollection value, JsonSerializerOptions options, WriteStack& state)
   at System.Text.Json.Serialization.Metadata.JsonPropertyInfo`1.GetMemberAndWriteJson(Object obj, WriteStack& state, Utf8JsonWriter writer)
   at System.Text.Json.Serialization.Converters.ObjectDefaultConverter`1.OnTryWrite(Utf8JsonWriter writer, T value, JsonSerializerOptions options, WriteStack& state)
   at System.Text.Json.Serialization.Metadata.JsonPropertyInfo`1.GetMemberAndWriteJson(Object obj, WriteStack& state, Utf8JsonWriter writer)
   at System.Text.Json.Serialization.Converters.ObjectDefaultConverter`1.OnTryWrite(Utf8JsonWriter writer, T value, JsonSerializerOptions options, WriteStack& state)
   at System.Text.Json.Serialization.JsonConverter`1.TryWrite(Utf8JsonWriter writer, T& value, JsonSerializerOptions options, WriteStack& state)
   at System.Text.Json.Serialization.Converters.IEnumerableDefaultConverter`2.OnWriteResume(Utf8JsonWriter writer, TCollection value, JsonSerializerOptions options, WriteStack& state)
   at System.Text.Json.Serialization.JsonCollectionConverter`2.OnTryWrite(Utf8JsonWriter writer, TCollection value, JsonSerializerOptions options, WriteStack& state)
   at System.Text.Json.Serialization.Metadata.JsonPropertyInfo`1.GetMemberAndWriteJson(Object obj, WriteStack& state, Utf8JsonWriter writer)
   at System.Text.Json.Serialization.Converters.ObjectDefaultConverter`1.OnTryWrite(Utf8JsonWriter writer, T value, JsonSerializerOptions options, WriteStack& state)
   at System.Text.Json.Serialization.Metadata.JsonPropertyInfo`1.GetMemberAndWriteJson(Object obj, WriteStack& state, Utf8JsonWriter writer)
   at System.Text.Json.Serialization.Converters.ObjectDefaultConverter`1.OnTryWrite(Utf8JsonWriter writer, T value, JsonSerializerOptions options, WriteStack& state)
   at System.Text.Json.Serialization.JsonConverter`1.TryWrite(Utf8JsonWriter writer, T& value, JsonSerializerOptions options, WriteStack& state)
   at System.Text.Json.Serialization.Converters.IEnumerableDefaultConverter`2.OnWriteResume(Utf8JsonWriter writer, TCollection value, JsonSerializerOptions options, WriteStack& state)
   at System.Text.Json.Serialization.JsonCollectionConverter`2.OnTryWrite(Utf8JsonWriter writer, TCollection value, JsonSerializerOptions options, WriteStack& state)
   at System.Text.Json.Serialization.Metadata.JsonPropertyInfo`1.GetMemberAndWriteJson(Object obj, WriteStack& state, Utf8JsonWriter writer)
   at System.Text.Json.Serialization.Converters.ObjectDefaultConverter`1.OnTryWrite(Utf8JsonWriter writer, T value, JsonSerializerOptions options, WriteStack& state)
   at System.Text.Json.Serialization.Metadata.JsonPropertyInfo`1.GetMemberAndWriteJson(Object obj, WriteStack& state, Utf8JsonWriter writer)
   at System.Text.Json.Serialization.Converters.ObjectDefaultConverter`1.OnTryWrite(Utf8JsonWriter writer, T value, JsonSerializerOptions options, WriteStack& state)
   at System.Text.Json.Serialization.JsonConverter`1.TryWrite(Utf8JsonWriter writer, T& value, JsonSerializerOptions options, WriteStack& state)
   at System.Text.Json.Serialization.Converters.IEnumerableDefaultConverter`2.OnWriteResume(Utf8JsonWriter writer, TCollection value, JsonSerializerOptions options, WriteStack& state)
   at System.Text.Json.Serialization.JsonCollectionConverter`2.OnTryWrite(Utf8JsonWriter writer, TCollection value, JsonSerializerOptions options, WriteStack& state)
   at System.Text.Json.Serialization.Metadata.JsonPropertyInfo`1.GetMemberAndWriteJson(Object obj, WriteStack& state, Utf8JsonWriter writer)
   at System.Text.Json.Serialization.Converters.ObjectDefaultConverter`1.OnTryWrite(Utf8JsonWriter writer, T value, JsonSerializerOptions options, WriteStack& state)
   at System.Text.Json.Serialization.Metadata.JsonPropertyInfo`1.GetMemberAndWriteJson(Object obj, WriteStack& state, Utf8JsonWriter writer)
   at System.Text.Json.Serialization.Converters.ObjectDefaultConverter`1.OnTryWrite(Utf8JsonWriter writer, T value, JsonSerializerOptions options, WriteStack& state)
   at System.Text.Json.Serialization.JsonConverter`1.TryWrite(Utf8JsonWriter writer, T& value, JsonSerializerOptions options, WriteStack& state)
   at System.Text.Json.Serialization.Converters.IEnumerableDefaultConverter`2.OnWriteResume(Utf8JsonWriter writer, TCollection value, JsonSerializerOptions options, WriteStack& state)
   at System.Text.Json.Serialization.JsonCollectionConverter`2.OnTryWrite(Utf8JsonWriter writer, TCollection value, JsonSerializerOptions options, WriteStack& state)
   at System.Text.Json.Serialization.Metadata.JsonPropertyInfo`1.GetMemberAndWriteJson(Object obj, WriteStack& state, Utf8JsonWriter writer)
   at System.Text.Json.Serialization.Converters.ObjectDefaultConverter`1.OnTryWrite(Utf8JsonWriter writer, T value, JsonSerializerOptions options, WriteStack& state)
   at System.Text.Json.Serialization.Metadata.JsonPropertyInfo`1.GetMemberAndWriteJson(Object obj, WriteStack& state, Utf8JsonWriter writer)
   at System.Text.Json.Serialization.Converters.ObjectDefaultConverter`1.OnTryWrite(Utf8JsonWriter writer, T value, JsonSerializerOptions options, WriteStack& state)
   at System.Text.Json.Serialization.JsonConverter`1.TryWrite(Utf8JsonWriter writer, T& value, JsonSerializerOptions options, WriteStack& state)
   at System.Text.Json.Serialization.Converters.IEnumerableDefaultConverter`2.OnWriteResume(Utf8JsonWriter writer, TCollection value, JsonSerializerOptions options, WriteStack& state)
   at System.Text.Json.Serialization.JsonCollectionConverter`2.OnTryWrite(Utf8JsonWriter writer, TCollection value, JsonSerializerOptions options, WriteStack& state)
   at System.Text.Json.Serialization.Metadata.JsonPropertyInfo`1.GetMemberAndWriteJson(Object obj, WriteStack& state, Utf8JsonWriter writer)
   at System.Text.Json.Serialization.Converters.ObjectDefaultConverter`1.OnTryWrite(Utf8JsonWriter writer, T value, JsonSerializerOptions options, WriteStack& state)
   at System.Text.Json.Serialization.Metadata.JsonPropertyInfo`1.GetMemberAndWriteJson(Object obj, WriteStack& state, Utf8JsonWriter writer)
   at System.Text.Json.Serialization.Converters.ObjectDefaultConverter`1.OnTryWrite(Utf8JsonWriter writer, T value, JsonSerializerOptions options, WriteStack& state)
   at System.Text.Json.Serialization.JsonConverter`1.TryWrite(Utf8JsonWriter writer, T& value, JsonSerializerOptions options, WriteStack& state)
   at System.Text.Json.Serialization.Converters.IEnumerableDefaultConverter`2.OnWriteResume(Utf8JsonWriter writer, TCollection value, JsonSerializerOptions options, WriteStack& state)
   at System.Text.Json.Serialization.JsonCollectionConverter`2.OnTryWrite(Utf8JsonWriter writer, TCollection value, JsonSerializerOptions options, WriteStack& state)
   at System.Text.Json.Serialization.Metadata.JsonPropertyInfo`1.GetMemberAndWriteJson(Object obj, WriteStack& state, Utf8JsonWriter writer)
   at System.Text.Json.Serialization.Converters.ObjectDefaultConverter`1.OnTryWrite(Utf8JsonWriter writer, T value, JsonSerializerOptions options, WriteStack& state)
   at System.Text.Json.Serialization.Metadata.JsonPropertyInfo`1.GetMemberAndWriteJson(Object obj, WriteStack& state, Utf8JsonWriter writer)
   at System.Text.Json.Serialization.Converters.ObjectDefaultConverter`1.OnTryWrite(Utf8JsonWriter writer, T value, JsonSerializerOptions options, WriteStack& state)
   at System.Text.Json.Serialization.Metadata.JsonPropertyInfo`1.GetMemberAndWriteJson(Object obj, WriteStack& state, Utf8JsonWriter writer)
   at System.Text.Json.Serialization.Converters.ObjectDefaultConverter`1.OnTryWrite(Utf8JsonWriter writer, T value, JsonSerializerOptions options, WriteStack& state)
   at System.Text.Json.Serialization.JsonConverter`1.TryWrite(Utf8JsonWriter writer, T& value, JsonSerializerOptions options, WriteStack& state)
   at System.Text.Json.Serialization.JsonConverter`1.WriteCore(Utf8JsonWriter writer, T& value, JsonSerializerOptions options, WriteStack& state)
   at System.Text.Json.Serialization.Metadata.JsonTypeInfo`1.SerializeAsync(PipeWriter pipeWriter, T rootValue, Int32 flushThreshold, CancellationToken cancellationToken, Object rootValueBoxed)
   at System.Text.Json.Serialization.Metadata.JsonTypeInfo`1.SerializeAsync(PipeWriter pipeWriter, T rootValue, Int32 flushThreshold, CancellationToken cancellationToken, Object rootValueBoxed)
   at System.Text.Json.Serialization.Metadata.JsonTypeInfo`1.SerializeAsync(PipeWriter pipeWriter, T rootValue, Int32 flushThreshold, CancellationToken cancellationToken, Object rootValueBoxed)
   at Microsoft.AspNetCore.Mvc.Formatters.SystemTextJsonOutputFormatter.WriteResponseBodyAsync(OutputFormatterWriteContext context, Encoding selectedEncoding)
   at Microsoft.AspNetCore.Mvc.Infrastructure.ResourceInvoker.<InvokeNextResultFilterAsync>g__Awaited|30_0[TFilter,TFilterAsync](ResourceInvoker invoker, Task lastTask, State next, Scope scope, Object state, Boolean isCompleted)
   at Microsoft.AspNetCore.Mvc.Infrastructure.ResourceInvoker.Rethrow(ResultExecutedContextSealed context)
   at Microsoft.AspNetCore.Mvc.Infrastructure.ResourceInvoker.ResultNext[TFilter,TFilterAsync](State& next, Scope& scope, Object& state, Boolean& isCompleted)
   at Microsoft.AspNetCore.Mvc.Infrastructure.ResourceInvoker.InvokeResultFilters()
--- End of stack trace from previous location ---
   at Microsoft.AspNetCore.Mvc.Infrastructure.ResourceInvoker.<InvokeFilterPipelineAsync>g__Awaited|20_0(ResourceInvoker invoker, Task lastTask, State next, Scope scope, Object state, Boolean isCompleted)
   at Microsoft.AspNetCore.Mvc.Infrastructure.ResourceInvoker.<InvokeAsync>g__Awaited|17_0(ResourceInvoker invoker, Task task, IDisposable scope)
   at Microsoft.AspNetCore.Mvc.Infrastructure.ResourceInvoker.<InvokeAsync>g__Awaited|17_0(ResourceInvoker invoker, Task task, IDisposable scope)
   at Freshwalk.API.Logging.AuditRequestLoggingMiddleware.InvokeAsync(HttpContext context, RequestDelegate next) in D:\Projects\Freshwalk Shoe Cleaning web app\API\Freshwalk.API\Logging\AuditRequestLoggingMiddleware.cs:line 63
   at Freshwalk.API.Logging.AuditRequestLoggingMiddleware.InvokeAsync(HttpContext context, RequestDelegate next) in D:\Projects\Freshwalk Shoe Cleaning web app\API\Freshwalk.API\Logging\AuditRequestLoggingMiddleware.cs:line 91
   at Freshwalk.API.Logging.AuditRequestLoggingMiddleware.InvokeAsync(HttpContext context, RequestDelegate next) in D:\Projects\Freshwalk Shoe Cleaning web app\API\Freshwalk.API\Logging\AuditRequestLoggingMiddleware.cs:line 91
   at Microsoft.AspNetCore.Builder.UseMiddlewareExtensions.InterfaceMiddlewareBinder.<>c__DisplayClass2_0.<<CreateMiddleware>b__0>d.MoveNext()
--- End of stack trace from previous location ---
   at Microsoft.AspNetCore.Authorization.AuthorizationMiddleware.Invoke(HttpContext context)
   at Microsoft.AspNetCore.Authentication.AuthenticationMiddleware.Invoke(HttpContext context)
   at Serilog.AspNetCore.RequestLoggingMiddleware.Invoke(HttpContext httpContext)
   at Swashbuckle.AspNetCore.SwaggerUI.SwaggerUIMiddleware.Invoke(HttpContext httpContext)
   at Swashbuckle.AspNetCore.Swagger.SwaggerMiddleware.Invoke(HttpContext httpContext, ISwaggerProvider swaggerProvider)
   at Microsoft.AspNetCore.Diagnostics.DeveloperExceptionPageMiddlewareImpl.Invoke(HttpContext context)
2026-03-29 13:06:07.477 +03:00 [INF] HTTP OPTIONS /api/orders/d14bdb84-949d-4ba8-92ba-5799879538f8/assign-pickup-rider responded 204 in 0.0955 ms
2026-03-29 13:06:07.714 +03:00 [INF] Executed DbCommand (194ms) [Parameters=[@__id_0='?' (DbType = Guid)], CommandType='"Text"', CommandTimeout='30']
SELECT o."Id", o."AgentId", o."BookingId", o."CleaningCompletedAt", o."CleaningStartedAt", o."CustomerId", o."DeliveredAt", o."DeliveryOtp", o."DeliveryOtpExpiresAt", o."DeliveryOtpVerifiedAt", o."OrderReference", o."PickedUpAt", o."PickupOtp", o."PickupOtpExpiresAt", o."PickupOtpVerifiedAt", o."Status"
FROM "Orders" AS o
WHERE o."Id" = @__id_0
LIMIT 1
2026-03-29 13:06:07.941 +03:00 [INF] Executed DbCommand (219ms) [Parameters=[@__p_0='?' (DbType = Guid)], CommandType='"Text"', CommandTimeout='30']
SELECT f."Id", f."AccessFailedCount", f."Address", f."ConcurrencyStamp", f."CreatedAt", f."CustomerReference", f."Email", f."EmailConfirmed", f."FullName", f."IsActive", f."LockoutEnabled", f."LockoutEnd", f."NormalizedEmail", f."NormalizedUserName", f."PasswordHash", f."PhoneNumber", f."PhoneNumberConfirmed", f."SecurityStamp", f."TwoFactorEnabled", f."UserName"
FROM "FreshwalkUsers" AS f
WHERE f."Id" = @__p_0
LIMIT 1
2026-03-29 13:06:07.948 +03:00 [INF] HTTP POST /api/orders/d14bdb84-949d-4ba8-92ba-5799879538f8/assign-pickup-rider responded 400 in 466.8185 ms
2026-03-29 13:06:12.283 +03:00 [INF] Executed DbCommand (382ms) [Parameters=[@__id_0='?' (DbType = Guid)], CommandType='"Text"', CommandTimeout='30']
SELECT o."Id", o."AgentId", o."BookingId", o."CleaningCompletedAt", o."CleaningStartedAt", o."CustomerId", o."DeliveredAt", o."DeliveryOtp", o."DeliveryOtpExpiresAt", o."DeliveryOtpVerifiedAt", o."OrderReference", o."PickedUpAt", o."PickupOtp", o."PickupOtpExpiresAt", o."PickupOtpVerifiedAt", o."Status"
FROM "Orders" AS o
WHERE o."Id" = @__id_0
LIMIT 1
2026-03-29 13:06:12.498 +03:00 [INF] Executed DbCommand (207ms) [Parameters=[@__p_0='?' (DbType = Guid)], CommandType='"Text"', CommandTimeout='30']
SELECT f."Id", f."AccessFailedCount", f."Address", f."ConcurrencyStamp", f."CreatedAt", f."CustomerReference", f."Email", f."EmailConfirmed", f."FullName", f."IsActive", f."LockoutEnabled", f."LockoutEnd", f."NormalizedEmail", f."NormalizedUserName", f."PasswordHash", f."PhoneNumber", f."PhoneNumberConfirmed", f."SecurityStamp", f."TwoFactorEnabled", f."UserName"
FROM "FreshwalkUsers" AS f
WHERE f."Id" = @__p_0
LIMIT 1
2026-03-29 13:06:12.510 +03:00 [INF] HTTP POST /api/orders/d14bdb84-949d-4ba8-92ba-5799879538f8/assign-pickup-rider responded 400 in 612.1615 ms
2026-03-29 13:06:16.851 +03:00 [INF] HTTP OPTIONS /api/orders/d14bdb84-949d-4ba8-92ba-5799879538f8/assign-pickup-rider responded 204 in 0.1640 ms
2026-03-29 13:06:17.209 +03:00 [INF] Executed DbCommand (329ms) [Parameters=[@__id_0='?' (DbType = Guid)], CommandType='"Text"', CommandTimeout='30']
SELECT o."Id", o."AgentId", o."BookingId", o."CleaningCompletedAt", o."CleaningStartedAt", o."CustomerId", o."DeliveredAt", o."DeliveryOtp", o."DeliveryOtpExpiresAt", o."DeliveryOtpVerifiedAt", o."OrderReference", o."PickedUpAt", o."PickupOtp", o."PickupOtpExpiresAt", o."PickupOtpVerifiedAt", o."Status"
FROM "Orders" AS o
WHERE o."Id" = @__id_0
LIMIT 1
2026-03-29 13:06:17.612 +03:00 [INF] Executed DbCommand (397ms) [Parameters=[@__p_0='?' (DbType = Guid)], CommandType='"Text"', CommandTimeout='30']
SELECT f."Id", f."AccessFailedCount", f."Address", f."ConcurrencyStamp", f."CreatedAt", f."CustomerReference", f."Email", f."EmailConfirmed", f."FullName", f."IsActive", f."LockoutEnabled", f."LockoutEnd", f."NormalizedEmail", f."NormalizedUserName", f."PasswordHash", f."PhoneNumber", f."PhoneNumberConfirmed", f."SecurityStamp", f."TwoFactorEnabled", f."UserName"
FROM "FreshwalkUsers" AS f
WHERE f."Id" = @__p_0
LIMIT 1
2026-03-29 13:06:17.619 +03:00 [INF] HTTP POST /api/orders/d14bdb84-949d-4ba8-92ba-5799879538f8/assign-pickup-rider responded 400 in 741.8661 ms
2026-03-29 13:06:22.025 +03:00 [INF] HTTP OPTIONS /api/orders/d14bdb84-949d-4ba8-92ba-5799879538f8/mark-at-shop responded 204 in 0.0731 ms
2026-03-29 13:06:22.226 +03:00 [INF] Executed DbCommand (184ms) [Parameters=[@__id_0='?' (DbType = Guid)], CommandType='"Text"', CommandTimeout='30']
SELECT o."Id", o."AgentId", o."BookingId", o."CleaningCompletedAt", o."CleaningStartedAt", o."CustomerId", o."DeliveredAt", o."DeliveryOtp", o."DeliveryOtpExpiresAt", o."DeliveryOtpVerifiedAt", o."OrderReference", o."PickedUpAt", o."PickupOtp", o."PickupOtpExpiresAt", o."PickupOtpVerifiedAt", o."Status"
FROM "Orders" AS o
WHERE o."Id" = @__id_0
LIMIT 1
2026-03-29 13:06:22.432 +03:00 [INF] Executed DbCommand (198ms) [Parameters=[@__p_0='?' (DbType = Guid)], CommandType='"Text"', CommandTimeout='30']
SELECT f."Id", f."AccessFailedCount", f."Address", f."ConcurrencyStamp", f."CreatedAt", f."CustomerReference", f."Email", f."EmailConfirmed", f."FullName", f."IsActive", f."LockoutEnabled", f."LockoutEnd", f."NormalizedEmail", f."NormalizedUserName", f."PasswordHash", f."PhoneNumber", f."PhoneNumberConfirmed", f."SecurityStamp", f."TwoFactorEnabled", f."UserName"
FROM "FreshwalkUsers" AS f
WHERE f."Id" = @__p_0
LIMIT 1
2026-03-29 13:06:22.438 +03:00 [INF] HTTP POST /api/orders/d14bdb84-949d-4ba8-92ba-5799879538f8/mark-at-shop responded 400 in 409.1428 ms
2026-03-29 13:06:23.956 +03:00 [INF] HTTP OPTIONS /api/orders/d14bdb84-949d-4ba8-92ba-5799879538f8/assign-pickup-rider responded 204 in 0.0409 ms
2026-03-29 13:06:24.203 +03:00 [INF] Executed DbCommand (238ms) [Parameters=[@__id_0='?' (DbType = Guid)], CommandType='"Text"', CommandTimeout='30']
SELECT o."Id", o."AgentId", o."BookingId", o."CleaningCompletedAt", o."CleaningStartedAt", o."CustomerId", o."DeliveredAt", o."DeliveryOtp", o."DeliveryOtpExpiresAt", o."DeliveryOtpVerifiedAt", o."OrderReference", o."PickedUpAt", o."PickupOtp", o."PickupOtpExpiresAt", o."PickupOtpVerifiedAt", o."Status"
FROM "Orders" AS o
WHERE o."Id" = @__id_0
LIMIT 1
2026-03-29 13:06:24.372 +03:00 [INF] Executed DbCommand (165ms) [Parameters=[@__p_0='?' (DbType = Guid)], CommandType='"Text"', CommandTimeout='30']
SELECT f."Id", f."AccessFailedCount", f."Address", f."ConcurrencyStamp", f."CreatedAt", f."CustomerReference", f."Email", f."EmailConfirmed", f."FullName", f."IsActive", f."LockoutEnabled", f."LockoutEnd", f."NormalizedEmail", f."NormalizedUserName", f."PasswordHash", f."PhoneNumber", f."PhoneNumberConfirmed", f."SecurityStamp", f."TwoFactorEnabled", f."UserName"
FROM "FreshwalkUsers" AS f
WHERE f."Id" = @__p_0
LIMIT 1
2026-03-29 13:06:24.381 +03:00 [INF] HTTP POST /api/orders/d14bdb84-949d-4ba8-92ba-5799879538f8/assign-pickup-rider responded 400 in 418.8111 ms
2026-03-29 13:06:33.790 +03:00 [INF] HTTP OPTIONS /api/rider/orders/d14bdb84-949d-4ba8-92ba-5799879538f8 responded 204 in 0.0787 ms
2026-03-29 13:06:33.790 +03:00 [INF] HTTP OPTIONS /api/rider/orders/d14bdb84-949d-4ba8-92ba-5799879538f8 responded 204 in 0.0510 ms
2026-03-29 13:06:33.954 +03:00 [INF] Executed DbCommand (158ms) [Parameters=[@__orderId_0='?' (DbType = Guid), @__riderId_1='?' (DbType = Guid)], CommandType='"Text"', CommandTimeout='30']
SELECT o."Id", o."AssignedAt", o."AssignmentReference", o."AssignmentType", o."CompletedAt", o."Notes", o."OrderId", o."RiderId", o."Status", o0."Id", o0."AgentId", o0."BookingId", o0."CleaningCompletedAt", o0."CleaningStartedAt", o0."CustomerId", o0."DeliveredAt", o0."DeliveryOtp", o0."DeliveryOtpExpiresAt", o0."DeliveryOtpVerifiedAt", o0."OrderReference", o0."PickedUpAt", o0."PickupOtp", o0."PickupOtpExpiresAt", o0."PickupOtpVerifiedAt", o0."Status", b."Id", b."AddOns", b."BookingReference", b."BundleDiscountPercent", b."CreatedAt", b."CustomerId", b."DiscountAmountKes", b."NubuckLines", b."OfficialLeatherLines", b."PickupAddress", b."PickupLatitude", b."PickupLocationUrl", b."PickupLongitude", b."PriceKes", b."SneakersLines", b."Status", b."SubtotalBeforeDiscountKes", b."SuedeLines", b."TotalPairs", f."Id", f."AccessFailedCount", f."Address", f."ConcurrencyStamp", f."CreatedAt", f."CustomerReference", f."Email", f."EmailConfirmed", f."FullName", f."IsActive", f."LockoutEnabled", f."LockoutEnd", f."NormalizedEmail", f."NormalizedUserName", f."PasswordHash", f."PhoneNumber", f."PhoneNumberConfirmed", f."SecurityStamp", f."TwoFactorEnabled", f."UserName"
FROM "OrderRiderAssignments" AS o
INNER JOIN "Orders" AS o0 ON o."OrderId" = o0."Id"
INNER JOIN "Bookings" AS b ON o0."BookingId" = b."Id"
INNER JOIN "FreshwalkUsers" AS f ON b."CustomerId" = f."Id"
WHERE o."OrderId" = @__orderId_0 AND o."RiderId" = @__riderId_1
ORDER BY o."AssignedAt" DESC
LIMIT 1
2026-03-29 13:06:34.121 +03:00 [INF] Executed DbCommand (156ms) [Parameters=[@__orderId_0='?' (DbType = Guid), @__riderId_1='?' (DbType = Guid)], CommandType='"Text"', CommandTimeout='30']
SELECT o."Id", o."AssignedAt", o."AssignmentReference", o."AssignmentType", o."CompletedAt", o."Notes", o."OrderId", o."RiderId", o."Status", o0."Id", o0."AgentId", o0."BookingId", o0."CleaningCompletedAt", o0."CleaningStartedAt", o0."CustomerId", o0."DeliveredAt", o0."DeliveryOtp", o0."DeliveryOtpExpiresAt", o0."DeliveryOtpVerifiedAt", o0."OrderReference", o0."PickedUpAt", o0."PickupOtp", o0."PickupOtpExpiresAt", o0."PickupOtpVerifiedAt", o0."Status", b."Id", b."AddOns", b."BookingReference", b."BundleDiscountPercent", b."CreatedAt", b."CustomerId", b."DiscountAmountKes", b."NubuckLines", b."OfficialLeatherLines", b."PickupAddress", b."PickupLatitude", b."PickupLocationUrl", b."PickupLongitude", b."PriceKes", b."SneakersLines", b."Status", b."SubtotalBeforeDiscountKes", b."SuedeLines", b."TotalPairs", f."Id", f."AccessFailedCount", f."Address", f."ConcurrencyStamp", f."CreatedAt", f."CustomerReference", f."Email", f."EmailConfirmed", f."FullName", f."IsActive", f."LockoutEnabled", f."LockoutEnd", f."NormalizedEmail", f."NormalizedUserName", f."PasswordHash", f."PhoneNumber", f."PhoneNumberConfirmed", f."SecurityStamp", f."TwoFactorEnabled", f."UserName"
FROM "OrderRiderAssignments" AS o
INNER JOIN "Orders" AS o0 ON o."OrderId" = o0."Id"
INNER JOIN "Bookings" AS b ON o0."BookingId" = b."Id"
INNER JOIN "FreshwalkUsers" AS f ON b."CustomerId" = f."Id"
WHERE o."OrderId" = @__orderId_0 AND o."RiderId" = @__riderId_1
ORDER BY o."AssignedAt" DESC
LIMIT 1
2026-03-29 13:06:34.177 +03:00 [INF] Executed DbCommand (216ms) [Parameters=[@__p_0='?' (DbType = Guid)], CommandType='"Text"', CommandTimeout='30']
SELECT f."Id", f."AccessFailedCount", f."Address", f."ConcurrencyStamp", f."CreatedAt", f."CustomerReference", f."Email", f."EmailConfirmed", f."FullName", f."IsActive", f."LockoutEnabled", f."LockoutEnd", f."NormalizedEmail", f."NormalizedUserName", f."PasswordHash", f."PhoneNumber", f."PhoneNumberConfirmed", f."SecurityStamp", f."TwoFactorEnabled", f."UserName"
FROM "FreshwalkUsers" AS f
WHERE f."Id" = @__p_0
LIMIT 1
2026-03-29 13:06:34.184 +03:00 [INF] HTTP GET /api/rider/orders/d14bdb84-949d-4ba8-92ba-5799879538f8 responded 200 in 391.0520 ms
2026-03-29 13:06:34.286 +03:00 [INF] Executed DbCommand (158ms) [Parameters=[@__p_0='?' (DbType = Guid)], CommandType='"Text"', CommandTimeout='30']
SELECT f."Id", f."AccessFailedCount", f."Address", f."ConcurrencyStamp", f."CreatedAt", f."CustomerReference", f."Email", f."EmailConfirmed", f."FullName", f."IsActive", f."LockoutEnabled", f."LockoutEnd", f."NormalizedEmail", f."NormalizedUserName", f."PasswordHash", f."PhoneNumber", f."PhoneNumberConfirmed", f."SecurityStamp", f."TwoFactorEnabled", f."UserName"
FROM "FreshwalkUsers" AS f
WHERE f."Id" = @__p_0
LIMIT 1
2026-03-29 13:06:34.293 +03:00 [INF] HTTP GET /api/rider/orders/d14bdb84-949d-4ba8-92ba-5799879538f8 responded 200 in 330.2941 ms
2026-03-29 13:13:11.671 +03:00 [INF] HTTP OPTIONS /api/auth/google responded 204 in 0.1107 ms
2026-03-29 13:13:13.908 +03:00 [INF] Executed DbCommand (267ms) [Parameters=[@__normalizedEmail_0='?'], CommandType='"Text"', CommandTimeout='30']
SELECT f."Id", f."AccessFailedCount", f."Address", f."ConcurrencyStamp", f."CreatedAt", f."CustomerReference", f."Email", f."EmailConfirmed", f."FullName", f."IsActive", f."LockoutEnabled", f."LockoutEnd", f."NormalizedEmail", f."NormalizedUserName", f."PasswordHash", f."PhoneNumber", f."PhoneNumberConfirmed", f."SecurityStamp", f."TwoFactorEnabled", f."UserName"
FROM "FreshwalkUsers" AS f
WHERE f."NormalizedEmail" = @__normalizedEmail_0
LIMIT 2
2026-03-29 13:13:14.157 +03:00 [INF] Executed DbCommand (243ms) [Parameters=[@__userId_0='?' (DbType = Guid)], CommandType='"Text"', CommandTimeout='30']
SELECT f0."Name"
FROM "FreshwalkUserRoles" AS f
INNER JOIN "FreshwalkRoles" AS f0 ON f."RoleId" = f0."Id"
WHERE f."UserId" = @__userId_0
2026-03-29 13:13:14.163 +03:00 [INF] HTTP POST /api/auth/google responded 200 in 2486.3898 ms
2026-03-29 13:13:20.844 +03:00 [INF] HTTP OPTIONS /api/bookings/mine responded 204 in 0.1370 ms
2026-03-29 13:13:20.845 +03:00 [INF] HTTP OPTIONS /api/bookings/mine responded 204 in 0.0420 ms
2026-03-29 13:13:21.076 +03:00 [INF] Executed DbCommand (220ms) [Parameters=[@__customerId_0='?' (DbType = Guid)], CommandType='"Text"', CommandTimeout='30']
SELECT f."CustomerReference"
FROM "FreshwalkUsers" AS f
WHERE f."Id" = @__customerId_0
LIMIT 1
2026-03-29 13:13:21.312 +03:00 [INF] Executed DbCommand (231ms) [Parameters=[@__customerId_0='?' (DbType = Guid)], CommandType='"Text"', CommandTimeout='30']
SELECT b."Id", b."AddOns", b."BookingReference", b."BundleDiscountPercent", b."CreatedAt", b."CustomerId", b."DiscountAmountKes", b."NubuckLines", b."OfficialLeatherLines", b."PickupAddress", b."PickupLatitude", b."PickupLocationUrl", b."PickupLongitude", b."PriceKes", b."SneakersLines", b."Status", b."SubtotalBeforeDiscountKes", b."SuedeLines", b."TotalPairs", p."Id", p."Amount", p."BookingId", p."CreatedAt", p."MpesaCheckoutRequestId", p."MpesaMerchantRequestId", p."MpesaReceipt", p."PayerPhoneNumber", p."PaymentReference", p."Status", o."Id", o."AgentId", o."BookingId", o."CleaningCompletedAt", o."CleaningStartedAt", o."CustomerId", o."DeliveredAt", o."DeliveryOtp", o."DeliveryOtpExpiresAt", o."DeliveryOtpVerifiedAt", o."OrderReference", o."PickedUpAt", o."PickupOtp", o."PickupOtpExpiresAt", o."PickupOtpVerifiedAt", o."Status"
FROM "Bookings" AS b
LEFT JOIN "Payments" AS p ON b."Id" = p."BookingId"
LEFT JOIN "Orders" AS o ON b."Id" = o."BookingId"
WHERE b."CustomerId" = @__customerId_0
ORDER BY b."CreatedAt" DESC
2026-03-29 13:13:21.561 +03:00 [INF] Executed DbCommand (239ms) [Parameters=[@__p_0='?' (DbType = Guid)], CommandType='"Text"', CommandTimeout='30']
SELECT f."Id", f."AccessFailedCount", f."Address", f."ConcurrencyStamp", f."CreatedAt", f."CustomerReference", f."Email", f."EmailConfirmed", f."FullName", f."IsActive", f."LockoutEnabled", f."LockoutEnd", f."NormalizedEmail", f."NormalizedUserName", f."PasswordHash", f."PhoneNumber", f."PhoneNumberConfirmed", f."SecurityStamp", f."TwoFactorEnabled", f."UserName"
FROM "FreshwalkUsers" AS f
WHERE f."Id" = @__p_0
LIMIT 1
2026-03-29 13:13:21.569 +03:00 [INF] HTTP GET /api/bookings/mine responded 200 in 721.2025 ms
2026-03-29 13:13:23.200 +03:00 [INF] Executed DbCommand (263ms) [Parameters=[@__customerId_0='?' (DbType = Guid)], CommandType='"Text"', CommandTimeout='30']
SELECT f."CustomerReference"
FROM "FreshwalkUsers" AS f
WHERE f."Id" = @__customerId_0
LIMIT 1
2026-03-29 13:13:23.426 +03:00 [INF] Executed DbCommand (220ms) [Parameters=[@__customerId_0='?' (DbType = Guid)], CommandType='"Text"', CommandTimeout='30']
SELECT b."Id", b."AddOns", b."BookingReference", b."BundleDiscountPercent", b."CreatedAt", b."CustomerId", b."DiscountAmountKes", b."NubuckLines", b."OfficialLeatherLines", b."PickupAddress", b."PickupLatitude", b."PickupLocationUrl", b."PickupLongitude", b."PriceKes", b."SneakersLines", b."Status", b."SubtotalBeforeDiscountKes", b."SuedeLines", b."TotalPairs", p."Id", p."Amount", p."BookingId", p."CreatedAt", p."MpesaCheckoutRequestId", p."MpesaMerchantRequestId", p."MpesaReceipt", p."PayerPhoneNumber", p."PaymentReference", p."Status", o."Id", o."AgentId", o."BookingId", o."CleaningCompletedAt", o."CleaningStartedAt", o."CustomerId", o."DeliveredAt", o."DeliveryOtp", o."DeliveryOtpExpiresAt", o."DeliveryOtpVerifiedAt", o."OrderReference", o."PickedUpAt", o."PickupOtp", o."PickupOtpExpiresAt", o."PickupOtpVerifiedAt", o."Status"
FROM "Bookings" AS b
LEFT JOIN "Payments" AS p ON b."Id" = p."BookingId"
LEFT JOIN "Orders" AS o ON b."Id" = o."BookingId"
WHERE b."CustomerId" = @__customerId_0
ORDER BY b."CreatedAt" DESC
2026-03-29 13:13:23.656 +03:00 [INF] Executed DbCommand (221ms) [Parameters=[@__p_0='?' (DbType = Guid)], CommandType='"Text"', CommandTimeout='30']
SELECT f."Id", f."AccessFailedCount", f."Address", f."ConcurrencyStamp", f."CreatedAt", f."CustomerReference", f."Email", f."EmailConfirmed", f."FullName", f."IsActive", f."LockoutEnabled", f."LockoutEnd", f."NormalizedEmail", f."NormalizedUserName", f."PasswordHash", f."PhoneNumber", f."PhoneNumberConfirmed", f."SecurityStamp", f."TwoFactorEnabled", f."UserName"
FROM "FreshwalkUsers" AS f
WHERE f."Id" = @__p_0
LIMIT 1
2026-03-29 13:13:23.665 +03:00 [INF] HTTP GET /api/bookings/mine responded 200 in 2341.4520 ms
2026-03-29 13:13:35.806 +03:00 [INF] HTTP OPTIONS /api/mpesa/initiatestkpush responded 204 in 0.1364 ms
2026-03-29 13:13:36.119 +03:00 [INF] Executed DbCommand (239ms) [Parameters=[@__ToLower_0='?'], CommandType='"Text"', CommandTimeout='30']
SELECT b."Id", b."AddOns", b."BookingReference", b."BundleDiscountPercent", b."CreatedAt", b."CustomerId", b."DiscountAmountKes", b."NubuckLines", b."OfficialLeatherLines", b."PickupAddress", b."PickupLatitude", b."PickupLocationUrl", b."PickupLongitude", b."PriceKes", b."SneakersLines", b."Status", b."SubtotalBeforeDiscountKes", b."SuedeLines", b."TotalPairs", p."Id", p."Amount", p."BookingId", p."CreatedAt", p."MpesaCheckoutRequestId", p."MpesaMerchantRequestId", p."MpesaReceipt", p."PayerPhoneNumber", p."PaymentReference", p."Status"
FROM "Bookings" AS b
LEFT JOIN "Payments" AS p ON b."Id" = p."BookingId"
WHERE lower(b."BookingReference") = @__ToLower_0
LIMIT 1
2026-03-29 13:13:36.858 +03:00 [INF] M-Pesa STK request: env=sandbox, phone=254768220092, amount=1170, shortCode=174379
2026-03-29 13:13:38.057 +03:00 [INF] Executed DbCommand (224ms) [Parameters=[@p4='?' (DbType = Guid), @p0='?', @p1='?', @p2='?', @p3='?'], CommandType='"Text"', CommandTimeout='30']
UPDATE "Payments" SET "MpesaCheckoutRequestId" = @p0, "MpesaMerchantRequestId" = @p1, "PayerPhoneNumber" = @p2, "Status" = @p3
WHERE "Id" = @p4;
2026-03-29 13:13:38.348 +03:00 [INF] Executed DbCommand (260ms) [Parameters=[@__p_0='?' (DbType = Guid)], CommandType='"Text"', CommandTimeout='30']
SELECT f."Id", f."AccessFailedCount", f."Address", f."ConcurrencyStamp", f."CreatedAt", f."CustomerReference", f."Email", f."EmailConfirmed", f."FullName", f."IsActive", f."LockoutEnabled", f."LockoutEnd", f."NormalizedEmail", f."NormalizedUserName", f."PasswordHash", f."PhoneNumber", f."PhoneNumberConfirmed", f."SecurityStamp", f."TwoFactorEnabled", f."UserName"
FROM "FreshwalkUsers" AS f
WHERE f."Id" = @__p_0
LIMIT 1
2026-03-29 13:13:38.355 +03:00 [INF] HTTP POST /api/mpesa/initiatestkpush responded 200 in 2543.9969 ms
2026-03-29 13:13:38.363 +03:00 [INF] HTTP OPTIONS /api/bookings/mine responded 204 in 0.0397 ms
2026-03-29 13:13:38.663 +03:00 [INF] Executed DbCommand (293ms) [Parameters=[@__customerId_0='?' (DbType = Guid)], CommandType='"Text"', CommandTimeout='30']
SELECT f."CustomerReference"
FROM "FreshwalkUsers" AS f
WHERE f."Id" = @__customerId_0
LIMIT 1
2026-03-29 13:13:38.970 +03:00 [INF] Executed DbCommand (302ms) [Parameters=[@__customerId_0='?' (DbType = Guid)], CommandType='"Text"', CommandTimeout='30']
SELECT b."Id", b."AddOns", b."BookingReference", b."BundleDiscountPercent", b."CreatedAt", b."CustomerId", b."DiscountAmountKes", b."NubuckLines", b."OfficialLeatherLines", b."PickupAddress", b."PickupLatitude", b."PickupLocationUrl", b."PickupLongitude", b."PriceKes", b."SneakersLines", b."Status", b."SubtotalBeforeDiscountKes", b."SuedeLines", b."TotalPairs", p."Id", p."Amount", p."BookingId", p."CreatedAt", p."MpesaCheckoutRequestId", p."MpesaMerchantRequestId", p."MpesaReceipt", p."PayerPhoneNumber", p."PaymentReference", p."Status", o."Id", o."AgentId", o."BookingId", o."CleaningCompletedAt", o."CleaningStartedAt", o."CustomerId", o."DeliveredAt", o."DeliveryOtp", o."DeliveryOtpExpiresAt", o."DeliveryOtpVerifiedAt", o."OrderReference", o."PickedUpAt", o."PickupOtp", o."PickupOtpExpiresAt", o."PickupOtpVerifiedAt", o."Status"
FROM "Bookings" AS b
LEFT JOIN "Payments" AS p ON b."Id" = p."BookingId"
LEFT JOIN "Orders" AS o ON b."Id" = o."BookingId"
WHERE b."CustomerId" = @__customerId_0
ORDER BY b."CreatedAt" DESC
2026-03-29 13:13:39.195 +03:00 [INF] Executed DbCommand (217ms) [Parameters=[@__p_0='?' (DbType = Guid)], CommandType='"Text"', CommandTimeout='30']
SELECT f."Id", f."AccessFailedCount", f."Address", f."ConcurrencyStamp", f."CreatedAt", f."CustomerReference", f."Email", f."EmailConfirmed", f."FullName", f."IsActive", f."LockoutEnabled", f."LockoutEnd", f."NormalizedEmail", f."NormalizedUserName", f."PasswordHash", f."PhoneNumber", f."PhoneNumberConfirmed", f."SecurityStamp", f."TwoFactorEnabled", f."UserName"
FROM "FreshwalkUsers" AS f
WHERE f."Id" = @__p_0
LIMIT 1
2026-03-29 13:13:39.201 +03:00 [INF] HTTP GET /api/bookings/mine responded 200 in 833.1632 ms
2026-03-29 13:15:20.049 +03:00 [INF] Executed DbCommand (224ms) [Parameters=[@__checkoutRequestId_0='?'], CommandType='"Text"', CommandTimeout='30']
SELECT p."Id", p."Amount", p."BookingId", p."CreatedAt", p."MpesaCheckoutRequestId", p."MpesaMerchantRequestId", p."MpesaReceipt", p."PayerPhoneNumber", p."PaymentReference", p."Status", b."Id", b."AddOns", b."BookingReference", b."BundleDiscountPercent", b."CreatedAt", b."CustomerId", b."DiscountAmountKes", b."NubuckLines", b."OfficialLeatherLines", b."PickupAddress", b."PickupLatitude", b."PickupLocationUrl", b."PickupLongitude", b."PriceKes", b."SneakersLines", b."Status", b."SubtotalBeforeDiscountKes", b."SuedeLines", b."TotalPairs", o."Id", o."AgentId", o."BookingId", o."CleaningCompletedAt", o."CleaningStartedAt", o."CustomerId", o."DeliveredAt", o."DeliveryOtp", o."DeliveryOtpExpiresAt", o."DeliveryOtpVerifiedAt", o."OrderReference", o."PickedUpAt", o."PickupOtp", o."PickupOtpExpiresAt", o."PickupOtpVerifiedAt", o."Status"
FROM "Payments" AS p
INNER JOIN "Bookings" AS b ON p."BookingId" = b."Id"
LEFT JOIN "Orders" AS o ON b."Id" = o."BookingId"
WHERE p."MpesaCheckoutRequestId" = @__checkoutRequestId_0
LIMIT 1
2026-03-29 13:15:20.450 +03:00 [INF] Executed DbCommand (294ms) [Parameters=[@p1='?' (DbType = Guid), @p0='?', @p2='?' (DbType = Guid), @p3='?' (DbType = Guid), @p4='?' (DbType = Guid), @p5='?' (DbType = DateTime), @p6='?' (DbType = DateTime), @p7='?' (DbType = Guid), @p8='?' (DbType = DateTime), @p9='?', @p10='?' (DbType = DateTime), @p11='?' (DbType = DateTime), @p12='?', @p13='?' (DbType = DateTime), @p14='?', @p15='?' (DbType = DateTime), @p16='?' (DbType = DateTime), @p17='?', @p20='?' (DbType = Guid), @p18='?', @p19='?'], CommandType='"Text"', CommandTimeout='30']
UPDATE "Bookings" SET "Status" = @p0
WHERE "Id" = @p1;
INSERT INTO "Orders" ("Id", "AgentId", "BookingId", "CleaningCompletedAt", "CleaningStartedAt", "CustomerId", "DeliveredAt", "DeliveryOtp", "DeliveryOtpExpiresAt", "DeliveryOtpVerifiedAt", "OrderReference", "PickedUpAt", "PickupOtp", "PickupOtpExpiresAt", "PickupOtpVerifiedAt", "Status")
VALUES (@p2, @p3, @p4, @p5, @p6, @p7, @p8, @p9, @p10, @p11, @p12, @p13, @p14, @p15, @p16, @p17);
UPDATE "Payments" SET "MpesaReceipt" = @p18, "Status" = @p19
WHERE "Id" = @p20;
2026-03-29 13:15:20.760 +03:00 [INF] M-Pesa payment confirmed for booking "fe84829a-033b-48e4-90ec-be701ca528ca"
2026-03-29 13:15:20.768 +03:00 [INF] HTTP POST /api/mpesa/callback responded 200 in 1007.3563 ms
2026-03-29 13:15:36.905 +03:00 [INF] HTTP OPTIONS /api/bookings/mine responded 204 in 0.0413 ms
2026-03-29 13:15:36.905 +03:00 [INF] HTTP OPTIONS /api/bookings/mine responded 204 in 0.0414 ms
2026-03-29 13:15:37.141 +03:00 [INF] Executed DbCommand (231ms) [Parameters=[@__customerId_0='?' (DbType = Guid)], CommandType='"Text"', CommandTimeout='30']
SELECT f."CustomerReference"
FROM "FreshwalkUsers" AS f
WHERE f."Id" = @__customerId_0
LIMIT 1
2026-03-29 13:15:37.381 +03:00 [INF] Executed DbCommand (235ms) [Parameters=[@__customerId_0='?' (DbType = Guid)], CommandType='"Text"', CommandTimeout='30']
SELECT b."Id", b."AddOns", b."BookingReference", b."BundleDiscountPercent", b."CreatedAt", b."CustomerId", b."DiscountAmountKes", b."NubuckLines", b."OfficialLeatherLines", b."PickupAddress", b."PickupLatitude", b."PickupLocationUrl", b."PickupLongitude", b."PriceKes", b."SneakersLines", b."Status", b."SubtotalBeforeDiscountKes", b."SuedeLines", b."TotalPairs", p."Id", p."Amount", p."BookingId", p."CreatedAt", p."MpesaCheckoutRequestId", p."MpesaMerchantRequestId", p."MpesaReceipt", p."PayerPhoneNumber", p."PaymentReference", p."Status", o."Id", o."AgentId", o."BookingId", o."CleaningCompletedAt", o."CleaningStartedAt", o."CustomerId", o."DeliveredAt", o."DeliveryOtp", o."DeliveryOtpExpiresAt", o."DeliveryOtpVerifiedAt", o."OrderReference", o."PickedUpAt", o."PickupOtp", o."PickupOtpExpiresAt", o."PickupOtpVerifiedAt", o."Status"
FROM "Bookings" AS b
LEFT JOIN "Payments" AS p ON b."Id" = p."BookingId"
LEFT JOIN "Orders" AS o ON b."Id" = o."BookingId"
WHERE b."CustomerId" = @__customerId_0
ORDER BY b."CreatedAt" DESC
2026-03-29 13:15:37.620 +03:00 [INF] Executed DbCommand (234ms) [Parameters=[@__p_0='?' (DbType = Guid)], CommandType='"Text"', CommandTimeout='30']
SELECT f."Id", f."AccessFailedCount", f."Address", f."ConcurrencyStamp", f."CreatedAt", f."CustomerReference", f."Email", f."EmailConfirmed", f."FullName", f."IsActive", f."LockoutEnabled", f."LockoutEnd", f."NormalizedEmail", f."NormalizedUserName", f."PasswordHash", f."PhoneNumber", f."PhoneNumberConfirmed", f."SecurityStamp", f."TwoFactorEnabled", f."UserName"
FROM "FreshwalkUsers" AS f
WHERE f."Id" = @__p_0
LIMIT 1
2026-03-29 13:15:37.622 +03:00 [INF] Executed DbCommand (234ms) [Parameters=[@__customerId_0='?' (DbType = Guid)], CommandType='"Text"', CommandTimeout='30']
SELECT f."CustomerReference"
FROM "FreshwalkUsers" AS f
WHERE f."Id" = @__customerId_0
LIMIT 1
2026-03-29 13:15:37.625 +03:00 [INF] HTTP GET /api/bookings/mine responded 200 in 716.3726 ms
2026-03-29 13:15:37.847 +03:00 [INF] Executed DbCommand (221ms) [Parameters=[@__customerId_0='?' (DbType = Guid)], CommandType='"Text"', CommandTimeout='30']
SELECT b."Id", b."AddOns", b."BookingReference", b."BundleDiscountPercent", b."CreatedAt", b."CustomerId", b."DiscountAmountKes", b."NubuckLines", b."OfficialLeatherLines", b."PickupAddress", b."PickupLatitude", b."PickupLocationUrl", b."PickupLongitude", b."PriceKes", b."SneakersLines", b."Status", b."SubtotalBeforeDiscountKes", b."SuedeLines", b."TotalPairs", p."Id", p."Amount", p."BookingId", p."CreatedAt", p."MpesaCheckoutRequestId", p."MpesaMerchantRequestId", p."MpesaReceipt", p."PayerPhoneNumber", p."PaymentReference", p."Status", o."Id", o."AgentId", o."BookingId", o."CleaningCompletedAt", o."CleaningStartedAt", o."CustomerId", o."DeliveredAt", o."DeliveryOtp", o."DeliveryOtpExpiresAt", o."DeliveryOtpVerifiedAt", o."OrderReference", o."PickedUpAt", o."PickupOtp", o."PickupOtpExpiresAt", o."PickupOtpVerifiedAt", o."Status"
FROM "Bookings" AS b
LEFT JOIN "Payments" AS p ON b."Id" = p."BookingId"
LEFT JOIN "Orders" AS o ON b."Id" = o."BookingId"
WHERE b."CustomerId" = @__customerId_0
ORDER BY b."CreatedAt" DESC
2026-03-29 13:15:38.126 +03:00 [INF] Executed DbCommand (272ms) [Parameters=[@__p_0='?' (DbType = Guid)], CommandType='"Text"', CommandTimeout='30']
SELECT f."Id", f."AccessFailedCount", f."Address", f."ConcurrencyStamp", f."CreatedAt", f."CustomerReference", f."Email", f."EmailConfirmed", f."FullName", f."IsActive", f."LockoutEnabled", f."LockoutEnd", f."NormalizedEmail", f."NormalizedUserName", f."PasswordHash", f."PhoneNumber", f."PhoneNumberConfirmed", f."SecurityStamp", f."TwoFactorEnabled", f."UserName"
FROM "FreshwalkUsers" AS f
WHERE f."Id" = @__p_0
LIMIT 1
2026-03-29 13:15:38.130 +03:00 [INF] HTTP GET /api/bookings/mine responded 200 in 743.8688 ms
2026-03-29 13:16:00.104 +03:00 [INF] HTTP OPTIONS /api/agent/bookings responded 204 in 0.0472 ms
2026-03-29 13:16:00.105 +03:00 [INF] HTTP OPTIONS /api/agent/bookings responded 204 in 0.0207 ms
2026-03-29 13:16:00.388 +03:00 [INF] Executed DbCommand (274ms) [Parameters=[], CommandType='"Text"', CommandTimeout='30']
SELECT b."Id", b."AddOns", b."BookingReference", b."BundleDiscountPercent", b."CreatedAt", b."CustomerId", b."DiscountAmountKes", b."NubuckLines", b."OfficialLeatherLines", b."PickupAddress", b."PickupLatitude", b."PickupLocationUrl", b."PickupLongitude", b."PriceKes", b."SneakersLines", b."Status", b."SubtotalBeforeDiscountKes", b."SuedeLines", b."TotalPairs", f."Id", f."AccessFailedCount", f."Address", f."ConcurrencyStamp", f."CreatedAt", f."CustomerReference", f."Email", f."EmailConfirmed", f."FullName", f."IsActive", f."LockoutEnabled", f."LockoutEnd", f."NormalizedEmail", f."NormalizedUserName", f."PasswordHash", f."PhoneNumber", f."PhoneNumberConfirmed", f."SecurityStamp", f."TwoFactorEnabled", f."UserName", p."Id", p."Amount", p."BookingId", p."CreatedAt", p."MpesaCheckoutRequestId", p."MpesaMerchantRequestId", p."MpesaReceipt", p."PayerPhoneNumber", p."PaymentReference", p."Status", o."Id", o."AgentId", o."BookingId", o."CleaningCompletedAt", o."CleaningStartedAt", o."CustomerId", o."DeliveredAt", o."DeliveryOtp", o."DeliveryOtpExpiresAt", o."DeliveryOtpVerifiedAt", o."OrderReference", o."PickedUpAt", o."PickupOtp", o."PickupOtpExpiresAt", o."PickupOtpVerifiedAt", o."Status"
FROM "Bookings" AS b
INNER JOIN "FreshwalkUsers" AS f ON b."CustomerId" = f."Id"
LEFT JOIN "Payments" AS p ON b."Id" = p."BookingId"
LEFT JOIN "Orders" AS o ON b."Id" = o."BookingId"
ORDER BY b."CreatedAt" DESC
2026-03-29 13:16:00.612 +03:00 [INF] Executed DbCommand (217ms) [Parameters=[@__p_0='?' (DbType = Guid)], CommandType='"Text"', CommandTimeout='30']
SELECT f."Id", f."AccessFailedCount", f."Address", f."ConcurrencyStamp", f."CreatedAt", f."CustomerReference", f."Email", f."EmailConfirmed", f."FullName", f."IsActive", f."LockoutEnabled", f."LockoutEnd", f."NormalizedEmail", f."NormalizedUserName", f."PasswordHash", f."PhoneNumber", f."PhoneNumberConfirmed", f."SecurityStamp", f."TwoFactorEnabled", f."UserName"
FROM "FreshwalkUsers" AS f
WHERE f."Id" = @__p_0
LIMIT 1
2026-03-29 13:16:00.620 +03:00 [INF] HTTP GET /api/agent/bookings responded 200 in 508.6382 ms
2026-03-29 13:16:00.621 +03:00 [INF] Executed DbCommand (222ms) [Parameters=[], CommandType='"Text"', CommandTimeout='30']
SELECT b."Id", b."AddOns", b."BookingReference", b."BundleDiscountPercent", b."CreatedAt", b."CustomerId", b."DiscountAmountKes", b."NubuckLines", b."OfficialLeatherLines", b."PickupAddress", b."PickupLatitude", b."PickupLocationUrl", b."PickupLongitude", b."PriceKes", b."SneakersLines", b."Status", b."SubtotalBeforeDiscountKes", b."SuedeLines", b."TotalPairs", f."Id", f."AccessFailedCount", f."Address", f."ConcurrencyStamp", f."CreatedAt", f."CustomerReference", f."Email", f."EmailConfirmed", f."FullName", f."IsActive", f."LockoutEnabled", f."LockoutEnd", f."NormalizedEmail", f."NormalizedUserName", f."PasswordHash", f."PhoneNumber", f."PhoneNumberConfirmed", f."SecurityStamp", f."TwoFactorEnabled", f."UserName", p."Id", p."Amount", p."BookingId", p."CreatedAt", p."MpesaCheckoutRequestId", p."MpesaMerchantRequestId", p."MpesaReceipt", p."PayerPhoneNumber", p."PaymentReference", p."Status", o."Id", o."AgentId", o."BookingId", o."CleaningCompletedAt", o."CleaningStartedAt", o."CustomerId", o."DeliveredAt", o."DeliveryOtp", o."DeliveryOtpExpiresAt", o."DeliveryOtpVerifiedAt", o."OrderReference", o."PickedUpAt", o."PickupOtp", o."PickupOtpExpiresAt", o."PickupOtpVerifiedAt", o."Status"
FROM "Bookings" AS b
INNER JOIN "FreshwalkUsers" AS f ON b."CustomerId" = f."Id"
LEFT JOIN "Payments" AS p ON b."Id" = p."BookingId"
LEFT JOIN "Orders" AS o ON b."Id" = o."BookingId"
ORDER BY b."CreatedAt" DESC
2026-03-29 13:16:00.901 +03:00 [INF] Executed DbCommand (273ms) [Parameters=[@__p_0='?' (DbType = Guid)], CommandType='"Text"', CommandTimeout='30']
SELECT f."Id", f."AccessFailedCount", f."Address", f."ConcurrencyStamp", f."CreatedAt", f."CustomerReference", f."Email", f."EmailConfirmed", f."FullName", f."IsActive", f."LockoutEnabled", f."LockoutEnd", f."NormalizedEmail", f."NormalizedUserName", f."PasswordHash", f."PhoneNumber", f."PhoneNumberConfirmed", f."SecurityStamp", f."TwoFactorEnabled", f."UserName"
FROM "FreshwalkUsers" AS f
WHERE f."Id" = @__p_0
LIMIT 1
2026-03-29 13:16:01.082 +03:00 [INF] HTTP GET /api/agent/bookings responded 200 in 685.5387 ms
2026-03-29 13:16:05.089 +03:00 [INF] HTTP OPTIONS /api/agent/bookings/fe84829a-033b-48e4-90ec-be701ca528ca responded 204 in 0.2330 ms
2026-03-29 13:16:05.091 +03:00 [INF] HTTP OPTIONS /api/agent/bookings/fe84829a-033b-48e4-90ec-be701ca528ca responded 204 in 0.0174 ms
2026-03-29 13:16:05.091 +03:00 [INF] HTTP OPTIONS /api/agent/riders responded 204 in 0.2962 ms
2026-03-29 13:16:05.092 +03:00 [INF] HTTP OPTIONS /api/agent/riders responded 204 in 0.0854 ms
2026-03-29 13:16:05.405 +03:00 [INF] Executed DbCommand (308ms) [Parameters=[@__normalizedRoleName_0='?'], CommandType='"Text"', CommandTimeout='30']
SELECT f."Id", f."ConcurrencyStamp", f."Name", f."NormalizedName"
FROM "FreshwalkRoles" AS f
WHERE f."NormalizedName" = @__normalizedRoleName_0
LIMIT 2
2026-03-29 13:16:05.405 +03:00 [INF] Executed DbCommand (310ms) [Parameters=[@__id_0='?' (DbType = Guid)], CommandType='"Text"', CommandTimeout='30']
SELECT s."Id", s."AddOns", s."BookingReference", s."BundleDiscountPercent", s."CreatedAt", s."CustomerId", s."DiscountAmountKes", s."NubuckLines", s."OfficialLeatherLines", s."PickupAddress", s."PickupLatitude", s."PickupLocationUrl", s."PickupLongitude", s."PriceKes", s."SneakersLines", s."Status", s."SubtotalBeforeDiscountKes", s."SuedeLines", s."TotalPairs", s."Id0", s."AccessFailedCount", s."Address", s."ConcurrencyStamp", s."CreatedAt0", s."CustomerReference", s."Email", s."EmailConfirmed", s."FullName", s."IsActive", s."LockoutEnabled", s."LockoutEnd", s."NormalizedEmail", s."NormalizedUserName", s."PasswordHash", s."PhoneNumber", s."PhoneNumberConfirmed", s."SecurityStamp", s."TwoFactorEnabled", s."UserName", s."Id1", s."Amount", s."BookingId", s."CreatedAt1", s."MpesaCheckoutRequestId", s."MpesaMerchantRequestId", s."MpesaReceipt", s."PayerPhoneNumber", s."PaymentReference", s."Status0", s."Id2", s."AgentId", s."BookingId0", s."CleaningCompletedAt", s."CleaningStartedAt", s."CustomerId0", s."DeliveredAt", s."DeliveryOtp", s."DeliveryOtpExpiresAt", s."DeliveryOtpVerifiedAt", s."OrderReference", s."PickedUpAt", s."PickupOtp", s."PickupOtpExpiresAt", s."PickupOtpVerifiedAt", s."Status1", s0."Id", s0."AssignedAt", s0."AssignmentReference", s0."AssignmentType", s0."CompletedAt", s0."Notes", s0."OrderId", s0."RiderId", s0."Status", s0."Id0", s0."AccessFailedCount", s0."Address", s0."ConcurrencyStamp", s0."CreatedAt", s0."CustomerReference", s0."Email", s0."EmailConfirmed", s0."FullName", s0."IsActive", s0."LockoutEnabled", s0."LockoutEnd", s0."NormalizedEmail", s0."NormalizedUserName", s0."PasswordHash", s0."PhoneNumber", s0."PhoneNumberConfirmed", s0."SecurityStamp", s0."TwoFactorEnabled", s0."UserName"
FROM (
    SELECT b."Id", b."AddOns", b."BookingReference", b."BundleDiscountPercent", b."CreatedAt", b."CustomerId", b."DiscountAmountKes", b."NubuckLines", b."OfficialLeatherLines", b."PickupAddress", b."PickupLatitude", b."PickupLocationUrl", b."PickupLongitude", b."PriceKes", b."SneakersLines", b."Status", b."SubtotalBeforeDiscountKes", b."SuedeLines", b."TotalPairs", f."Id" AS "Id0", f."AccessFailedCount", f."Address", f."ConcurrencyStamp", f."CreatedAt" AS "CreatedAt0", f."CustomerReference", f."Email", f."EmailConfirmed", f."FullName", f."IsActive", f."LockoutEnabled", f."LockoutEnd", f."NormalizedEmail", f."NormalizedUserName", f."PasswordHash", f."PhoneNumber", f."PhoneNumberConfirmed", f."SecurityStamp", f."TwoFactorEnabled", f."UserName", p."Id" AS "Id1", p."Amount", p."BookingId", p."CreatedAt" AS "CreatedAt1", p."MpesaCheckoutRequestId", p."MpesaMerchantRequestId", p."MpesaReceipt", p."PayerPhoneNumber", p."PaymentReference", p."Status" AS "Status0", o."Id" AS "Id2", o."AgentId", o."BookingId" AS "BookingId0", o."CleaningCompletedAt", o."CleaningStartedAt", o."CustomerId" AS "CustomerId0", o."DeliveredAt", o."DeliveryOtp", o."DeliveryOtpExpiresAt", o."DeliveryOtpVerifiedAt", o."OrderReference", o."PickedUpAt", o."PickupOtp", o."PickupOtpExpiresAt", o."PickupOtpVerifiedAt", o."Status" AS "Status1"
    FROM "Bookings" AS b
    INNER JOIN "FreshwalkUsers" AS f ON b."CustomerId" = f."Id"
    LEFT JOIN "Payments" AS p ON b."Id" = p."BookingId"
    LEFT JOIN "Orders" AS o ON b."Id" = o."BookingId"
    WHERE b."Id" = @__id_0
    LIMIT 1
) AS s
LEFT JOIN (
    SELECT o0."Id", o0."AssignedAt", o0."AssignmentReference", o0."AssignmentType", o0."CompletedAt", o0."Notes", o0."OrderId", o0."RiderId", o0."Status", f0."Id" AS "Id0", f0."AccessFailedCount", f0."Address", f0."ConcurrencyStamp", f0."CreatedAt", f0."CustomerReference", f0."Email", f0."EmailConfirmed", f0."FullName", f0."IsActive", f0."LockoutEnabled", f0."LockoutEnd", f0."NormalizedEmail", f0."NormalizedUserName", f0."PasswordHash", f0."PhoneNumber", f0."PhoneNumberConfirmed", f0."SecurityStamp", f0."TwoFactorEnabled", f0."UserName"
    FROM "OrderRiderAssignments" AS o0
    INNER JOIN "FreshwalkUsers" AS f0 ON o0."RiderId" = f0."Id"
) AS s0 ON s."Id2" = s0."OrderId"
ORDER BY s."Id", s."Id0", s."Id1", s."Id2", s0."Id"
2026-03-29 13:16:05.710 +03:00 [INF] Executed DbCommand (298ms) [Parameters=[@__role_Id_0='?' (DbType = Guid)], CommandType='"Text"', CommandTimeout='30']
SELECT f0."Id", f0."AccessFailedCount", f0."Address", f0."ConcurrencyStamp", f0."CreatedAt", f0."CustomerReference", f0."Email", f0."EmailConfirmed", f0."FullName", f0."IsActive", f0."LockoutEnabled", f0."LockoutEnd", f0."NormalizedEmail", f0."NormalizedUserName", f0."PasswordHash", f0."PhoneNumber", f0."PhoneNumberConfirmed", f0."SecurityStamp", f0."TwoFactorEnabled", f0."UserName"
FROM "FreshwalkUserRoles" AS f
INNER JOIN "FreshwalkUsers" AS f0 ON f."UserId" = f0."Id"
WHERE f."RoleId" = @__role_Id_0
2026-03-29 13:16:05.710 +03:00 [INF] Executed DbCommand (292ms) [Parameters=[@__p_0='?' (DbType = Guid)], CommandType='"Text"', CommandTimeout='30']
SELECT f."Id", f."AccessFailedCount", f."Address", f."ConcurrencyStamp", f."CreatedAt", f."CustomerReference", f."Email", f."EmailConfirmed", f."FullName", f."IsActive", f."LockoutEnabled", f."LockoutEnd", f."NormalizedEmail", f."NormalizedUserName", f."PasswordHash", f."PhoneNumber", f."PhoneNumberConfirmed", f."SecurityStamp", f."TwoFactorEnabled", f."UserName"
FROM "FreshwalkUsers" AS f
WHERE f."Id" = @__p_0
LIMIT 1
2026-03-29 13:16:05.721 +03:00 [INF] HTTP GET /api/agent/bookings/fe84829a-033b-48e4-90ec-be701ca528ca responded 200 in 627.1983 ms
2026-03-29 13:16:05.938 +03:00 [INF] Executed DbCommand (223ms) [Parameters=[], CommandType='"Text"', CommandTimeout='30']
SELECT r."Id", r."BikeRegistration", r."IsAvailable", r."UserId"
FROM "RiderProfiles" AS r
2026-03-29 13:16:06.161 +03:00 [INF] Executed DbCommand (218ms) [Parameters=[@__p_0='?' (DbType = Guid)], CommandType='"Text"', CommandTimeout='30']
SELECT f."Id", f."AccessFailedCount", f."Address", f."ConcurrencyStamp", f."CreatedAt", f."CustomerReference", f."Email", f."EmailConfirmed", f."FullName", f."IsActive", f."LockoutEnabled", f."LockoutEnd", f."NormalizedEmail", f."NormalizedUserName", f."PasswordHash", f."PhoneNumber", f."PhoneNumberConfirmed", f."SecurityStamp", f."TwoFactorEnabled", f."UserName"
FROM "FreshwalkUsers" AS f
WHERE f."Id" = @__p_0
LIMIT 1
2026-03-29 13:16:06.164 +03:00 [INF] Executed DbCommand (218ms) [Parameters=[@__normalizedRoleName_0='?'], CommandType='"Text"', CommandTimeout='30']
SELECT f."Id", f."ConcurrencyStamp", f."Name", f."NormalizedName"
FROM "FreshwalkRoles" AS f
WHERE f."NormalizedName" = @__normalizedRoleName_0
LIMIT 2
2026-03-29 13:16:06.169 +03:00 [INF] HTTP GET /api/agent/riders responded 200 in 1073.0917 ms
2026-03-29 13:16:06.178 +03:00 [INF] HTTP OPTIONS /api/orders/21381961-9ec7-45ff-887a-288a0e1ea182 responded 204 in 0.0648 ms
2026-03-29 13:16:06.431 +03:00 [INF] Executed DbCommand (258ms) [Parameters=[@__role_Id_0='?' (DbType = Guid)], CommandType='"Text"', CommandTimeout='30']
SELECT f0."Id", f0."AccessFailedCount", f0."Address", f0."ConcurrencyStamp", f0."CreatedAt", f0."CustomerReference", f0."Email", f0."EmailConfirmed", f0."FullName", f0."IsActive", f0."LockoutEnabled", f0."LockoutEnd", f0."NormalizedEmail", f0."NormalizedUserName", f0."PasswordHash", f0."PhoneNumber", f0."PhoneNumberConfirmed", f0."SecurityStamp", f0."TwoFactorEnabled", f0."UserName"
FROM "FreshwalkUserRoles" AS f
INNER JOIN "FreshwalkUsers" AS f0 ON f."UserId" = f0."Id"
WHERE f."RoleId" = @__role_Id_0
2026-03-29 13:16:06.431 +03:00 [INF] Executed DbCommand (245ms) [Parameters=[@__id_0='?' (DbType = Guid)], CommandType='"Text"', CommandTimeout='30']
SELECT s."Id", s."AgentId", s."BookingId", s."CleaningCompletedAt", s."CleaningStartedAt", s."CustomerId", s."DeliveredAt", s."DeliveryOtp", s."DeliveryOtpExpiresAt", s."DeliveryOtpVerifiedAt", s."OrderReference", s."PickedUpAt", s."PickupOtp", s."PickupOtpExpiresAt", s."PickupOtpVerifiedAt", s."Status", s."Id0", s."AddOns", s."BookingReference", s."BundleDiscountPercent", s."CreatedAt", s."CustomerId0", s."DiscountAmountKes", s."NubuckLines", s."OfficialLeatherLines", s."PickupAddress", s."PickupLatitude", s."PickupLocationUrl", s."PickupLongitude", s."PriceKes", s."SneakersLines", s."Status0", s."SubtotalBeforeDiscountKes", s."SuedeLines", s."TotalPairs", s."Id1", s."AccessFailedCount", s."Address", s."ConcurrencyStamp", s."CreatedAt0", s."CustomerReference", s."Email", s."EmailConfirmed", s."FullName", s."IsActive", s."LockoutEnabled", s."LockoutEnd", s."NormalizedEmail", s."NormalizedUserName", s."PasswordHash", s."PhoneNumber", s."PhoneNumberConfirmed", s."SecurityStamp", s."TwoFactorEnabled", s."UserName", s."Id2", s."Amount", s."BookingId0", s."CreatedAt1", s."MpesaCheckoutRequestId", s."MpesaMerchantRequestId", s."MpesaReceipt", s."PayerPhoneNumber", s."PaymentReference", s."Status1", s0."Id", s0."AssignedAt", s0."AssignmentReference", s0."AssignmentType", s0."CompletedAt", s0."Notes", s0."OrderId", s0."RiderId", s0."Status", s0."Id0", s0."AccessFailedCount", s0."Address", s0."ConcurrencyStamp", s0."CreatedAt", s0."CustomerReference", s0."Email", s0."EmailConfirmed", s0."FullName", s0."IsActive", s0."LockoutEnabled", s0."LockoutEnd", s0."NormalizedEmail", s0."NormalizedUserName", s0."PasswordHash", s0."PhoneNumber", s0."PhoneNumberConfirmed", s0."SecurityStamp", s0."TwoFactorEnabled", s0."UserName"
FROM (
    SELECT o."Id", o."AgentId", o."BookingId", o."CleaningCompletedAt", o."CleaningStartedAt", o."CustomerId", o."DeliveredAt", o."DeliveryOtp", o."DeliveryOtpExpiresAt", o."DeliveryOtpVerifiedAt", o."OrderReference", o."PickedUpAt", o."PickupOtp", o."PickupOtpExpiresAt", o."PickupOtpVerifiedAt", o."Status", b."Id" AS "Id0", b."AddOns", b."BookingReference", b."BundleDiscountPercent", b."CreatedAt", b."CustomerId" AS "CustomerId0", b."DiscountAmountKes", b."NubuckLines", b."OfficialLeatherLines", b."PickupAddress", b."PickupLatitude", b."PickupLocationUrl", b."PickupLongitude", b."PriceKes", b."SneakersLines", b."Status" AS "Status0", b."SubtotalBeforeDiscountKes", b."SuedeLines", b."TotalPairs", f."Id" AS "Id1", f."AccessFailedCount", f."Address", f."ConcurrencyStamp", f."CreatedAt" AS "CreatedAt0", f."CustomerReference", f."Email", f."EmailConfirmed", f."FullName", f."IsActive", f."LockoutEnabled", f."LockoutEnd", f."NormalizedEmail", f."NormalizedUserName", f."PasswordHash", f."PhoneNumber", f."PhoneNumberConfirmed", f."SecurityStamp", f."TwoFactorEnabled", f."UserName", p."Id" AS "Id2", p."Amount", p."BookingId" AS "BookingId0", p."CreatedAt" AS "CreatedAt1", p."MpesaCheckoutRequestId", p."MpesaMerchantRequestId", p."MpesaReceipt", p."PayerPhoneNumber", p."PaymentReference", p."Status" AS "Status1"
    FROM "Orders" AS o
    INNER JOIN "Bookings" AS b ON o."BookingId" = b."Id"
    INNER JOIN "FreshwalkUsers" AS f ON b."CustomerId" = f."Id"
    LEFT JOIN "Payments" AS p ON b."Id" = p."BookingId"
    WHERE o."Id" = @__id_0
    LIMIT 1
) AS s
LEFT JOIN (
    SELECT o0."Id", o0."AssignedAt", o0."AssignmentReference", o0."AssignmentType", o0."CompletedAt", o0."Notes", o0."OrderId", o0."RiderId", o0."Status", f0."Id" AS "Id0", f0."AccessFailedCount", f0."Address", f0."ConcurrencyStamp", f0."CreatedAt", f0."CustomerReference", f0."Email", f0."EmailConfirmed", f0."FullName", f0."IsActive", f0."LockoutEnabled", f0."LockoutEnd", f0."NormalizedEmail", f0."NormalizedUserName", f0."PasswordHash", f0."PhoneNumber", f0."PhoneNumberConfirmed", f0."SecurityStamp", f0."TwoFactorEnabled", f0."UserName"
    FROM "OrderRiderAssignments" AS o0
    INNER JOIN "FreshwalkUsers" AS f0 ON o0."RiderId" = f0."Id"
) AS s0 ON s."Id" = s0."OrderId"
ORDER BY s."Id", s."Id0", s."Id1", s."Id2", s0."Id"
2026-03-29 13:16:06.657 +03:00 [INF] Executed DbCommand (220ms) [Parameters=[], CommandType='"Text"', CommandTimeout='30']
SELECT r."Id", r."BikeRegistration", r."IsAvailable", r."UserId"
FROM "RiderProfiles" AS r
2026-03-29 13:16:06.664 +03:00 [INF] Executed DbCommand (219ms) [Parameters=[@__p_0='?' (DbType = Guid)], CommandType='"Text"', CommandTimeout='30']
SELECT f."Id", f."AccessFailedCount", f."Address", f."ConcurrencyStamp", f."CreatedAt", f."CustomerReference", f."Email", f."EmailConfirmed", f."FullName", f."IsActive", f."LockoutEnabled", f."LockoutEnd", f."NormalizedEmail", f."NormalizedUserName", f."PasswordHash", f."PhoneNumber", f."PhoneNumberConfirmed", f."SecurityStamp", f."TwoFactorEnabled", f."UserName"
FROM "FreshwalkUsers" AS f
WHERE f."Id" = @__p_0
LIMIT 1
2026-03-29 13:16:06.673 +03:00 [ERR] HTTP GET /api/orders/21381961-9ec7-45ff-887a-288a0e1ea182 responded 500 in 489.7336 ms
System.Text.Json.JsonException: A possible object cycle was detected. This can either be due to a cycle or if the object depth is larger than the maximum allowed depth of 32. Consider using ReferenceHandler.Preserve on JsonSerializerOptions to support cycles. Path: $.Booking.Customer.Bookings.Customer.Bookings.Customer.Bookings.Customer.Bookings.Customer.Bookings.Customer.Bookings.Customer.Bookings.Customer.Bookings.Customer.Bookings.Customer.Bookings.Id.
   at System.Text.Json.ThrowHelper.ThrowJsonException_SerializerCycleDetected(Int32 maxDepth)
   at System.Text.Json.Serialization.Metadata.JsonPropertyInfo`1.GetMemberAndWriteJson(Object obj, WriteStack& state, Utf8JsonWriter writer)
   at System.Text.Json.Serialization.Converters.ObjectDefaultConverter`1.OnTryWrite(Utf8JsonWriter writer, T value, JsonSerializerOptions options, WriteStack& state)
   at System.Text.Json.Serialization.JsonConverter`1.TryWrite(Utf8JsonWriter writer, T& value, JsonSerializerOptions options, WriteStack& state)
   at System.Text.Json.Serialization.Converters.IEnumerableDefaultConverter`2.OnWriteResume(Utf8JsonWriter writer, TCollection value, JsonSerializerOptions options, WriteStack& state)
   at System.Text.Json.Serialization.JsonCollectionConverter`2.OnTryWrite(Utf8JsonWriter writer, TCollection value, JsonSerializerOptions options, WriteStack& state)
   at System.Text.Json.Serialization.Metadata.JsonPropertyInfo`1.GetMemberAndWriteJson(Object obj, WriteStack& state, Utf8JsonWriter writer)
   at System.Text.Json.Serialization.Converters.ObjectDefaultConverter`1.OnTryWrite(Utf8JsonWriter writer, T value, JsonSerializerOptions options, WriteStack& state)
   at System.Text.Json.Serialization.Metadata.JsonPropertyInfo`1.GetMemberAndWriteJson(Object obj, WriteStack& state, Utf8JsonWriter writer)
   at System.Text.Json.Serialization.Converters.ObjectDefaultConverter`1.OnTryWrite(Utf8JsonWriter writer, T value, JsonSerializerOptions options, WriteStack& state)
   at System.Text.Json.Serialization.JsonConverter`1.TryWrite(Utf8JsonWriter writer, T& value, JsonSerializerOptions options, WriteStack& state)
   at System.Text.Json.Serialization.Converters.IEnumerableDefaultConverter`2.OnWriteResume(Utf8JsonWriter writer, TCollection value, JsonSerializerOptions options, WriteStack& state)
   at System.Text.Json.Serialization.JsonCollectionConverter`2.OnTryWrite(Utf8JsonWriter writer, TCollection value, JsonSerializerOptions options, WriteStack& state)
   at System.Text.Json.Serialization.Metadata.JsonPropertyInfo`1.GetMemberAndWriteJson(Object obj, WriteStack& state, Utf8JsonWriter writer)
   at System.Text.Json.Serialization.Converters.ObjectDefaultConverter`1.OnTryWrite(Utf8JsonWriter writer, T value, JsonSerializerOptions options, WriteStack& state)
   at System.Text.Json.Serialization.Metadata.JsonPropertyInfo`1.GetMemberAndWriteJson(Object obj, WriteStack& state, Utf8JsonWriter writer)
   at System.Text.Json.Serialization.Converters.ObjectDefaultConverter`1.OnTryWrite(Utf8JsonWriter writer, T value, JsonSerializerOptions options, WriteStack& state)
   at System.Text.Json.Serialization.JsonConverter`1.TryWrite(Utf8JsonWriter writer, T& value, JsonSerializerOptions options, WriteStack& state)
   at System.Text.Json.Serialization.Converters.IEnumerableDefaultConverter`2.OnWriteResume(Utf8JsonWriter writer, TCollection value, JsonSerializerOptions options, WriteStack& state)
   at System.Text.Json.Serialization.JsonCollectionConverter`2.OnTryWrite(Utf8JsonWriter writer, TCollection value, JsonSerializerOptions options, WriteStack& state)
   at System.Text.Json.Serialization.Metadata.JsonPropertyInfo`1.GetMemberAndWriteJson(Object obj, WriteStack& state, Utf8JsonWriter writer)
   at System.Text.Json.Serialization.Converters.ObjectDefaultConverter`1.OnTryWrite(Utf8JsonWriter writer, T value, JsonSerializerOptions options, WriteStack& state)
   at System.Text.Json.Serialization.Metadata.JsonPropertyInfo`1.GetMemberAndWriteJson(Object obj, WriteStack& state, Utf8JsonWriter writer)
   at System.Text.Json.Serialization.Converters.ObjectDefaultConverter`1.OnTryWrite(Utf8JsonWriter writer, T value, JsonSerializerOptions options, WriteStack& state)
   at System.Text.Json.Serialization.JsonConverter`1.TryWrite(Utf8JsonWriter writer, T& value, JsonSerializerOptions options, WriteStack& state)
   at System.Text.Json.Serialization.Converters.IEnumerableDefaultConverter`2.OnWriteResume(Utf8JsonWriter writer, TCollection value, JsonSerializerOptions options, WriteStack& state)
   at System.Text.Json.Serialization.JsonCollectionConverter`2.OnTryWrite(Utf8JsonWriter writer, TCollection value, JsonSerializerOptions options, WriteStack& state)
   at System.Text.Json.Serialization.Metadata.JsonPropertyInfo`1.GetMemberAndWriteJson(Object obj, WriteStack& state, Utf8JsonWriter writer)
   at System.Text.Json.Serialization.Converters.ObjectDefaultConverter`1.OnTryWrite(Utf8JsonWriter writer, T value, JsonSerializerOptions options, WriteStack& state)
   at System.Text.Json.Serialization.Metadata.JsonPropertyInfo`1.GetMemberAndWriteJson(Object obj, WriteStack& state, Utf8JsonWriter writer)
   at System.Text.Json.Serialization.Converters.ObjectDefaultConverter`1.OnTryWrite(Utf8JsonWriter writer, T value, JsonSerializerOptions options, WriteStack& state)
   at System.Text.Json.Serialization.JsonConverter`1.TryWrite(Utf8JsonWriter writer, T& value, JsonSerializerOptions options, WriteStack& state)
   at System.Text.Json.Serialization.Converters.IEnumerableDefaultConverter`2.OnWriteResume(Utf8JsonWriter writer, TCollection value, JsonSerializerOptions options, WriteStack& state)
   at System.Text.Json.Serialization.JsonCollectionConverter`2.OnTryWrite(Utf8JsonWriter writer, TCollection value, JsonSerializerOptions options, WriteStack& state)
   at System.Text.Json.Serialization.Metadata.JsonPropertyInfo`1.GetMemberAndWriteJson(Object obj, WriteStack& state, Utf8JsonWriter writer)
   at System.Text.Json.Serialization.Converters.ObjectDefaultConverter`1.OnTryWrite(Utf8JsonWriter writer, T value, JsonSerializerOptions options, WriteStack& state)
   at System.Text.Json.Serialization.Metadata.JsonPropertyInfo`1.GetMemberAndWriteJson(Object obj, WriteStack& state, Utf8JsonWriter writer)
   at System.Text.Json.Serialization.Converters.ObjectDefaultConverter`1.OnTryWrite(Utf8JsonWriter writer, T value, JsonSerializerOptions options, WriteStack& state)
   at System.Text.Json.Serialization.JsonConverter`1.TryWrite(Utf8JsonWriter writer, T& value, JsonSerializerOptions options, WriteStack& state)
   at System.Text.Json.Serialization.Converters.IEnumerableDefaultConverter`2.OnWriteResume(Utf8JsonWriter writer, TCollection value, JsonSerializerOptions options, WriteStack& state)
   at System.Text.Json.Serialization.JsonCollectionConverter`2.OnTryWrite(Utf8JsonWriter writer, TCollection value, JsonSerializerOptions options, WriteStack& state)
   at System.Text.Json.Serialization.Metadata.JsonPropertyInfo`1.GetMemberAndWriteJson(Object obj, WriteStack& state, Utf8JsonWriter writer)
   at System.Text.Json.Serialization.Converters.ObjectDefaultConverter`1.OnTryWrite(Utf8JsonWriter writer, T value, JsonSerializerOptions options, WriteStack& state)
   at System.Text.Json.Serialization.Metadata.JsonPropertyInfo`1.GetMemberAndWriteJson(Object obj, WriteStack& state, Utf8JsonWriter writer)
   at System.Text.Json.Serialization.Converters.ObjectDefaultConverter`1.OnTryWrite(Utf8JsonWriter writer, T value, JsonSerializerOptions options, WriteStack& state)
   at System.Text.Json.Serialization.JsonConverter`1.TryWrite(Utf8JsonWriter writer, T& value, JsonSerializerOptions options, WriteStack& state)
   at System.Text.Json.Serialization.Converters.IEnumerableDefaultConverter`2.OnWriteResume(Utf8JsonWriter writer, TCollection value, JsonSerializerOptions options, WriteStack& state)
   at System.Text.Json.Serialization.JsonCollectionConverter`2.OnTryWrite(Utf8JsonWriter writer, TCollection value, JsonSerializerOptions options, WriteStack& state)
   at System.Text.Json.Serialization.Metadata.JsonPropertyInfo`1.GetMemberAndWriteJson(Object obj, WriteStack& state, Utf8JsonWriter writer)
   at System.Text.Json.Serialization.Converters.ObjectDefaultConverter`1.OnTryWrite(Utf8JsonWriter writer, T value, JsonSerializerOptions options, WriteStack& state)
   at System.Text.Json.Serialization.Metadata.JsonPropertyInfo`1.GetMemberAndWriteJson(Object obj, WriteStack& state, Utf8JsonWriter writer)
   at System.Text.Json.Serialization.Converters.ObjectDefaultConverter`1.OnTryWrite(Utf8JsonWriter writer, T value, JsonSerializerOptions options, WriteStack& state)
   at System.Text.Json.Serialization.JsonConverter`1.TryWrite(Utf8JsonWriter writer, T& value, JsonSerializerOptions options, WriteStack& state)
   at System.Text.Json.Serialization.Converters.IEnumerableDefaultConverter`2.OnWriteResume(Utf8JsonWriter writer, TCollection value, JsonSerializerOptions options, WriteStack& state)
   at System.Text.Json.Serialization.JsonCollectionConverter`2.OnTryWrite(Utf8JsonWriter writer, TCollection value, JsonSerializerOptions options, WriteStack& state)
   at System.Text.Json.Serialization.Metadata.JsonPropertyInfo`1.GetMemberAndWriteJson(Object obj, WriteStack& state, Utf8JsonWriter writer)
   at System.Text.Json.Serialization.Converters.ObjectDefaultConverter`1.OnTryWrite(Utf8JsonWriter writer, T value, JsonSerializerOptions options, WriteStack& state)
   at System.Text.Json.Serialization.Metadata.JsonPropertyInfo`1.GetMemberAndWriteJson(Object obj, WriteStack& state, Utf8JsonWriter writer)
   at System.Text.Json.Serialization.Converters.ObjectDefaultConverter`1.OnTryWrite(Utf8JsonWriter writer, T value, JsonSerializerOptions options, WriteStack& state)
   at System.Text.Json.Serialization.JsonConverter`1.TryWrite(Utf8JsonWriter writer, T& value, JsonSerializerOptions options, WriteStack& state)
   at System.Text.Json.Serialization.Converters.IEnumerableDefaultConverter`2.OnWriteResume(Utf8JsonWriter writer, TCollection value, JsonSerializerOptions options, WriteStack& state)
   at System.Text.Json.Serialization.JsonCollectionConverter`2.OnTryWrite(Utf8JsonWriter writer, TCollection value, JsonSerializerOptions options, WriteStack& state)
   at System.Text.Json.Serialization.Metadata.JsonPropertyInfo`1.GetMemberAndWriteJson(Object obj, WriteStack& state, Utf8JsonWriter writer)
   at System.Text.Json.Serialization.Converters.ObjectDefaultConverter`1.OnTryWrite(Utf8JsonWriter writer, T value, JsonSerializerOptions options, WriteStack& state)
   at System.Text.Json.Serialization.Metadata.JsonPropertyInfo`1.GetMemberAndWriteJson(Object obj, WriteStack& state, Utf8JsonWriter writer)
   at System.Text.Json.Serialization.Converters.ObjectDefaultConverter`1.OnTryWrite(Utf8JsonWriter writer, T value, JsonSerializerOptions options, WriteStack& state)
   at System.Text.Json.Serialization.JsonConverter`1.TryWrite(Utf8JsonWriter writer, T& value, JsonSerializerOptions options, WriteStack& state)
   at System.Text.Json.Serialization.Converters.IEnumerableDefaultConverter`2.OnWriteResume(Utf8JsonWriter writer, TCollection value, JsonSerializerOptions options, WriteStack& state)
   at System.Text.Json.Serialization.JsonCollectionConverter`2.OnTryWrite(Utf8JsonWriter writer, TCollection value, JsonSerializerOptions options, WriteStack& state)
   at System.Text.Json.Serialization.Metadata.JsonPropertyInfo`1.GetMemberAndWriteJson(Object obj, WriteStack& state, Utf8JsonWriter writer)
   at System.Text.Json.Serialization.Converters.ObjectDefaultConverter`1.OnTryWrite(Utf8JsonWriter writer, T value, JsonSerializerOptions options, WriteStack& state)
   at System.Text.Json.Serialization.Metadata.JsonPropertyInfo`1.GetMemberAndWriteJson(Object obj, WriteStack& state, Utf8JsonWriter writer)
   at System.Text.Json.Serialization.Converters.ObjectDefaultConverter`1.OnTryWrite(Utf8JsonWriter writer, T value, JsonSerializerOptions options, WriteStack& state)
   at System.Text.Json.Serialization.Metadata.JsonPropertyInfo`1.GetMemberAndWriteJson(Object obj, WriteStack& state, Utf8JsonWriter writer)
   at System.Text.Json.Serialization.Converters.ObjectDefaultConverter`1.OnTryWrite(Utf8JsonWriter writer, T value, JsonSerializerOptions options, WriteStack& state)
   at System.Text.Json.Serialization.JsonConverter`1.TryWrite(Utf8JsonWriter writer, T& value, JsonSerializerOptions options, WriteStack& state)
   at System.Text.Json.Serialization.JsonConverter`1.WriteCore(Utf8JsonWriter writer, T& value, JsonSerializerOptions options, WriteStack& state)
   at System.Text.Json.Serialization.Metadata.JsonTypeInfo`1.SerializeAsync(PipeWriter pipeWriter, T rootValue, Int32 flushThreshold, CancellationToken cancellationToken, Object rootValueBoxed)
   at System.Text.Json.Serialization.Metadata.JsonTypeInfo`1.SerializeAsync(PipeWriter pipeWriter, T rootValue, Int32 flushThreshold, CancellationToken cancellationToken, Object rootValueBoxed)
   at System.Text.Json.Serialization.Metadata.JsonTypeInfo`1.SerializeAsync(PipeWriter pipeWriter, T rootValue, Int32 flushThreshold, CancellationToken cancellationToken, Object rootValueBoxed)
   at Microsoft.AspNetCore.Mvc.Formatters.SystemTextJsonOutputFormatter.WriteResponseBodyAsync(OutputFormatterWriteContext context, Encoding selectedEncoding)
   at Microsoft.AspNetCore.Mvc.Infrastructure.ResourceInvoker.<InvokeNextResultFilterAsync>g__Awaited|30_0[TFilter,TFilterAsync](ResourceInvoker invoker, Task lastTask, State next, Scope scope, Object state, Boolean isCompleted)
   at Microsoft.AspNetCore.Mvc.Infrastructure.ResourceInvoker.Rethrow(ResultExecutedContextSealed context)
   at Microsoft.AspNetCore.Mvc.Infrastructure.ResourceInvoker.ResultNext[TFilter,TFilterAsync](State& next, Scope& scope, Object& state, Boolean& isCompleted)
   at Microsoft.AspNetCore.Mvc.Infrastructure.ResourceInvoker.InvokeResultFilters()
--- End of stack trace from previous location ---
   at Microsoft.AspNetCore.Mvc.Infrastructure.ResourceInvoker.<InvokeFilterPipelineAsync>g__Awaited|20_0(ResourceInvoker invoker, Task lastTask, State next, Scope scope, Object state, Boolean isCompleted)
   at Microsoft.AspNetCore.Mvc.Infrastructure.ResourceInvoker.<InvokeAsync>g__Awaited|17_0(ResourceInvoker invoker, Task task, IDisposable scope)
   at Microsoft.AspNetCore.Mvc.Infrastructure.ResourceInvoker.<InvokeAsync>g__Awaited|17_0(ResourceInvoker invoker, Task task, IDisposable scope)
   at Freshwalk.API.Logging.AuditRequestLoggingMiddleware.InvokeAsync(HttpContext context, RequestDelegate next) in D:\Projects\Freshwalk Shoe Cleaning web app\API\Freshwalk.API\Logging\AuditRequestLoggingMiddleware.cs:line 63
   at Freshwalk.API.Logging.AuditRequestLoggingMiddleware.InvokeAsync(HttpContext context, RequestDelegate next) in D:\Projects\Freshwalk Shoe Cleaning web app\API\Freshwalk.API\Logging\AuditRequestLoggingMiddleware.cs:line 91
   at Freshwalk.API.Logging.AuditRequestLoggingMiddleware.InvokeAsync(HttpContext context, RequestDelegate next) in D:\Projects\Freshwalk Shoe Cleaning web app\API\Freshwalk.API\Logging\AuditRequestLoggingMiddleware.cs:line 91
   at Microsoft.AspNetCore.Builder.UseMiddlewareExtensions.InterfaceMiddlewareBinder.<>c__DisplayClass2_0.<<CreateMiddleware>b__0>d.MoveNext()
--- End of stack trace from previous location ---
   at Microsoft.AspNetCore.Authorization.AuthorizationMiddleware.Invoke(HttpContext context)
   at Microsoft.AspNetCore.Authentication.AuthenticationMiddleware.Invoke(HttpContext context)
   at Serilog.AspNetCore.RequestLoggingMiddleware.Invoke(HttpContext httpContext)
2026-03-29 13:16:06.729 +03:00 [ERR] An unhandled exception has occurred while executing the request.
System.Text.Json.JsonException: A possible object cycle was detected. This can either be due to a cycle or if the object depth is larger than the maximum allowed depth of 32. Consider using ReferenceHandler.Preserve on JsonSerializerOptions to support cycles. Path: $.Booking.Customer.Bookings.Customer.Bookings.Customer.Bookings.Customer.Bookings.Customer.Bookings.Customer.Bookings.Customer.Bookings.Customer.Bookings.Customer.Bookings.Customer.Bookings.Id.
   at System.Text.Json.ThrowHelper.ThrowJsonException_SerializerCycleDetected(Int32 maxDepth)
   at System.Text.Json.Serialization.Metadata.JsonPropertyInfo`1.GetMemberAndWriteJson(Object obj, WriteStack& state, Utf8JsonWriter writer)
   at System.Text.Json.Serialization.Converters.ObjectDefaultConverter`1.OnTryWrite(Utf8JsonWriter writer, T value, JsonSerializerOptions options, WriteStack& state)
   at System.Text.Json.Serialization.JsonConverter`1.TryWrite(Utf8JsonWriter writer, T& value, JsonSerializerOptions options, WriteStack& state)
   at System.Text.Json.Serialization.Converters.IEnumerableDefaultConverter`2.OnWriteResume(Utf8JsonWriter writer, TCollection value, JsonSerializerOptions options, WriteStack& state)
   at System.Text.Json.Serialization.JsonCollectionConverter`2.OnTryWrite(Utf8JsonWriter writer, TCollection value, JsonSerializerOptions options, WriteStack& state)
   at System.Text.Json.Serialization.Metadata.JsonPropertyInfo`1.GetMemberAndWriteJson(Object obj, WriteStack& state, Utf8JsonWriter writer)
   at System.Text.Json.Serialization.Converters.ObjectDefaultConverter`1.OnTryWrite(Utf8JsonWriter writer, T value, JsonSerializerOptions options, WriteStack& state)
   at System.Text.Json.Serialization.Metadata.JsonPropertyInfo`1.GetMemberAndWriteJson(Object obj, WriteStack& state, Utf8JsonWriter writer)
   at System.Text.Json.Serialization.Converters.ObjectDefaultConverter`1.OnTryWrite(Utf8JsonWriter writer, T value, JsonSerializerOptions options, WriteStack& state)
   at System.Text.Json.Serialization.JsonConverter`1.TryWrite(Utf8JsonWriter writer, T& value, JsonSerializerOptions options, WriteStack& state)
   at System.Text.Json.Serialization.Converters.IEnumerableDefaultConverter`2.OnWriteResume(Utf8JsonWriter writer, TCollection value, JsonSerializerOptions options, WriteStack& state)
   at System.Text.Json.Serialization.JsonCollectionConverter`2.OnTryWrite(Utf8JsonWriter writer, TCollection value, JsonSerializerOptions options, WriteStack& state)
   at System.Text.Json.Serialization.Metadata.JsonPropertyInfo`1.GetMemberAndWriteJson(Object obj, WriteStack& state, Utf8JsonWriter writer)
   at System.Text.Json.Serialization.Converters.ObjectDefaultConverter`1.OnTryWrite(Utf8JsonWriter writer, T value, JsonSerializerOptions options, WriteStack& state)
   at System.Text.Json.Serialization.Metadata.JsonPropertyInfo`1.GetMemberAndWriteJson(Object obj, WriteStack& state, Utf8JsonWriter writer)
   at System.Text.Json.Serialization.Converters.ObjectDefaultConverter`1.OnTryWrite(Utf8JsonWriter writer, T value, JsonSerializerOptions options, WriteStack& state)
   at System.Text.Json.Serialization.JsonConverter`1.TryWrite(Utf8JsonWriter writer, T& value, JsonSerializerOptions options, WriteStack& state)
   at System.Text.Json.Serialization.Converters.IEnumerableDefaultConverter`2.OnWriteResume(Utf8JsonWriter writer, TCollection value, JsonSerializerOptions options, WriteStack& state)
   at System.Text.Json.Serialization.JsonCollectionConverter`2.OnTryWrite(Utf8JsonWriter writer, TCollection value, JsonSerializerOptions options, WriteStack& state)
   at System.Text.Json.Serialization.Metadata.JsonPropertyInfo`1.GetMemberAndWriteJson(Object obj, WriteStack& state, Utf8JsonWriter writer)
   at System.Text.Json.Serialization.Converters.ObjectDefaultConverter`1.OnTryWrite(Utf8JsonWriter writer, T value, JsonSerializerOptions options, WriteStack& state)
   at System.Text.Json.Serialization.Metadata.JsonPropertyInfo`1.GetMemberAndWriteJson(Object obj, WriteStack& state, Utf8JsonWriter writer)
   at System.Text.Json.Serialization.Converters.ObjectDefaultConverter`1.OnTryWrite(Utf8JsonWriter writer, T value, JsonSerializerOptions options, WriteStack& state)
   at System.Text.Json.Serialization.JsonConverter`1.TryWrite(Utf8JsonWriter writer, T& value, JsonSerializerOptions options, WriteStack& state)
   at System.Text.Json.Serialization.Converters.IEnumerableDefaultConverter`2.OnWriteResume(Utf8JsonWriter writer, TCollection value, JsonSerializerOptions options, WriteStack& state)
   at System.Text.Json.Serialization.JsonCollectionConverter`2.OnTryWrite(Utf8JsonWriter writer, TCollection value, JsonSerializerOptions options, WriteStack& state)
   at System.Text.Json.Serialization.Metadata.JsonPropertyInfo`1.GetMemberAndWriteJson(Object obj, WriteStack& state, Utf8JsonWriter writer)
   at System.Text.Json.Serialization.Converters.ObjectDefaultConverter`1.OnTryWrite(Utf8JsonWriter writer, T value, JsonSerializerOptions options, WriteStack& state)
   at System.Text.Json.Serialization.Metadata.JsonPropertyInfo`1.GetMemberAndWriteJson(Object obj, WriteStack& state, Utf8JsonWriter writer)
   at System.Text.Json.Serialization.Converters.ObjectDefaultConverter`1.OnTryWrite(Utf8JsonWriter writer, T value, JsonSerializerOptions options, WriteStack& state)
   at System.Text.Json.Serialization.JsonConverter`1.TryWrite(Utf8JsonWriter writer, T& value, JsonSerializerOptions options, WriteStack& state)
   at System.Text.Json.Serialization.Converters.IEnumerableDefaultConverter`2.OnWriteResume(Utf8JsonWriter writer, TCollection value, JsonSerializerOptions options, WriteStack& state)
   at System.Text.Json.Serialization.JsonCollectionConverter`2.OnTryWrite(Utf8JsonWriter writer, TCollection value, JsonSerializerOptions options, WriteStack& state)
   at System.Text.Json.Serialization.Metadata.JsonPropertyInfo`1.GetMemberAndWriteJson(Object obj, WriteStack& state, Utf8JsonWriter writer)
   at System.Text.Json.Serialization.Converters.ObjectDefaultConverter`1.OnTryWrite(Utf8JsonWriter writer, T value, JsonSerializerOptions options, WriteStack& state)
   at System.Text.Json.Serialization.Metadata.JsonPropertyInfo`1.GetMemberAndWriteJson(Object obj, WriteStack& state, Utf8JsonWriter writer)
   at System.Text.Json.Serialization.Converters.ObjectDefaultConverter`1.OnTryWrite(Utf8JsonWriter writer, T value, JsonSerializerOptions options, WriteStack& state)
   at System.Text.Json.Serialization.JsonConverter`1.TryWrite(Utf8JsonWriter writer, T& value, JsonSerializerOptions options, WriteStack& state)
   at System.Text.Json.Serialization.Converters.IEnumerableDefaultConverter`2.OnWriteResume(Utf8JsonWriter writer, TCollection value, JsonSerializerOptions options, WriteStack& state)
   at System.Text.Json.Serialization.JsonCollectionConverter`2.OnTryWrite(Utf8JsonWriter writer, TCollection value, JsonSerializerOptions options, WriteStack& state)
   at System.Text.Json.Serialization.Metadata.JsonPropertyInfo`1.GetMemberAndWriteJson(Object obj, WriteStack& state, Utf8JsonWriter writer)
   at System.Text.Json.Serialization.Converters.ObjectDefaultConverter`1.OnTryWrite(Utf8JsonWriter writer, T value, JsonSerializerOptions options, WriteStack& state)
   at System.Text.Json.Serialization.Metadata.JsonPropertyInfo`1.GetMemberAndWriteJson(Object obj, WriteStack& state, Utf8JsonWriter writer)
   at System.Text.Json.Serialization.Converters.ObjectDefaultConverter`1.OnTryWrite(Utf8JsonWriter writer, T value, JsonSerializerOptions options, WriteStack& state)
   at System.Text.Json.Serialization.JsonConverter`1.TryWrite(Utf8JsonWriter writer, T& value, JsonSerializerOptions options, WriteStack& state)
   at System.Text.Json.Serialization.Converters.IEnumerableDefaultConverter`2.OnWriteResume(Utf8JsonWriter writer, TCollection value, JsonSerializerOptions options, WriteStack& state)
   at System.Text.Json.Serialization.JsonCollectionConverter`2.OnTryWrite(Utf8JsonWriter writer, TCollection value, JsonSerializerOptions options, WriteStack& state)
   at System.Text.Json.Serialization.Metadata.JsonPropertyInfo`1.GetMemberAndWriteJson(Object obj, WriteStack& state, Utf8JsonWriter writer)
   at System.Text.Json.Serialization.Converters.ObjectDefaultConverter`1.OnTryWrite(Utf8JsonWriter writer, T value, JsonSerializerOptions options, WriteStack& state)
   at System.Text.Json.Serialization.Metadata.JsonPropertyInfo`1.GetMemberAndWriteJson(Object obj, WriteStack& state, Utf8JsonWriter writer)
   at System.Text.Json.Serialization.Converters.ObjectDefaultConverter`1.OnTryWrite(Utf8JsonWriter writer, T value, JsonSerializerOptions options, WriteStack& state)
   at System.Text.Json.Serialization.JsonConverter`1.TryWrite(Utf8JsonWriter writer, T& value, JsonSerializerOptions options, WriteStack& state)
   at System.Text.Json.Serialization.Converters.IEnumerableDefaultConverter`2.OnWriteResume(Utf8JsonWriter writer, TCollection value, JsonSerializerOptions options, WriteStack& state)
   at System.Text.Json.Serialization.JsonCollectionConverter`2.OnTryWrite(Utf8JsonWriter writer, TCollection value, JsonSerializerOptions options, WriteStack& state)
   at System.Text.Json.Serialization.Metadata.JsonPropertyInfo`1.GetMemberAndWriteJson(Object obj, WriteStack& state, Utf8JsonWriter writer)
   at System.Text.Json.Serialization.Converters.ObjectDefaultConverter`1.OnTryWrite(Utf8JsonWriter writer, T value, JsonSerializerOptions options, WriteStack& state)
   at System.Text.Json.Serialization.Metadata.JsonPropertyInfo`1.GetMemberAndWriteJson(Object obj, WriteStack& state, Utf8JsonWriter writer)
   at System.Text.Json.Serialization.Converters.ObjectDefaultConverter`1.OnTryWrite(Utf8JsonWriter writer, T value, JsonSerializerOptions options, WriteStack& state)
   at System.Text.Json.Serialization.JsonConverter`1.TryWrite(Utf8JsonWriter writer, T& value, JsonSerializerOptions options, WriteStack& state)
   at System.Text.Json.Serialization.Converters.IEnumerableDefaultConverter`2.OnWriteResume(Utf8JsonWriter writer, TCollection value, JsonSerializerOptions options, WriteStack& state)
   at System.Text.Json.Serialization.JsonCollectionConverter`2.OnTryWrite(Utf8JsonWriter writer, TCollection value, JsonSerializerOptions options, WriteStack& state)
   at System.Text.Json.Serialization.Metadata.JsonPropertyInfo`1.GetMemberAndWriteJson(Object obj, WriteStack& state, Utf8JsonWriter writer)
   at System.Text.Json.Serialization.Converters.ObjectDefaultConverter`1.OnTryWrite(Utf8JsonWriter writer, T value, JsonSerializerOptions options, WriteStack& state)
   at System.Text.Json.Serialization.Metadata.JsonPropertyInfo`1.GetMemberAndWriteJson(Object obj, WriteStack& state, Utf8JsonWriter writer)
   at System.Text.Json.Serialization.Converters.ObjectDefaultConverter`1.OnTryWrite(Utf8JsonWriter writer, T value, JsonSerializerOptions options, WriteStack& state)
   at System.Text.Json.Serialization.JsonConverter`1.TryWrite(Utf8JsonWriter writer, T& value, JsonSerializerOptions options, WriteStack& state)
   at System.Text.Json.Serialization.Converters.IEnumerableDefaultConverter`2.OnWriteResume(Utf8JsonWriter writer, TCollection value, JsonSerializerOptions options, WriteStack& state)
   at System.Text.Json.Serialization.JsonCollectionConverter`2.OnTryWrite(Utf8JsonWriter writer, TCollection value, JsonSerializerOptions options, WriteStack& state)
   at System.Text.Json.Serialization.Metadata.JsonPropertyInfo`1.GetMemberAndWriteJson(Object obj, WriteStack& state, Utf8JsonWriter writer)
   at System.Text.Json.Serialization.Converters.ObjectDefaultConverter`1.OnTryWrite(Utf8JsonWriter writer, T value, JsonSerializerOptions options, WriteStack& state)
   at System.Text.Json.Serialization.Metadata.JsonPropertyInfo`1.GetMemberAndWriteJson(Object obj, WriteStack& state, Utf8JsonWriter writer)
   at System.Text.Json.Serialization.Converters.ObjectDefaultConverter`1.OnTryWrite(Utf8JsonWriter writer, T value, JsonSerializerOptions options, WriteStack& state)
   at System.Text.Json.Serialization.Metadata.JsonPropertyInfo`1.GetMemberAndWriteJson(Object obj, WriteStack& state, Utf8JsonWriter writer)
   at System.Text.Json.Serialization.Converters.ObjectDefaultConverter`1.OnTryWrite(Utf8JsonWriter writer, T value, JsonSerializerOptions options, WriteStack& state)
   at System.Text.Json.Serialization.JsonConverter`1.TryWrite(Utf8JsonWriter writer, T& value, JsonSerializerOptions options, WriteStack& state)
   at System.Text.Json.Serialization.JsonConverter`1.WriteCore(Utf8JsonWriter writer, T& value, JsonSerializerOptions options, WriteStack& state)
   at System.Text.Json.Serialization.Metadata.JsonTypeInfo`1.SerializeAsync(PipeWriter pipeWriter, T rootValue, Int32 flushThreshold, CancellationToken cancellationToken, Object rootValueBoxed)
   at System.Text.Json.Serialization.Metadata.JsonTypeInfo`1.SerializeAsync(PipeWriter pipeWriter, T rootValue, Int32 flushThreshold, CancellationToken cancellationToken, Object rootValueBoxed)
   at System.Text.Json.Serialization.Metadata.JsonTypeInfo`1.SerializeAsync(PipeWriter pipeWriter, T rootValue, Int32 flushThreshold, CancellationToken cancellationToken, Object rootValueBoxed)
   at Microsoft.AspNetCore.Mvc.Formatters.SystemTextJsonOutputFormatter.WriteResponseBodyAsync(OutputFormatterWriteContext context, Encoding selectedEncoding)
   at Microsoft.AspNetCore.Mvc.Infrastructure.ResourceInvoker.<InvokeNextResultFilterAsync>g__Awaited|30_0[TFilter,TFilterAsync](ResourceInvoker invoker, Task lastTask, State next, Scope scope, Object state, Boolean isCompleted)
   at Microsoft.AspNetCore.Mvc.Infrastructure.ResourceInvoker.Rethrow(ResultExecutedContextSealed context)
   at Microsoft.AspNetCore.Mvc.Infrastructure.ResourceInvoker.ResultNext[TFilter,TFilterAsync](State& next, Scope& scope, Object& state, Boolean& isCompleted)
   at Microsoft.AspNetCore.Mvc.Infrastructure.ResourceInvoker.InvokeResultFilters()
--- End of stack trace from previous location ---
   at Microsoft.AspNetCore.Mvc.Infrastructure.ResourceInvoker.<InvokeFilterPipelineAsync>g__Awaited|20_0(ResourceInvoker invoker, Task lastTask, State next, Scope scope, Object state, Boolean isCompleted)
   at Microsoft.AspNetCore.Mvc.Infrastructure.ResourceInvoker.<InvokeAsync>g__Awaited|17_0(ResourceInvoker invoker, Task task, IDisposable scope)
   at Microsoft.AspNetCore.Mvc.Infrastructure.ResourceInvoker.<InvokeAsync>g__Awaited|17_0(ResourceInvoker invoker, Task task, IDisposable scope)
   at Freshwalk.API.Logging.AuditRequestLoggingMiddleware.InvokeAsync(HttpContext context, RequestDelegate next) in D:\Projects\Freshwalk Shoe Cleaning web app\API\Freshwalk.API\Logging\AuditRequestLoggingMiddleware.cs:line 63
   at Freshwalk.API.Logging.AuditRequestLoggingMiddleware.InvokeAsync(HttpContext context, RequestDelegate next) in D:\Projects\Freshwalk Shoe Cleaning web app\API\Freshwalk.API\Logging\AuditRequestLoggingMiddleware.cs:line 91
   at Freshwalk.API.Logging.AuditRequestLoggingMiddleware.InvokeAsync(HttpContext context, RequestDelegate next) in D:\Projects\Freshwalk Shoe Cleaning web app\API\Freshwalk.API\Logging\AuditRequestLoggingMiddleware.cs:line 91
   at Microsoft.AspNetCore.Builder.UseMiddlewareExtensions.InterfaceMiddlewareBinder.<>c__DisplayClass2_0.<<CreateMiddleware>b__0>d.MoveNext()
--- End of stack trace from previous location ---
   at Microsoft.AspNetCore.Authorization.AuthorizationMiddleware.Invoke(HttpContext context)
   at Microsoft.AspNetCore.Authentication.AuthenticationMiddleware.Invoke(HttpContext context)
   at Serilog.AspNetCore.RequestLoggingMiddleware.Invoke(HttpContext httpContext)
   at Swashbuckle.AspNetCore.SwaggerUI.SwaggerUIMiddleware.Invoke(HttpContext httpContext)
   at Swashbuckle.AspNetCore.Swagger.SwaggerMiddleware.Invoke(HttpContext httpContext, ISwaggerProvider swaggerProvider)
   at Microsoft.AspNetCore.Diagnostics.DeveloperExceptionPageMiddlewareImpl.Invoke(HttpContext context)
2026-03-29 13:16:06.838 +03:00 [INF] Executed DbCommand (203ms) [Parameters=[@__id_0='?' (DbType = Guid)], CommandType='"Text"', CommandTimeout='30']
SELECT s."Id", s."AddOns", s."BookingReference", s."BundleDiscountPercent", s."CreatedAt", s."CustomerId", s."DiscountAmountKes", s."NubuckLines", s."OfficialLeatherLines", s."PickupAddress", s."PickupLatitude", s."PickupLocationUrl", s."PickupLongitude", s."PriceKes", s."SneakersLines", s."Status", s."SubtotalBeforeDiscountKes", s."SuedeLines", s."TotalPairs", s."Id0", s."AccessFailedCount", s."Address", s."ConcurrencyStamp", s."CreatedAt0", s."CustomerReference", s."Email", s."EmailConfirmed", s."FullName", s."IsActive", s."LockoutEnabled", s."LockoutEnd", s."NormalizedEmail", s."NormalizedUserName", s."PasswordHash", s."PhoneNumber", s."PhoneNumberConfirmed", s."SecurityStamp", s."TwoFactorEnabled", s."UserName", s."Id1", s."Amount", s."BookingId", s."CreatedAt1", s."MpesaCheckoutRequestId", s."MpesaMerchantRequestId", s."MpesaReceipt", s."PayerPhoneNumber", s."PaymentReference", s."Status0", s."Id2", s."AgentId", s."BookingId0", s."CleaningCompletedAt", s."CleaningStartedAt", s."CustomerId0", s."DeliveredAt", s."DeliveryOtp", s."DeliveryOtpExpiresAt", s."DeliveryOtpVerifiedAt", s."OrderReference", s."PickedUpAt", s."PickupOtp", s."PickupOtpExpiresAt", s."PickupOtpVerifiedAt", s."Status1", s0."Id", s0."AssignedAt", s0."AssignmentReference", s0."AssignmentType", s0."CompletedAt", s0."Notes", s0."OrderId", s0."RiderId", s0."Status", s0."Id0", s0."AccessFailedCount", s0."Address", s0."ConcurrencyStamp", s0."CreatedAt", s0."CustomerReference", s0."Email", s0."EmailConfirmed", s0."FullName", s0."IsActive", s0."LockoutEnabled", s0."LockoutEnd", s0."NormalizedEmail", s0."NormalizedUserName", s0."PasswordHash", s0."PhoneNumber", s0."PhoneNumberConfirmed", s0."SecurityStamp", s0."TwoFactorEnabled", s0."UserName"
FROM (
    SELECT b."Id", b."AddOns", b."BookingReference", b."BundleDiscountPercent", b."CreatedAt", b."CustomerId", b."DiscountAmountKes", b."NubuckLines", b."OfficialLeatherLines", b."PickupAddress", b."PickupLatitude", b."PickupLocationUrl", b."PickupLongitude", b."PriceKes", b."SneakersLines", b."Status", b."SubtotalBeforeDiscountKes", b."SuedeLines", b."TotalPairs", f."Id" AS "Id0", f."AccessFailedCount", f."Address", f."ConcurrencyStamp", f."CreatedAt" AS "CreatedAt0", f."CustomerReference", f."Email", f."EmailConfirmed", f."FullName", f."IsActive", f."LockoutEnabled", f."LockoutEnd", f."NormalizedEmail", f."NormalizedUserName", f."PasswordHash", f."PhoneNumber", f."PhoneNumberConfirmed", f."SecurityStamp", f."TwoFactorEnabled", f."UserName", p."Id" AS "Id1", p."Amount", p."BookingId", p."CreatedAt" AS "CreatedAt1", p."MpesaCheckoutRequestId", p."MpesaMerchantRequestId", p."MpesaReceipt", p."PayerPhoneNumber", p."PaymentReference", p."Status" AS "Status0", o."Id" AS "Id2", o."AgentId", o."BookingId" AS "BookingId0", o."CleaningCompletedAt", o."CleaningStartedAt", o."CustomerId" AS "CustomerId0", o."DeliveredAt", o."DeliveryOtp", o."DeliveryOtpExpiresAt", o."DeliveryOtpVerifiedAt", o."OrderReference", o."PickedUpAt", o."PickupOtp", o."PickupOtpExpiresAt", o."PickupOtpVerifiedAt", o."Status" AS "Status1"
    FROM "Bookings" AS b
    INNER JOIN "FreshwalkUsers" AS f ON b."CustomerId" = f."Id"
    LEFT JOIN "Payments" AS p ON b."Id" = p."BookingId"
    LEFT JOIN "Orders" AS o ON b."Id" = o."BookingId"
    WHERE b."Id" = @__id_0
    LIMIT 1
) AS s
LEFT JOIN (
    SELECT o0."Id", o0."AssignedAt", o0."AssignmentReference", o0."AssignmentType", o0."CompletedAt", o0."Notes", o0."OrderId", o0."RiderId", o0."Status", f0."Id" AS "Id0", f0."AccessFailedCount", f0."Address", f0."ConcurrencyStamp", f0."CreatedAt", f0."CustomerReference", f0."Email", f0."EmailConfirmed", f0."FullName", f0."IsActive", f0."LockoutEnabled", f0."LockoutEnd", f0."NormalizedEmail", f0."NormalizedUserName", f0."PasswordHash", f0."PhoneNumber", f0."PhoneNumberConfirmed", f0."SecurityStamp", f0."TwoFactorEnabled", f0."UserName"
    FROM "OrderRiderAssignments" AS o0
    INNER JOIN "FreshwalkUsers" AS f0 ON o0."RiderId" = f0."Id"
) AS s0 ON s."Id2" = s0."OrderId"
ORDER BY s."Id", s."Id0", s."Id1", s."Id2", s0."Id"
2026-03-29 13:16:06.881 +03:00 [INF] Executed DbCommand (218ms) [Parameters=[@__p_0='?' (DbType = Guid)], CommandType='"Text"', CommandTimeout='30']
SELECT f."Id", f."AccessFailedCount", f."Address", f."ConcurrencyStamp", f."CreatedAt", f."CustomerReference", f."Email", f."EmailConfirmed", f."FullName", f."IsActive", f."LockoutEnabled", f."LockoutEnd", f."NormalizedEmail", f."NormalizedUserName", f."PasswordHash", f."PhoneNumber", f."PhoneNumberConfirmed", f."SecurityStamp", f."TwoFactorEnabled", f."UserName"
FROM "FreshwalkUsers" AS f
WHERE f."Id" = @__p_0
LIMIT 1
2026-03-29 13:16:06.888 +03:00 [INF] HTTP GET /api/agent/riders responded 200 in 944.1270 ms
2026-03-29 13:16:07.147 +03:00 [INF] Executed DbCommand (300ms) [Parameters=[@__p_0='?' (DbType = Guid)], CommandType='"Text"', CommandTimeout='30']
SELECT f."Id", f."AccessFailedCount", f."Address", f."ConcurrencyStamp", f."CreatedAt", f."CustomerReference", f."Email", f."EmailConfirmed", f."FullName", f."IsActive", f."LockoutEnabled", f."LockoutEnd", f."NormalizedEmail", f."NormalizedUserName", f."PasswordHash", f."PhoneNumber", f."PhoneNumberConfirmed", f."SecurityStamp", f."TwoFactorEnabled", f."UserName"
FROM "FreshwalkUsers" AS f
WHERE f."Id" = @__p_0
LIMIT 1
2026-03-29 13:16:07.152 +03:00 [INF] HTTP GET /api/agent/bookings/fe84829a-033b-48e4-90ec-be701ca528ca responded 200 in 1733.6636 ms
2026-03-29 13:16:07.350 +03:00 [INF] Executed DbCommand (191ms) [Parameters=[@__id_0='?' (DbType = Guid)], CommandType='"Text"', CommandTimeout='30']
SELECT s."Id", s."AgentId", s."BookingId", s."CleaningCompletedAt", s."CleaningStartedAt", s."CustomerId", s."DeliveredAt", s."DeliveryOtp", s."DeliveryOtpExpiresAt", s."DeliveryOtpVerifiedAt", s."OrderReference", s."PickedUpAt", s."PickupOtp", s."PickupOtpExpiresAt", s."PickupOtpVerifiedAt", s."Status", s."Id0", s."AddOns", s."BookingReference", s."BundleDiscountPercent", s."CreatedAt", s."CustomerId0", s."DiscountAmountKes", s."NubuckLines", s."OfficialLeatherLines", s."PickupAddress", s."PickupLatitude", s."PickupLocationUrl", s."PickupLongitude", s."PriceKes", s."SneakersLines", s."Status0", s."SubtotalBeforeDiscountKes", s."SuedeLines", s."TotalPairs", s."Id1", s."AccessFailedCount", s."Address", s."ConcurrencyStamp", s."CreatedAt0", s."CustomerReference", s."Email", s."EmailConfirmed", s."FullName", s."IsActive", s."LockoutEnabled", s."LockoutEnd", s."NormalizedEmail", s."NormalizedUserName", s."PasswordHash", s."PhoneNumber", s."PhoneNumberConfirmed", s."SecurityStamp", s."TwoFactorEnabled", s."UserName", s."Id2", s."Amount", s."BookingId0", s."CreatedAt1", s."MpesaCheckoutRequestId", s."MpesaMerchantRequestId", s."MpesaReceipt", s."PayerPhoneNumber", s."PaymentReference", s."Status1", s0."Id", s0."AssignedAt", s0."AssignmentReference", s0."AssignmentType", s0."CompletedAt", s0."Notes", s0."OrderId", s0."RiderId", s0."Status", s0."Id0", s0."AccessFailedCount", s0."Address", s0."ConcurrencyStamp", s0."CreatedAt", s0."CustomerReference", s0."Email", s0."EmailConfirmed", s0."FullName", s0."IsActive", s0."LockoutEnabled", s0."LockoutEnd", s0."NormalizedEmail", s0."NormalizedUserName", s0."PasswordHash", s0."PhoneNumber", s0."PhoneNumberConfirmed", s0."SecurityStamp", s0."TwoFactorEnabled", s0."UserName"
FROM (
    SELECT o."Id", o."AgentId", o."BookingId", o."CleaningCompletedAt", o."CleaningStartedAt", o."CustomerId", o."DeliveredAt", o."DeliveryOtp", o."DeliveryOtpExpiresAt", o."DeliveryOtpVerifiedAt", o."OrderReference", o."PickedUpAt", o."PickupOtp", o."PickupOtpExpiresAt", o."PickupOtpVerifiedAt", o."Status", b."Id" AS "Id0", b."AddOns", b."BookingReference", b."BundleDiscountPercent", b."CreatedAt", b."CustomerId" AS "CustomerId0", b."DiscountAmountKes", b."NubuckLines", b."OfficialLeatherLines", b."PickupAddress", b."PickupLatitude", b."PickupLocationUrl", b."PickupLongitude", b."PriceKes", b."SneakersLines", b."Status" AS "Status0", b."SubtotalBeforeDiscountKes", b."SuedeLines", b."TotalPairs", f."Id" AS "Id1", f."AccessFailedCount", f."Address", f."ConcurrencyStamp", f."CreatedAt" AS "CreatedAt0", f."CustomerReference", f."Email", f."EmailConfirmed", f."FullName", f."IsActive", f."LockoutEnabled", f."LockoutEnd", f."NormalizedEmail", f."NormalizedUserName", f."PasswordHash", f."PhoneNumber", f."PhoneNumberConfirmed", f."SecurityStamp", f."TwoFactorEnabled", f."UserName", p."Id" AS "Id2", p."Amount", p."BookingId" AS "BookingId0", p."CreatedAt" AS "CreatedAt1", p."MpesaCheckoutRequestId", p."MpesaMerchantRequestId", p."MpesaReceipt", p."PayerPhoneNumber", p."PaymentReference", p."Status" AS "Status1"
    FROM "Orders" AS o
    INNER JOIN "Bookings" AS b ON o."BookingId" = b."Id"
    INNER JOIN "FreshwalkUsers" AS f ON b."CustomerId" = f."Id"
    LEFT JOIN "Payments" AS p ON b."Id" = p."BookingId"
    WHERE o."Id" = @__id_0
    LIMIT 1
) AS s
LEFT JOIN (
    SELECT o0."Id", o0."AssignedAt", o0."AssignmentReference", o0."AssignmentType", o0."CompletedAt", o0."Notes", o0."OrderId", o0."RiderId", o0."Status", f0."Id" AS "Id0", f0."AccessFailedCount", f0."Address", f0."ConcurrencyStamp", f0."CreatedAt", f0."CustomerReference", f0."Email", f0."EmailConfirmed", f0."FullName", f0."IsActive", f0."LockoutEnabled", f0."LockoutEnd", f0."NormalizedEmail", f0."NormalizedUserName", f0."PasswordHash", f0."PhoneNumber", f0."PhoneNumberConfirmed", f0."SecurityStamp", f0."TwoFactorEnabled", f0."UserName"
    FROM "OrderRiderAssignments" AS o0
    INNER JOIN "FreshwalkUsers" AS f0 ON o0."RiderId" = f0."Id"
) AS s0 ON s."Id" = s0."OrderId"
ORDER BY s."Id", s."Id0", s."Id1", s."Id2", s0."Id"
2026-03-29 13:16:07.586 +03:00 [INF] Executed DbCommand (224ms) [Parameters=[@__p_0='?' (DbType = Guid)], CommandType='"Text"', CommandTimeout='30']
SELECT f."Id", f."AccessFailedCount", f."Address", f."ConcurrencyStamp", f."CreatedAt", f."CustomerReference", f."Email", f."EmailConfirmed", f."FullName", f."IsActive", f."LockoutEnabled", f."LockoutEnd", f."NormalizedEmail", f."NormalizedUserName", f."PasswordHash", f."PhoneNumber", f."PhoneNumberConfirmed", f."SecurityStamp", f."TwoFactorEnabled", f."UserName"
FROM "FreshwalkUsers" AS f
WHERE f."Id" = @__p_0
LIMIT 1
2026-03-29 13:16:07.595 +03:00 [ERR] HTTP GET /api/orders/21381961-9ec7-45ff-887a-288a0e1ea182 responded 500 in 436.7620 ms
System.Text.Json.JsonException: A possible object cycle was detected. This can either be due to a cycle or if the object depth is larger than the maximum allowed depth of 32. Consider using ReferenceHandler.Preserve on JsonSerializerOptions to support cycles. Path: $.Booking.Customer.Bookings.Customer.Bookings.Customer.Bookings.Customer.Bookings.Customer.Bookings.Customer.Bookings.Customer.Bookings.Customer.Bookings.Customer.Bookings.Customer.Bookings.Id.
   at System.Text.Json.ThrowHelper.ThrowJsonException_SerializerCycleDetected(Int32 maxDepth)
   at System.Text.Json.Serialization.Metadata.JsonPropertyInfo`1.GetMemberAndWriteJson(Object obj, WriteStack& state, Utf8JsonWriter writer)
   at System.Text.Json.Serialization.Converters.ObjectDefaultConverter`1.OnTryWrite(Utf8JsonWriter writer, T value, JsonSerializerOptions options, WriteStack& state)
   at System.Text.Json.Serialization.Converters.IEnumerableDefaultConverter`2.OnWriteResume(Utf8JsonWriter writer, TCollection value, JsonSerializerOptions options, WriteStack& state)
   at System.Text.Json.Serialization.JsonCollectionConverter`2.OnTryWrite(Utf8JsonWriter writer, TCollection value, JsonSerializerOptions options, WriteStack& state)
   at System.Text.Json.Serialization.Metadata.JsonPropertyInfo`1.GetMemberAndWriteJson(Object obj, WriteStack& state, Utf8JsonWriter writer)
   at System.Text.Json.Serialization.Converters.ObjectDefaultConverter`1.OnTryWrite(Utf8JsonWriter writer, T value, JsonSerializerOptions options, WriteStack& state)
   at System.Text.Json.Serialization.Metadata.JsonPropertyInfo`1.GetMemberAndWriteJson(Object obj, WriteStack& state, Utf8JsonWriter writer)
   at System.Text.Json.Serialization.Converters.ObjectDefaultConverter`1.OnTryWrite(Utf8JsonWriter writer, T value, JsonSerializerOptions options, WriteStack& state)
   at System.Text.Json.Serialization.Converters.IEnumerableDefaultConverter`2.OnWriteResume(Utf8JsonWriter writer, TCollection value, JsonSerializerOptions options, WriteStack& state)
   at System.Text.Json.Serialization.JsonCollectionConverter`2.OnTryWrite(Utf8JsonWriter writer, TCollection value, JsonSerializerOptions options, WriteStack& state)
   at System.Text.Json.Serialization.Metadata.JsonPropertyInfo`1.GetMemberAndWriteJson(Object obj, WriteStack& state, Utf8JsonWriter writer)
   at System.Text.Json.Serialization.Converters.ObjectDefaultConverter`1.OnTryWrite(Utf8JsonWriter writer, T value, JsonSerializerOptions options, WriteStack& state)
   at System.Text.Json.Serialization.Metadata.JsonPropertyInfo`1.GetMemberAndWriteJson(Object obj, WriteStack& state, Utf8JsonWriter writer)
   at System.Text.Json.Serialization.Converters.ObjectDefaultConverter`1.OnTryWrite(Utf8JsonWriter writer, T value, JsonSerializerOptions options, WriteStack& state)
   at System.Text.Json.Serialization.Converters.IEnumerableDefaultConverter`2.OnWriteResume(Utf8JsonWriter writer, TCollection value, JsonSerializerOptions options, WriteStack& state)
   at System.Text.Json.Serialization.JsonCollectionConverter`2.OnTryWrite(Utf8JsonWriter writer, TCollection value, JsonSerializerOptions options, WriteStack& state)
   at System.Text.Json.Serialization.Metadata.JsonPropertyInfo`1.GetMemberAndWriteJson(Object obj, WriteStack& state, Utf8JsonWriter writer)
   at System.Text.Json.Serialization.Converters.ObjectDefaultConverter`1.OnTryWrite(Utf8JsonWriter writer, T value, JsonSerializerOptions options, WriteStack& state)
   at System.Text.Json.Serialization.Metadata.JsonPropertyInfo`1.GetMemberAndWriteJson(Object obj, WriteStack& state, Utf8JsonWriter writer)
   at System.Text.Json.Serialization.Converters.ObjectDefaultConverter`1.OnTryWrite(Utf8JsonWriter writer, T value, JsonSerializerOptions options, WriteStack& state)
   at System.Text.Json.Serialization.Converters.IEnumerableDefaultConverter`2.OnWriteResume(Utf8JsonWriter writer, TCollection value, JsonSerializerOptions options, WriteStack& state)
   at System.Text.Json.Serialization.JsonCollectionConverter`2.OnTryWrite(Utf8JsonWriter writer, TCollection value, JsonSerializerOptions options, WriteStack& state)
   at System.Text.Json.Serialization.Metadata.JsonPropertyInfo`1.GetMemberAndWriteJson(Object obj, WriteStack& state, Utf8JsonWriter writer)
   at System.Text.Json.Serialization.Converters.ObjectDefaultConverter`1.OnTryWrite(Utf8JsonWriter writer, T value, JsonSerializerOptions options, WriteStack& state)
   at System.Text.Json.Serialization.Metadata.JsonPropertyInfo`1.GetMemberAndWriteJson(Object obj, WriteStack& state, Utf8JsonWriter writer)
   at System.Text.Json.Serialization.Converters.ObjectDefaultConverter`1.OnTryWrite(Utf8JsonWriter writer, T value, JsonSerializerOptions options, WriteStack& state)
   at System.Text.Json.Serialization.Converters.IEnumerableDefaultConverter`2.OnWriteResume(Utf8JsonWriter writer, TCollection value, JsonSerializerOptions options, WriteStack& state)
   at System.Text.Json.Serialization.JsonCollectionConverter`2.OnTryWrite(Utf8JsonWriter writer, TCollection value, JsonSerializerOptions options, WriteStack& state)
   at System.Text.Json.Serialization.Metadata.JsonPropertyInfo`1.GetMemberAndWriteJson(Object obj, WriteStack& state, Utf8JsonWriter writer)
   at System.Text.Json.Serialization.Converters.ObjectDefaultConverter`1.OnTryWrite(Utf8JsonWriter writer, T value, JsonSerializerOptions options, WriteStack& state)
   at System.Text.Json.Serialization.Metadata.JsonPropertyInfo`1.GetMemberAndWriteJson(Object obj, WriteStack& state, Utf8JsonWriter writer)
   at System.Text.Json.Serialization.Converters.ObjectDefaultConverter`1.OnTryWrite(Utf8JsonWriter writer, T value, JsonSerializerOptions options, WriteStack& state)
   at System.Text.Json.Serialization.Converters.IEnumerableDefaultConverter`2.OnWriteResume(Utf8JsonWriter writer, TCollection value, JsonSerializerOptions options, WriteStack& state)
   at System.Text.Json.Serialization.JsonCollectionConverter`2.OnTryWrite(Utf8JsonWriter writer, TCollection value, JsonSerializerOptions options, WriteStack& state)
   at System.Text.Json.Serialization.Metadata.JsonPropertyInfo`1.GetMemberAndWriteJson(Object obj, WriteStack& state, Utf8JsonWriter writer)
   at System.Text.Json.Serialization.Converters.ObjectDefaultConverter`1.OnTryWrite(Utf8JsonWriter writer, T value, JsonSerializerOptions options, WriteStack& state)
   at System.Text.Json.Serialization.Metadata.JsonPropertyInfo`1.GetMemberAndWriteJson(Object obj, WriteStack& state, Utf8JsonWriter writer)
   at System.Text.Json.Serialization.Converters.ObjectDefaultConverter`1.OnTryWrite(Utf8JsonWriter writer, T value, JsonSerializerOptions options, WriteStack& state)
   at System.Text.Json.Serialization.Converters.IEnumerableDefaultConverter`2.OnWriteResume(Utf8JsonWriter writer, TCollection value, JsonSerializerOptions options, WriteStack& state)
   at System.Text.Json.Serialization.JsonCollectionConverter`2.OnTryWrite(Utf8JsonWriter writer, TCollection value, JsonSerializerOptions options, WriteStack& state)
   at System.Text.Json.Serialization.Metadata.JsonPropertyInfo`1.GetMemberAndWriteJson(Object obj, WriteStack& state, Utf8JsonWriter writer)
   at System.Text.Json.Serialization.Converters.ObjectDefaultConverter`1.OnTryWrite(Utf8JsonWriter writer, T value, JsonSerializerOptions options, WriteStack& state)
   at System.Text.Json.Serialization.Metadata.JsonPropertyInfo`1.GetMemberAndWriteJson(Object obj, WriteStack& state, Utf8JsonWriter writer)
   at System.Text.Json.Serialization.Converters.ObjectDefaultConverter`1.OnTryWrite(Utf8JsonWriter writer, T value, JsonSerializerOptions options, WriteStack& state)
   at System.Text.Json.Serialization.Converters.IEnumerableDefaultConverter`2.OnWriteResume(Utf8JsonWriter writer, TCollection value, JsonSerializerOptions options, WriteStack& state)
   at System.Text.Json.Serialization.JsonCollectionConverter`2.OnTryWrite(Utf8JsonWriter writer, TCollection value, JsonSerializerOptions options, WriteStack& state)
   at System.Text.Json.Serialization.Metadata.JsonPropertyInfo`1.GetMemberAndWriteJson(Object obj, WriteStack& state, Utf8JsonWriter writer)
   at System.Text.Json.Serialization.Converters.ObjectDefaultConverter`1.OnTryWrite(Utf8JsonWriter writer, T value, JsonSerializerOptions options, WriteStack& state)
   at System.Text.Json.Serialization.Metadata.JsonPropertyInfo`1.GetMemberAndWriteJson(Object obj, WriteStack& state, Utf8JsonWriter writer)
   at System.Text.Json.Serialization.Converters.ObjectDefaultConverter`1.OnTryWrite(Utf8JsonWriter writer, T value, JsonSerializerOptions options, WriteStack& state)
   at System.Text.Json.Serialization.Converters.IEnumerableDefaultConverter`2.OnWriteResume(Utf8JsonWriter writer, TCollection value, JsonSerializerOptions options, WriteStack& state)
   at System.Text.Json.Serialization.JsonCollectionConverter`2.OnTryWrite(Utf8JsonWriter writer, TCollection value, JsonSerializerOptions options, WriteStack& state)
   at System.Text.Json.Serialization.Metadata.JsonPropertyInfo`1.GetMemberAndWriteJson(Object obj, WriteStack& state, Utf8JsonWriter writer)
   at System.Text.Json.Serialization.Converters.ObjectDefaultConverter`1.OnTryWrite(Utf8JsonWriter writer, T value, JsonSerializerOptions options, WriteStack& state)
   at System.Text.Json.Serialization.Metadata.JsonPropertyInfo`1.GetMemberAndWriteJson(Object obj, WriteStack& state, Utf8JsonWriter writer)
   at System.Text.Json.Serialization.Converters.ObjectDefaultConverter`1.OnTryWrite(Utf8JsonWriter writer, T value, JsonSerializerOptions options, WriteStack& state)
   at System.Text.Json.Serialization.Converters.IEnumerableDefaultConverter`2.OnWriteResume(Utf8JsonWriter writer, TCollection value, JsonSerializerOptions options, WriteStack& state)
   at System.Text.Json.Serialization.JsonCollectionConverter`2.OnTryWrite(Utf8JsonWriter writer, TCollection value, JsonSerializerOptions options, WriteStack& state)
   at System.Text.Json.Serialization.Metadata.JsonPropertyInfo`1.GetMemberAndWriteJson(Object obj, WriteStack& state, Utf8JsonWriter writer)
   at System.Text.Json.Serialization.Converters.ObjectDefaultConverter`1.OnTryWrite(Utf8JsonWriter writer, T value, JsonSerializerOptions options, WriteStack& state)
   at System.Text.Json.Serialization.Metadata.JsonPropertyInfo`1.GetMemberAndWriteJson(Object obj, WriteStack& state, Utf8JsonWriter writer)
   at System.Text.Json.Serialization.Converters.ObjectDefaultConverter`1.OnTryWrite(Utf8JsonWriter writer, T value, JsonSerializerOptions options, WriteStack& state)
   at System.Text.Json.Serialization.Metadata.JsonPropertyInfo`1.GetMemberAndWriteJson(Object obj, WriteStack& state, Utf8JsonWriter writer)
   at System.Text.Json.Serialization.Converters.ObjectDefaultConverter`1.OnTryWrite(Utf8JsonWriter writer, T value, JsonSerializerOptions options, WriteStack& state)
   at System.Text.Json.Serialization.JsonConverter`1.TryWrite(Utf8JsonWriter writer, T& value, JsonSerializerOptions options, WriteStack& state)
   at System.Text.Json.Serialization.JsonConverter`1.WriteCore(Utf8JsonWriter writer, T& value, JsonSerializerOptions options, WriteStack& state)
   at System.Text.Json.Serialization.Metadata.JsonTypeInfo`1.SerializeAsync(PipeWriter pipeWriter, T rootValue, Int32 flushThreshold, CancellationToken cancellationToken, Object rootValueBoxed)
   at System.Text.Json.Serialization.Metadata.JsonTypeInfo`1.SerializeAsync(PipeWriter pipeWriter, T rootValue, Int32 flushThreshold, CancellationToken cancellationToken, Object rootValueBoxed)
   at System.Text.Json.Serialization.Metadata.JsonTypeInfo`1.SerializeAsync(PipeWriter pipeWriter, T rootValue, Int32 flushThreshold, CancellationToken cancellationToken, Object rootValueBoxed)
   at Microsoft.AspNetCore.Mvc.Formatters.SystemTextJsonOutputFormatter.WriteResponseBodyAsync(OutputFormatterWriteContext context, Encoding selectedEncoding)
   at Microsoft.AspNetCore.Mvc.Infrastructure.ResourceInvoker.<InvokeNextResultFilterAsync>g__Awaited|30_0[TFilter,TFilterAsync](ResourceInvoker invoker, Task lastTask, State next, Scope scope, Object state, Boolean isCompleted)
   at Microsoft.AspNetCore.Mvc.Infrastructure.ResourceInvoker.Rethrow(ResultExecutedContextSealed context)
   at Microsoft.AspNetCore.Mvc.Infrastructure.ResourceInvoker.ResultNext[TFilter,TFilterAsync](State& next, Scope& scope, Object& state, Boolean& isCompleted)
   at Microsoft.AspNetCore.Mvc.Infrastructure.ResourceInvoker.InvokeResultFilters()
--- End of stack trace from previous location ---
   at Microsoft.AspNetCore.Mvc.Infrastructure.ResourceInvoker.<InvokeFilterPipelineAsync>g__Awaited|20_0(ResourceInvoker invoker, Task lastTask, State next, Scope scope, Object state, Boolean isCompleted)
   at Microsoft.AspNetCore.Mvc.Infrastructure.ResourceInvoker.<InvokeAsync>g__Awaited|17_0(ResourceInvoker invoker, Task task, IDisposable scope)
   at Microsoft.AspNetCore.Mvc.Infrastructure.ResourceInvoker.<InvokeAsync>g__Awaited|17_0(ResourceInvoker invoker, Task task, IDisposable scope)
   at Freshwalk.API.Logging.AuditRequestLoggingMiddleware.InvokeAsync(HttpContext context, RequestDelegate next) in D:\Projects\Freshwalk Shoe Cleaning web app\API\Freshwalk.API\Logging\AuditRequestLoggingMiddleware.cs:line 63
   at Freshwalk.API.Logging.AuditRequestLoggingMiddleware.InvokeAsync(HttpContext context, RequestDelegate next) in D:\Projects\Freshwalk Shoe Cleaning web app\API\Freshwalk.API\Logging\AuditRequestLoggingMiddleware.cs:line 91
   at Freshwalk.API.Logging.AuditRequestLoggingMiddleware.InvokeAsync(HttpContext context, RequestDelegate next) in D:\Projects\Freshwalk Shoe Cleaning web app\API\Freshwalk.API\Logging\AuditRequestLoggingMiddleware.cs:line 91
   at Microsoft.AspNetCore.Builder.UseMiddlewareExtensions.InterfaceMiddlewareBinder.<>c__DisplayClass2_0.<<CreateMiddleware>b__0>d.MoveNext()
--- End of stack trace from previous location ---
   at Microsoft.AspNetCore.Authorization.AuthorizationMiddleware.Invoke(HttpContext context)
   at Microsoft.AspNetCore.Authentication.AuthenticationMiddleware.Invoke(HttpContext context)
   at Serilog.AspNetCore.RequestLoggingMiddleware.Invoke(HttpContext httpContext)
2026-03-29 13:16:07.637 +03:00 [ERR] An unhandled exception has occurred while executing the request.
System.Text.Json.JsonException: A possible object cycle was detected. This can either be due to a cycle or if the object depth is larger than the maximum allowed depth of 32. Consider using ReferenceHandler.Preserve on JsonSerializerOptions to support cycles. Path: $.Booking.Customer.Bookings.Customer.Bookings.Customer.Bookings.Customer.Bookings.Customer.Bookings.Customer.Bookings.Customer.Bookings.Customer.Bookings.Customer.Bookings.Customer.Bookings.Id.
   at System.Text.Json.ThrowHelper.ThrowJsonException_SerializerCycleDetected(Int32 maxDepth)
   at System.Text.Json.Serialization.Metadata.JsonPropertyInfo`1.GetMemberAndWriteJson(Object obj, WriteStack& state, Utf8JsonWriter writer)
   at System.Text.Json.Serialization.Converters.ObjectDefaultConverter`1.OnTryWrite(Utf8JsonWriter writer, T value, JsonSerializerOptions options, WriteStack& state)
   at System.Text.Json.Serialization.Converters.IEnumerableDefaultConverter`2.OnWriteResume(Utf8JsonWriter writer, TCollection value, JsonSerializerOptions options, WriteStack& state)
   at System.Text.Json.Serialization.JsonCollectionConverter`2.OnTryWrite(Utf8JsonWriter writer, TCollection value, JsonSerializerOptions options, WriteStack& state)
   at System.Text.Json.Serialization.Metadata.JsonPropertyInfo`1.GetMemberAndWriteJson(Object obj, WriteStack& state, Utf8JsonWriter writer)
   at System.Text.Json.Serialization.Converters.ObjectDefaultConverter`1.OnTryWrite(Utf8JsonWriter writer, T value, JsonSerializerOptions options, WriteStack& state)
   at System.Text.Json.Serialization.Metadata.JsonPropertyInfo`1.GetMemberAndWriteJson(Object obj, WriteStack& state, Utf8JsonWriter writer)
   at System.Text.Json.Serialization.Converters.ObjectDefaultConverter`1.OnTryWrite(Utf8JsonWriter writer, T value, JsonSerializerOptions options, WriteStack& state)
   at System.Text.Json.Serialization.Converters.IEnumerableDefaultConverter`2.OnWriteResume(Utf8JsonWriter writer, TCollection value, JsonSerializerOptions options, WriteStack& state)
   at System.Text.Json.Serialization.JsonCollectionConverter`2.OnTryWrite(Utf8JsonWriter writer, TCollection value, JsonSerializerOptions options, WriteStack& state)
   at System.Text.Json.Serialization.Metadata.JsonPropertyInfo`1.GetMemberAndWriteJson(Object obj, WriteStack& state, Utf8JsonWriter writer)
   at System.Text.Json.Serialization.Converters.ObjectDefaultConverter`1.OnTryWrite(Utf8JsonWriter writer, T value, JsonSerializerOptions options, WriteStack& state)
   at System.Text.Json.Serialization.Metadata.JsonPropertyInfo`1.GetMemberAndWriteJson(Object obj, WriteStack& state, Utf8JsonWriter writer)
   at System.Text.Json.Serialization.Converters.ObjectDefaultConverter`1.OnTryWrite(Utf8JsonWriter writer, T value, JsonSerializerOptions options, WriteStack& state)
   at System.Text.Json.Serialization.Converters.IEnumerableDefaultConverter`2.OnWriteResume(Utf8JsonWriter writer, TCollection value, JsonSerializerOptions options, WriteStack& state)
   at System.Text.Json.Serialization.JsonCollectionConverter`2.OnTryWrite(Utf8JsonWriter writer, TCollection value, JsonSerializerOptions options, WriteStack& state)
   at System.Text.Json.Serialization.Metadata.JsonPropertyInfo`1.GetMemberAndWriteJson(Object obj, WriteStack& state, Utf8JsonWriter writer)
   at System.Text.Json.Serialization.Converters.ObjectDefaultConverter`1.OnTryWrite(Utf8JsonWriter writer, T value, JsonSerializerOptions options, WriteStack& state)
   at System.Text.Json.Serialization.Metadata.JsonPropertyInfo`1.GetMemberAndWriteJson(Object obj, WriteStack& state, Utf8JsonWriter writer)
   at System.Text.Json.Serialization.Converters.ObjectDefaultConverter`1.OnTryWrite(Utf8JsonWriter writer, T value, JsonSerializerOptions options, WriteStack& state)
   at System.Text.Json.Serialization.Converters.IEnumerableDefaultConverter`2.OnWriteResume(Utf8JsonWriter writer, TCollection value, JsonSerializerOptions options, WriteStack& state)
   at System.Text.Json.Serialization.JsonCollectionConverter`2.OnTryWrite(Utf8JsonWriter writer, TCollection value, JsonSerializerOptions options, WriteStack& state)
   at System.Text.Json.Serialization.Metadata.JsonPropertyInfo`1.GetMemberAndWriteJson(Object obj, WriteStack& state, Utf8JsonWriter writer)
   at System.Text.Json.Serialization.Converters.ObjectDefaultConverter`1.OnTryWrite(Utf8JsonWriter writer, T value, JsonSerializerOptions options, WriteStack& state)
   at System.Text.Json.Serialization.Metadata.JsonPropertyInfo`1.GetMemberAndWriteJson(Object obj, WriteStack& state, Utf8JsonWriter writer)
   at System.Text.Json.Serialization.Converters.ObjectDefaultConverter`1.OnTryWrite(Utf8JsonWriter writer, T value, JsonSerializerOptions options, WriteStack& state)
   at System.Text.Json.Serialization.Converters.IEnumerableDefaultConverter`2.OnWriteResume(Utf8JsonWriter writer, TCollection value, JsonSerializerOptions options, WriteStack& state)
   at System.Text.Json.Serialization.JsonCollectionConverter`2.OnTryWrite(Utf8JsonWriter writer, TCollection value, JsonSerializerOptions options, WriteStack& state)
   at System.Text.Json.Serialization.Metadata.JsonPropertyInfo`1.GetMemberAndWriteJson(Object obj, WriteStack& state, Utf8JsonWriter writer)
   at System.Text.Json.Serialization.Converters.ObjectDefaultConverter`1.OnTryWrite(Utf8JsonWriter writer, T value, JsonSerializerOptions options, WriteStack& state)
   at System.Text.Json.Serialization.Metadata.JsonPropertyInfo`1.GetMemberAndWriteJson(Object obj, WriteStack& state, Utf8JsonWriter writer)
   at System.Text.Json.Serialization.Converters.ObjectDefaultConverter`1.OnTryWrite(Utf8JsonWriter writer, T value, JsonSerializerOptions options, WriteStack& state)
   at System.Text.Json.Serialization.Converters.IEnumerableDefaultConverter`2.OnWriteResume(Utf8JsonWriter writer, TCollection value, JsonSerializerOptions options, WriteStack& state)
   at System.Text.Json.Serialization.JsonCollectionConverter`2.OnTryWrite(Utf8JsonWriter writer, TCollection value, JsonSerializerOptions options, WriteStack& state)
   at System.Text.Json.Serialization.Metadata.JsonPropertyInfo`1.GetMemberAndWriteJson(Object obj, WriteStack& state, Utf8JsonWriter writer)
   at System.Text.Json.Serialization.Converters.ObjectDefaultConverter`1.OnTryWrite(Utf8JsonWriter writer, T value, JsonSerializerOptions options, WriteStack& state)
   at System.Text.Json.Serialization.Metadata.JsonPropertyInfo`1.GetMemberAndWriteJson(Object obj, WriteStack& state, Utf8JsonWriter writer)
   at System.Text.Json.Serialization.Converters.ObjectDefaultConverter`1.OnTryWrite(Utf8JsonWriter writer, T value, JsonSerializerOptions options, WriteStack& state)
   at System.Text.Json.Serialization.Converters.IEnumerableDefaultConverter`2.OnWriteResume(Utf8JsonWriter writer, TCollection value, JsonSerializerOptions options, WriteStack& state)
   at System.Text.Json.Serialization.JsonCollectionConverter`2.OnTryWrite(Utf8JsonWriter writer, TCollection value, JsonSerializerOptions options, WriteStack& state)
   at System.Text.Json.Serialization.Metadata.JsonPropertyInfo`1.GetMemberAndWriteJson(Object obj, WriteStack& state, Utf8JsonWriter writer)
   at System.Text.Json.Serialization.Converters.ObjectDefaultConverter`1.OnTryWrite(Utf8JsonWriter writer, T value, JsonSerializerOptions options, WriteStack& state)
   at System.Text.Json.Serialization.Metadata.JsonPropertyInfo`1.GetMemberAndWriteJson(Object obj, WriteStack& state, Utf8JsonWriter writer)
   at System.Text.Json.Serialization.Converters.ObjectDefaultConverter`1.OnTryWrite(Utf8JsonWriter writer, T value, JsonSerializerOptions options, WriteStack& state)
   at System.Text.Json.Serialization.Converters.IEnumerableDefaultConverter`2.OnWriteResume(Utf8JsonWriter writer, TCollection value, JsonSerializerOptions options, WriteStack& state)
   at System.Text.Json.Serialization.JsonCollectionConverter`2.OnTryWrite(Utf8JsonWriter writer, TCollection value, JsonSerializerOptions options, WriteStack& state)
   at System.Text.Json.Serialization.Metadata.JsonPropertyInfo`1.GetMemberAndWriteJson(Object obj, WriteStack& state, Utf8JsonWriter writer)
   at System.Text.Json.Serialization.Converters.ObjectDefaultConverter`1.OnTryWrite(Utf8JsonWriter writer, T value, JsonSerializerOptions options, WriteStack& state)
   at System.Text.Json.Serialization.Metadata.JsonPropertyInfo`1.GetMemberAndWriteJson(Object obj, WriteStack& state, Utf8JsonWriter writer)
   at System.Text.Json.Serialization.Converters.ObjectDefaultConverter`1.OnTryWrite(Utf8JsonWriter writer, T value, JsonSerializerOptions options, WriteStack& state)
   at System.Text.Json.Serialization.Converters.IEnumerableDefaultConverter`2.OnWriteResume(Utf8JsonWriter writer, TCollection value, JsonSerializerOptions options, WriteStack& state)
   at System.Text.Json.Serialization.JsonCollectionConverter`2.OnTryWrite(Utf8JsonWriter writer, TCollection value, JsonSerializerOptions options, WriteStack& state)
   at System.Text.Json.Serialization.Metadata.JsonPropertyInfo`1.GetMemberAndWriteJson(Object obj, WriteStack& state, Utf8JsonWriter writer)
   at System.Text.Json.Serialization.Converters.ObjectDefaultConverter`1.OnTryWrite(Utf8JsonWriter writer, T value, JsonSerializerOptions options, WriteStack& state)
   at System.Text.Json.Serialization.Metadata.JsonPropertyInfo`1.GetMemberAndWriteJson(Object obj, WriteStack& state, Utf8JsonWriter writer)
   at System.Text.Json.Serialization.Converters.ObjectDefaultConverter`1.OnTryWrite(Utf8JsonWriter writer, T value, JsonSerializerOptions options, WriteStack& state)
   at System.Text.Json.Serialization.Converters.IEnumerableDefaultConverter`2.OnWriteResume(Utf8JsonWriter writer, TCollection value, JsonSerializerOptions options, WriteStack& state)
   at System.Text.Json.Serialization.JsonCollectionConverter`2.OnTryWrite(Utf8JsonWriter writer, TCollection value, JsonSerializerOptions options, WriteStack& state)
   at System.Text.Json.Serialization.Metadata.JsonPropertyInfo`1.GetMemberAndWriteJson(Object obj, WriteStack& state, Utf8JsonWriter writer)
   at System.Text.Json.Serialization.Converters.ObjectDefaultConverter`1.OnTryWrite(Utf8JsonWriter writer, T value, JsonSerializerOptions options, WriteStack& state)
   at System.Text.Json.Serialization.Metadata.JsonPropertyInfo`1.GetMemberAndWriteJson(Object obj, WriteStack& state, Utf8JsonWriter writer)
   at System.Text.Json.Serialization.Converters.ObjectDefaultConverter`1.OnTryWrite(Utf8JsonWriter writer, T value, JsonSerializerOptions options, WriteStack& state)
   at System.Text.Json.Serialization.Metadata.JsonPropertyInfo`1.GetMemberAndWriteJson(Object obj, WriteStack& state, Utf8JsonWriter writer)
   at System.Text.Json.Serialization.Converters.ObjectDefaultConverter`1.OnTryWrite(Utf8JsonWriter writer, T value, JsonSerializerOptions options, WriteStack& state)
   at System.Text.Json.Serialization.JsonConverter`1.TryWrite(Utf8JsonWriter writer, T& value, JsonSerializerOptions options, WriteStack& state)
   at System.Text.Json.Serialization.JsonConverter`1.WriteCore(Utf8JsonWriter writer, T& value, JsonSerializerOptions options, WriteStack& state)
   at System.Text.Json.Serialization.Metadata.JsonTypeInfo`1.SerializeAsync(PipeWriter pipeWriter, T rootValue, Int32 flushThreshold, CancellationToken cancellationToken, Object rootValueBoxed)
   at System.Text.Json.Serialization.Metadata.JsonTypeInfo`1.SerializeAsync(PipeWriter pipeWriter, T rootValue, Int32 flushThreshold, CancellationToken cancellationToken, Object rootValueBoxed)
   at System.Text.Json.Serialization.Metadata.JsonTypeInfo`1.SerializeAsync(PipeWriter pipeWriter, T rootValue, Int32 flushThreshold, CancellationToken cancellationToken, Object rootValueBoxed)
   at Microsoft.AspNetCore.Mvc.Formatters.SystemTextJsonOutputFormatter.WriteResponseBodyAsync(OutputFormatterWriteContext context, Encoding selectedEncoding)
   at Microsoft.AspNetCore.Mvc.Infrastructure.ResourceInvoker.<InvokeNextResultFilterAsync>g__Awaited|30_0[TFilter,TFilterAsync](ResourceInvoker invoker, Task lastTask, State next, Scope scope, Object state, Boolean isCompleted)
   at Microsoft.AspNetCore.Mvc.Infrastructure.ResourceInvoker.Rethrow(ResultExecutedContextSealed context)
   at Microsoft.AspNetCore.Mvc.Infrastructure.ResourceInvoker.ResultNext[TFilter,TFilterAsync](State& next, Scope& scope, Object& state, Boolean& isCompleted)
   at Microsoft.AspNetCore.Mvc.Infrastructure.ResourceInvoker.InvokeResultFilters()
--- End of stack trace from previous location ---
   at Microsoft.AspNetCore.Mvc.Infrastructure.ResourceInvoker.<InvokeFilterPipelineAsync>g__Awaited|20_0(ResourceInvoker invoker, Task lastTask, State next, Scope scope, Object state, Boolean isCompleted)
   at Microsoft.AspNetCore.Mvc.Infrastructure.ResourceInvoker.<InvokeAsync>g__Awaited|17_0(ResourceInvoker invoker, Task task, IDisposable scope)
   at Microsoft.AspNetCore.Mvc.Infrastructure.ResourceInvoker.<InvokeAsync>g__Awaited|17_0(ResourceInvoker invoker, Task task, IDisposable scope)
   at Freshwalk.API.Logging.AuditRequestLoggingMiddleware.InvokeAsync(HttpContext context, RequestDelegate next) in D:\Projects\Freshwalk Shoe Cleaning web app\API\Freshwalk.API\Logging\AuditRequestLoggingMiddleware.cs:line 63
   at Freshwalk.API.Logging.AuditRequestLoggingMiddleware.InvokeAsync(HttpContext context, RequestDelegate next) in D:\Projects\Freshwalk Shoe Cleaning web app\API\Freshwalk.API\Logging\AuditRequestLoggingMiddleware.cs:line 91
   at Freshwalk.API.Logging.AuditRequestLoggingMiddleware.InvokeAsync(HttpContext context, RequestDelegate next) in D:\Projects\Freshwalk Shoe Cleaning web app\API\Freshwalk.API\Logging\AuditRequestLoggingMiddleware.cs:line 91
   at Microsoft.AspNetCore.Builder.UseMiddlewareExtensions.InterfaceMiddlewareBinder.<>c__DisplayClass2_0.<<CreateMiddleware>b__0>d.MoveNext()
--- End of stack trace from previous location ---
   at Microsoft.AspNetCore.Authorization.AuthorizationMiddleware.Invoke(HttpContext context)
   at Microsoft.AspNetCore.Authentication.AuthenticationMiddleware.Invoke(HttpContext context)
   at Serilog.AspNetCore.RequestLoggingMiddleware.Invoke(HttpContext httpContext)
   at Swashbuckle.AspNetCore.SwaggerUI.SwaggerUIMiddleware.Invoke(HttpContext httpContext)
   at Swashbuckle.AspNetCore.Swagger.SwaggerMiddleware.Invoke(HttpContext httpContext, ISwaggerProvider swaggerProvider)
   at Microsoft.AspNetCore.Diagnostics.DeveloperExceptionPageMiddlewareImpl.Invoke(HttpContext context)
2026-03-29 13:16:14.388 +03:00 [INF] HTTP OPTIONS /api/orders/21381961-9ec7-45ff-887a-288a0e1ea182/assign-pickup-rider responded 204 in 0.0377 ms
2026-03-29 13:16:14.723 +03:00 [INF] Executed DbCommand (328ms) [Parameters=[@__id_0='?' (DbType = Guid)], CommandType='"Text"', CommandTimeout='30']
SELECT o."Id", o."AgentId", o."BookingId", o."CleaningCompletedAt", o."CleaningStartedAt", o."CustomerId", o."DeliveredAt", o."DeliveryOtp", o."DeliveryOtpExpiresAt", o."DeliveryOtpVerifiedAt", o."OrderReference", o."PickedUpAt", o."PickupOtp", o."PickupOtpExpiresAt", o."PickupOtpVerifiedAt", o."Status"
FROM "Orders" AS o
WHERE o."Id" = @__id_0
LIMIT 1
2026-03-29 13:16:14.928 +03:00 [INF] Executed DbCommand (172ms) [Parameters=[@__code_0='?'], CommandType='"Text"', CommandTimeout='30']
SELECT EXISTS (
    SELECT 1
    FROM "OrderRiderAssignments" AS o
    WHERE o."AssignmentReference" = @__code_0)
2026-03-29 13:16:15.195 +03:00 [INF] Executed DbCommand (225ms) [Parameters=[@p0='?' (DbType = Guid), @p1='?' (DbType = DateTime), @p2='?', @p3='?', @p4='?' (DbType = DateTime), @p5='?', @p6='?' (DbType = Guid), @p7='?' (DbType = Guid), @p8='?', @p12='?' (DbType = Guid), @p9='?', @p10='?' (DbType = DateTime), @p11='?'], CommandType='"Text"', CommandTimeout='30']
INSERT INTO "OrderRiderAssignments" ("Id", "AssignedAt", "AssignmentReference", "AssignmentType", "CompletedAt", "Notes", "OrderId", "RiderId", "Status")
VALUES (@p0, @p1, @p2, @p3, @p4, @p5, @p6, @p7, @p8);
UPDATE "Orders" SET "PickupOtp" = @p9, "PickupOtpExpiresAt" = @p10, "Status" = @p11
WHERE "Id" = @p12;
2026-03-29 13:16:15.736 +03:00 [INF] Executed DbCommand (315ms) [Parameters=[@__p_0='?' (DbType = Guid)], CommandType='"Text"', CommandTimeout='30']
SELECT f."Id", f."AccessFailedCount", f."Address", f."ConcurrencyStamp", f."CreatedAt", f."CustomerReference", f."Email", f."EmailConfirmed", f."FullName", f."IsActive", f."LockoutEnabled", f."LockoutEnd", f."NormalizedEmail", f."NormalizedUserName", f."PasswordHash", f."PhoneNumber", f."PhoneNumberConfirmed", f."SecurityStamp", f."TwoFactorEnabled", f."UserName"
FROM "FreshwalkUsers" AS f
WHERE f."Id" = @__p_0
LIMIT 1
2026-03-29 13:16:15.743 +03:00 [INF] HTTP POST /api/orders/21381961-9ec7-45ff-887a-288a0e1ea182/assign-pickup-rider responded 200 in 1349.7323 ms
2026-03-29 13:16:15.750 +03:00 [INF] HTTP OPTIONS /api/orders/21381961-9ec7-45ff-887a-288a0e1ea182 responded 204 in 0.0271 ms
2026-03-29 13:16:15.953 +03:00 [INF] Executed DbCommand (197ms) [Parameters=[@__id_0='?' (DbType = Guid)], CommandType='"Text"', CommandTimeout='30']
SELECT s."Id", s."AgentId", s."BookingId", s."CleaningCompletedAt", s."CleaningStartedAt", s."CustomerId", s."DeliveredAt", s."DeliveryOtp", s."DeliveryOtpExpiresAt", s."DeliveryOtpVerifiedAt", s."OrderReference", s."PickedUpAt", s."PickupOtp", s."PickupOtpExpiresAt", s."PickupOtpVerifiedAt", s."Status", s."Id0", s."AddOns", s."BookingReference", s."BundleDiscountPercent", s."CreatedAt", s."CustomerId0", s."DiscountAmountKes", s."NubuckLines", s."OfficialLeatherLines", s."PickupAddress", s."PickupLatitude", s."PickupLocationUrl", s."PickupLongitude", s."PriceKes", s."SneakersLines", s."Status0", s."SubtotalBeforeDiscountKes", s."SuedeLines", s."TotalPairs", s."Id1", s."AccessFailedCount", s."Address", s."ConcurrencyStamp", s."CreatedAt0", s."CustomerReference", s."Email", s."EmailConfirmed", s."FullName", s."IsActive", s."LockoutEnabled", s."LockoutEnd", s."NormalizedEmail", s."NormalizedUserName", s."PasswordHash", s."PhoneNumber", s."PhoneNumberConfirmed", s."SecurityStamp", s."TwoFactorEnabled", s."UserName", s."Id2", s."Amount", s."BookingId0", s."CreatedAt1", s."MpesaCheckoutRequestId", s."MpesaMerchantRequestId", s."MpesaReceipt", s."PayerPhoneNumber", s."PaymentReference", s."Status1", s0."Id", s0."AssignedAt", s0."AssignmentReference", s0."AssignmentType", s0."CompletedAt", s0."Notes", s0."OrderId", s0."RiderId", s0."Status", s0."Id0", s0."AccessFailedCount", s0."Address", s0."ConcurrencyStamp", s0."CreatedAt", s0."CustomerReference", s0."Email", s0."EmailConfirmed", s0."FullName", s0."IsActive", s0."LockoutEnabled", s0."LockoutEnd", s0."NormalizedEmail", s0."NormalizedUserName", s0."PasswordHash", s0."PhoneNumber", s0."PhoneNumberConfirmed", s0."SecurityStamp", s0."TwoFactorEnabled", s0."UserName"
FROM (
    SELECT o."Id", o."AgentId", o."BookingId", o."CleaningCompletedAt", o."CleaningStartedAt", o."CustomerId", o."DeliveredAt", o."DeliveryOtp", o."DeliveryOtpExpiresAt", o."DeliveryOtpVerifiedAt", o."OrderReference", o."PickedUpAt", o."PickupOtp", o."PickupOtpExpiresAt", o."PickupOtpVerifiedAt", o."Status", b."Id" AS "Id0", b."AddOns", b."BookingReference", b."BundleDiscountPercent", b."CreatedAt", b."CustomerId" AS "CustomerId0", b."DiscountAmountKes", b."NubuckLines", b."OfficialLeatherLines", b."PickupAddress", b."PickupLatitude", b."PickupLocationUrl", b."PickupLongitude", b."PriceKes", b."SneakersLines", b."Status" AS "Status0", b."SubtotalBeforeDiscountKes", b."SuedeLines", b."TotalPairs", f."Id" AS "Id1", f."AccessFailedCount", f."Address", f."ConcurrencyStamp", f."CreatedAt" AS "CreatedAt0", f."CustomerReference", f."Email", f."EmailConfirmed", f."FullName", f."IsActive", f."LockoutEnabled", f."LockoutEnd", f."NormalizedEmail", f."NormalizedUserName", f."PasswordHash", f."PhoneNumber", f."PhoneNumberConfirmed", f."SecurityStamp", f."TwoFactorEnabled", f."UserName", p."Id" AS "Id2", p."Amount", p."BookingId" AS "BookingId0", p."CreatedAt" AS "CreatedAt1", p."MpesaCheckoutRequestId", p."MpesaMerchantRequestId", p."MpesaReceipt", p."PayerPhoneNumber", p."PaymentReference", p."Status" AS "Status1"
    FROM "Orders" AS o
    INNER JOIN "Bookings" AS b ON o."BookingId" = b."Id"
    INNER JOIN "FreshwalkUsers" AS f ON b."CustomerId" = f."Id"
    LEFT JOIN "Payments" AS p ON b."Id" = p."BookingId"
    WHERE o."Id" = @__id_0
    LIMIT 1
) AS s
LEFT JOIN (
    SELECT o0."Id", o0."AssignedAt", o0."AssignmentReference", o0."AssignmentType", o0."CompletedAt", o0."Notes", o0."OrderId", o0."RiderId", o0."Status", f0."Id" AS "Id0", f0."AccessFailedCount", f0."Address", f0."ConcurrencyStamp", f0."CreatedAt", f0."CustomerReference", f0."Email", f0."EmailConfirmed", f0."FullName", f0."IsActive", f0."LockoutEnabled", f0."LockoutEnd", f0."NormalizedEmail", f0."NormalizedUserName", f0."PasswordHash", f0."PhoneNumber", f0."PhoneNumberConfirmed", f0."SecurityStamp", f0."TwoFactorEnabled", f0."UserName"
    FROM "OrderRiderAssignments" AS o0
    INNER JOIN "FreshwalkUsers" AS f0 ON o0."RiderId" = f0."Id"
) AS s0 ON s."Id" = s0."OrderId"
ORDER BY s."Id", s."Id0", s."Id1", s."Id2", s0."Id"
2026-03-29 13:16:16.190 +03:00 [INF] Executed DbCommand (224ms) [Parameters=[@__p_0='?' (DbType = Guid)], CommandType='"Text"', CommandTimeout='30']
SELECT f."Id", f."AccessFailedCount", f."Address", f."ConcurrencyStamp", f."CreatedAt", f."CustomerReference", f."Email", f."EmailConfirmed", f."FullName", f."IsActive", f."LockoutEnabled", f."LockoutEnd", f."NormalizedEmail", f."NormalizedUserName", f."PasswordHash", f."PhoneNumber", f."PhoneNumberConfirmed", f."SecurityStamp", f."TwoFactorEnabled", f."UserName"
FROM "FreshwalkUsers" AS f
WHERE f."Id" = @__p_0
LIMIT 1
2026-03-29 13:16:16.199 +03:00 [ERR] HTTP GET /api/orders/21381961-9ec7-45ff-887a-288a0e1ea182 responded 500 in 444.7346 ms
System.Text.Json.JsonException: A possible object cycle was detected. This can either be due to a cycle or if the object depth is larger than the maximum allowed depth of 32. Consider using ReferenceHandler.Preserve on JsonSerializerOptions to support cycles. Path: $.Booking.Customer.Bookings.Customer.Bookings.Customer.Bookings.Customer.Bookings.Customer.Bookings.Customer.Bookings.Customer.Bookings.Customer.Bookings.Customer.Bookings.Customer.Bookings.Id.
   at System.Text.Json.ThrowHelper.ThrowJsonException_SerializerCycleDetected(Int32 maxDepth)
   at System.Text.Json.Serialization.Metadata.JsonPropertyInfo`1.GetMemberAndWriteJson(Object obj, WriteStack& state, Utf8JsonWriter writer)
   at System.Text.Json.Serialization.Converters.ObjectDefaultConverter`1.OnTryWrite(Utf8JsonWriter writer, T value, JsonSerializerOptions options, WriteStack& state)
   at System.Text.Json.Serialization.Converters.IEnumerableDefaultConverter`2.OnWriteResume(Utf8JsonWriter writer, TCollection value, JsonSerializerOptions options, WriteStack& state)
   at System.Text.Json.Serialization.JsonCollectionConverter`2.OnTryWrite(Utf8JsonWriter writer, TCollection value, JsonSerializerOptions options, WriteStack& state)
   at System.Text.Json.Serialization.Metadata.JsonPropertyInfo`1.GetMemberAndWriteJson(Object obj, WriteStack& state, Utf8JsonWriter writer)
   at System.Text.Json.Serialization.Converters.ObjectDefaultConverter`1.OnTryWrite(Utf8JsonWriter writer, T value, JsonSerializerOptions options, WriteStack& state)
   at System.Text.Json.Serialization.Metadata.JsonPropertyInfo`1.GetMemberAndWriteJson(Object obj, WriteStack& state, Utf8JsonWriter writer)
   at System.Text.Json.Serialization.Converters.ObjectDefaultConverter`1.OnTryWrite(Utf8JsonWriter writer, T value, JsonSerializerOptions options, WriteStack& state)
   at System.Text.Json.Serialization.Converters.IEnumerableDefaultConverter`2.OnWriteResume(Utf8JsonWriter writer, TCollection value, JsonSerializerOptions options, WriteStack& state)
   at System.Text.Json.Serialization.JsonCollectionConverter`2.OnTryWrite(Utf8JsonWriter writer, TCollection value, JsonSerializerOptions options, WriteStack& state)
   at System.Text.Json.Serialization.Metadata.JsonPropertyInfo`1.GetMemberAndWriteJson(Object obj, WriteStack& state, Utf8JsonWriter writer)
   at System.Text.Json.Serialization.Converters.ObjectDefaultConverter`1.OnTryWrite(Utf8JsonWriter writer, T value, JsonSerializerOptions options, WriteStack& state)
   at System.Text.Json.Serialization.Metadata.JsonPropertyInfo`1.GetMemberAndWriteJson(Object obj, WriteStack& state, Utf8JsonWriter writer)
   at System.Text.Json.Serialization.Converters.ObjectDefaultConverter`1.OnTryWrite(Utf8JsonWriter writer, T value, JsonSerializerOptions options, WriteStack& state)
   at System.Text.Json.Serialization.Converters.IEnumerableDefaultConverter`2.OnWriteResume(Utf8JsonWriter writer, TCollection value, JsonSerializerOptions options, WriteStack& state)
   at System.Text.Json.Serialization.JsonCollectionConverter`2.OnTryWrite(Utf8JsonWriter writer, TCollection value, JsonSerializerOptions options, WriteStack& state)
   at System.Text.Json.Serialization.Metadata.JsonPropertyInfo`1.GetMemberAndWriteJson(Object obj, WriteStack& state, Utf8JsonWriter writer)
   at System.Text.Json.Serialization.Converters.ObjectDefaultConverter`1.OnTryWrite(Utf8JsonWriter writer, T value, JsonSerializerOptions options, WriteStack& state)
   at System.Text.Json.Serialization.Metadata.JsonPropertyInfo`1.GetMemberAndWriteJson(Object obj, WriteStack& state, Utf8JsonWriter writer)
   at System.Text.Json.Serialization.Converters.ObjectDefaultConverter`1.OnTryWrite(Utf8JsonWriter writer, T value, JsonSerializerOptions options, WriteStack& state)
   at System.Text.Json.Serialization.Converters.IEnumerableDefaultConverter`2.OnWriteResume(Utf8JsonWriter writer, TCollection value, JsonSerializerOptions options, WriteStack& state)
   at System.Text.Json.Serialization.JsonCollectionConverter`2.OnTryWrite(Utf8JsonWriter writer, TCollection value, JsonSerializerOptions options, WriteStack& state)
   at System.Text.Json.Serialization.Metadata.JsonPropertyInfo`1.GetMemberAndWriteJson(Object obj, WriteStack& state, Utf8JsonWriter writer)
   at System.Text.Json.Serialization.Converters.ObjectDefaultConverter`1.OnTryWrite(Utf8JsonWriter writer, T value, JsonSerializerOptions options, WriteStack& state)
   at System.Text.Json.Serialization.Metadata.JsonPropertyInfo`1.GetMemberAndWriteJson(Object obj, WriteStack& state, Utf8JsonWriter writer)
   at System.Text.Json.Serialization.Converters.ObjectDefaultConverter`1.OnTryWrite(Utf8JsonWriter writer, T value, JsonSerializerOptions options, WriteStack& state)
   at System.Text.Json.Serialization.Converters.IEnumerableDefaultConverter`2.OnWriteResume(Utf8JsonWriter writer, TCollection value, JsonSerializerOptions options, WriteStack& state)
   at System.Text.Json.Serialization.JsonCollectionConverter`2.OnTryWrite(Utf8JsonWriter writer, TCollection value, JsonSerializerOptions options, WriteStack& state)
   at System.Text.Json.Serialization.Metadata.JsonPropertyInfo`1.GetMemberAndWriteJson(Object obj, WriteStack& state, Utf8JsonWriter writer)
   at System.Text.Json.Serialization.Converters.ObjectDefaultConverter`1.OnTryWrite(Utf8JsonWriter writer, T value, JsonSerializerOptions options, WriteStack& state)
   at System.Text.Json.Serialization.Metadata.JsonPropertyInfo`1.GetMemberAndWriteJson(Object obj, WriteStack& state, Utf8JsonWriter writer)
   at System.Text.Json.Serialization.Converters.ObjectDefaultConverter`1.OnTryWrite(Utf8JsonWriter writer, T value, JsonSerializerOptions options, WriteStack& state)
   at System.Text.Json.Serialization.Converters.IEnumerableDefaultConverter`2.OnWriteResume(Utf8JsonWriter writer, TCollection value, JsonSerializerOptions options, WriteStack& state)
   at System.Text.Json.Serialization.JsonCollectionConverter`2.OnTryWrite(Utf8JsonWriter writer, TCollection value, JsonSerializerOptions options, WriteStack& state)
   at System.Text.Json.Serialization.Metadata.JsonPropertyInfo`1.GetMemberAndWriteJson(Object obj, WriteStack& state, Utf8JsonWriter writer)
   at System.Text.Json.Serialization.Converters.ObjectDefaultConverter`1.OnTryWrite(Utf8JsonWriter writer, T value, JsonSerializerOptions options, WriteStack& state)
   at System.Text.Json.Serialization.Metadata.JsonPropertyInfo`1.GetMemberAndWriteJson(Object obj, WriteStack& state, Utf8JsonWriter writer)
   at System.Text.Json.Serialization.Converters.ObjectDefaultConverter`1.OnTryWrite(Utf8JsonWriter writer, T value, JsonSerializerOptions options, WriteStack& state)
   at System.Text.Json.Serialization.Converters.IEnumerableDefaultConverter`2.OnWriteResume(Utf8JsonWriter writer, TCollection value, JsonSerializerOptions options, WriteStack& state)
   at System.Text.Json.Serialization.JsonCollectionConverter`2.OnTryWrite(Utf8JsonWriter writer, TCollection value, JsonSerializerOptions options, WriteStack& state)
   at System.Text.Json.Serialization.Metadata.JsonPropertyInfo`1.GetMemberAndWriteJson(Object obj, WriteStack& state, Utf8JsonWriter writer)
   at System.Text.Json.Serialization.Converters.ObjectDefaultConverter`1.OnTryWrite(Utf8JsonWriter writer, T value, JsonSerializerOptions options, WriteStack& state)
   at System.Text.Json.Serialization.Metadata.JsonPropertyInfo`1.GetMemberAndWriteJson(Object obj, WriteStack& state, Utf8JsonWriter writer)
   at System.Text.Json.Serialization.Converters.ObjectDefaultConverter`1.OnTryWrite(Utf8JsonWriter writer, T value, JsonSerializerOptions options, WriteStack& state)
   at System.Text.Json.Serialization.Converters.IEnumerableDefaultConverter`2.OnWriteResume(Utf8JsonWriter writer, TCollection value, JsonSerializerOptions options, WriteStack& state)
   at System.Text.Json.Serialization.JsonCollectionConverter`2.OnTryWrite(Utf8JsonWriter writer, TCollection value, JsonSerializerOptions options, WriteStack& state)
   at System.Text.Json.Serialization.Metadata.JsonPropertyInfo`1.GetMemberAndWriteJson(Object obj, WriteStack& state, Utf8JsonWriter writer)
   at System.Text.Json.Serialization.Converters.ObjectDefaultConverter`1.OnTryWrite(Utf8JsonWriter writer, T value, JsonSerializerOptions options, WriteStack& state)
   at System.Text.Json.Serialization.Metadata.JsonPropertyInfo`1.GetMemberAndWriteJson(Object obj, WriteStack& state, Utf8JsonWriter writer)
   at System.Text.Json.Serialization.Converters.ObjectDefaultConverter`1.OnTryWrite(Utf8JsonWriter writer, T value, JsonSerializerOptions options, WriteStack& state)
   at System.Text.Json.Serialization.Converters.IEnumerableDefaultConverter`2.OnWriteResume(Utf8JsonWriter writer, TCollection value, JsonSerializerOptions options, WriteStack& state)
   at System.Text.Json.Serialization.JsonCollectionConverter`2.OnTryWrite(Utf8JsonWriter writer, TCollection value, JsonSerializerOptions options, WriteStack& state)
   at System.Text.Json.Serialization.Metadata.JsonPropertyInfo`1.GetMemberAndWriteJson(Object obj, WriteStack& state, Utf8JsonWriter writer)
   at System.Text.Json.Serialization.Converters.ObjectDefaultConverter`1.OnTryWrite(Utf8JsonWriter writer, T value, JsonSerializerOptions options, WriteStack& state)
   at System.Text.Json.Serialization.Metadata.JsonPropertyInfo`1.GetMemberAndWriteJson(Object obj, WriteStack& state, Utf8JsonWriter writer)
   at System.Text.Json.Serialization.Converters.ObjectDefaultConverter`1.OnTryWrite(Utf8JsonWriter writer, T value, JsonSerializerOptions options, WriteStack& state)
   at System.Text.Json.Serialization.Converters.IEnumerableDefaultConverter`2.OnWriteResume(Utf8JsonWriter writer, TCollection value, JsonSerializerOptions options, WriteStack& state)
   at System.Text.Json.Serialization.JsonCollectionConverter`2.OnTryWrite(Utf8JsonWriter writer, TCollection value, JsonSerializerOptions options, WriteStack& state)
   at System.Text.Json.Serialization.Metadata.JsonPropertyInfo`1.GetMemberAndWriteJson(Object obj, WriteStack& state, Utf8JsonWriter writer)
   at System.Text.Json.Serialization.Converters.ObjectDefaultConverter`1.OnTryWrite(Utf8JsonWriter writer, T value, JsonSerializerOptions options, WriteStack& state)
   at System.Text.Json.Serialization.Metadata.JsonPropertyInfo`1.GetMemberAndWriteJson(Object obj, WriteStack& state, Utf8JsonWriter writer)
   at System.Text.Json.Serialization.Converters.ObjectDefaultConverter`1.OnTryWrite(Utf8JsonWriter writer, T value, JsonSerializerOptions options, WriteStack& state)
   at System.Text.Json.Serialization.Metadata.JsonPropertyInfo`1.GetMemberAndWriteJson(Object obj, WriteStack& state, Utf8JsonWriter writer)
   at System.Text.Json.Serialization.Converters.ObjectDefaultConverter`1.OnTryWrite(Utf8JsonWriter writer, T value, JsonSerializerOptions options, WriteStack& state)
   at System.Text.Json.Serialization.JsonConverter`1.TryWrite(Utf8JsonWriter writer, T& value, JsonSerializerOptions options, WriteStack& state)
   at System.Text.Json.Serialization.JsonConverter`1.WriteCore(Utf8JsonWriter writer, T& value, JsonSerializerOptions options, WriteStack& state)
   at System.Text.Json.Serialization.Metadata.JsonTypeInfo`1.SerializeAsync(PipeWriter pipeWriter, T rootValue, Int32 flushThreshold, CancellationToken cancellationToken, Object rootValueBoxed)
   at System.Text.Json.Serialization.Metadata.JsonTypeInfo`1.SerializeAsync(PipeWriter pipeWriter, T rootValue, Int32 flushThreshold, CancellationToken cancellationToken, Object rootValueBoxed)
   at System.Text.Json.Serialization.Metadata.JsonTypeInfo`1.SerializeAsync(PipeWriter pipeWriter, T rootValue, Int32 flushThreshold, CancellationToken cancellationToken, Object rootValueBoxed)
   at Microsoft.AspNetCore.Mvc.Formatters.SystemTextJsonOutputFormatter.WriteResponseBodyAsync(OutputFormatterWriteContext context, Encoding selectedEncoding)
   at Microsoft.AspNetCore.Mvc.Infrastructure.ResourceInvoker.<InvokeNextResultFilterAsync>g__Awaited|30_0[TFilter,TFilterAsync](ResourceInvoker invoker, Task lastTask, State next, Scope scope, Object state, Boolean isCompleted)
   at Microsoft.AspNetCore.Mvc.Infrastructure.ResourceInvoker.Rethrow(ResultExecutedContextSealed context)
   at Microsoft.AspNetCore.Mvc.Infrastructure.ResourceInvoker.ResultNext[TFilter,TFilterAsync](State& next, Scope& scope, Object& state, Boolean& isCompleted)
   at Microsoft.AspNetCore.Mvc.Infrastructure.ResourceInvoker.InvokeResultFilters()
--- End of stack trace from previous location ---
   at Microsoft.AspNetCore.Mvc.Infrastructure.ResourceInvoker.<InvokeFilterPipelineAsync>g__Awaited|20_0(ResourceInvoker invoker, Task lastTask, State next, Scope scope, Object state, Boolean isCompleted)
   at Microsoft.AspNetCore.Mvc.Infrastructure.ResourceInvoker.<InvokeAsync>g__Awaited|17_0(ResourceInvoker invoker, Task task, IDisposable scope)
   at Microsoft.AspNetCore.Mvc.Infrastructure.ResourceInvoker.<InvokeAsync>g__Awaited|17_0(ResourceInvoker invoker, Task task, IDisposable scope)
   at Freshwalk.API.Logging.AuditRequestLoggingMiddleware.InvokeAsync(HttpContext context, RequestDelegate next) in D:\Projects\Freshwalk Shoe Cleaning web app\API\Freshwalk.API\Logging\AuditRequestLoggingMiddleware.cs:line 63
   at Freshwalk.API.Logging.AuditRequestLoggingMiddleware.InvokeAsync(HttpContext context, RequestDelegate next) in D:\Projects\Freshwalk Shoe Cleaning web app\API\Freshwalk.API\Logging\AuditRequestLoggingMiddleware.cs:line 91
   at Freshwalk.API.Logging.AuditRequestLoggingMiddleware.InvokeAsync(HttpContext context, RequestDelegate next) in D:\Projects\Freshwalk Shoe Cleaning web app\API\Freshwalk.API\Logging\AuditRequestLoggingMiddleware.cs:line 91
   at Microsoft.AspNetCore.Builder.UseMiddlewareExtensions.InterfaceMiddlewareBinder.<>c__DisplayClass2_0.<<CreateMiddleware>b__0>d.MoveNext()
--- End of stack trace from previous location ---
   at Microsoft.AspNetCore.Authorization.AuthorizationMiddleware.Invoke(HttpContext context)
   at Microsoft.AspNetCore.Authentication.AuthenticationMiddleware.Invoke(HttpContext context)
   at Serilog.AspNetCore.RequestLoggingMiddleware.Invoke(HttpContext httpContext)
2026-03-29 13:16:16.254 +03:00 [ERR] An unhandled exception has occurred while executing the request.
System.Text.Json.JsonException: A possible object cycle was detected. This can either be due to a cycle or if the object depth is larger than the maximum allowed depth of 32. Consider using ReferenceHandler.Preserve on JsonSerializerOptions to support cycles. Path: $.Booking.Customer.Bookings.Customer.Bookings.Customer.Bookings.Customer.Bookings.Customer.Bookings.Customer.Bookings.Customer.Bookings.Customer.Bookings.Customer.Bookings.Customer.Bookings.Id.
   at System.Text.Json.ThrowHelper.ThrowJsonException_SerializerCycleDetected(Int32 maxDepth)
   at System.Text.Json.Serialization.Metadata.JsonPropertyInfo`1.GetMemberAndWriteJson(Object obj, WriteStack& state, Utf8JsonWriter writer)
   at System.Text.Json.Serialization.Converters.ObjectDefaultConverter`1.OnTryWrite(Utf8JsonWriter writer, T value, JsonSerializerOptions options, WriteStack& state)
   at System.Text.Json.Serialization.Converters.IEnumerableDefaultConverter`2.OnWriteResume(Utf8JsonWriter writer, TCollection value, JsonSerializerOptions options, WriteStack& state)
   at System.Text.Json.Serialization.JsonCollectionConverter`2.OnTryWrite(Utf8JsonWriter writer, TCollection value, JsonSerializerOptions options, WriteStack& state)
   at System.Text.Json.Serialization.Metadata.JsonPropertyInfo`1.GetMemberAndWriteJson(Object obj, WriteStack& state, Utf8JsonWriter writer)
   at System.Text.Json.Serialization.Converters.ObjectDefaultConverter`1.OnTryWrite(Utf8JsonWriter writer, T value, JsonSerializerOptions options, WriteStack& state)
   at System.Text.Json.Serialization.Metadata.JsonPropertyInfo`1.GetMemberAndWriteJson(Object obj, WriteStack& state, Utf8JsonWriter writer)
   at System.Text.Json.Serialization.Converters.ObjectDefaultConverter`1.OnTryWrite(Utf8JsonWriter writer, T value, JsonSerializerOptions options, WriteStack& state)
   at System.Text.Json.Serialization.Converters.IEnumerableDefaultConverter`2.OnWriteResume(Utf8JsonWriter writer, TCollection value, JsonSerializerOptions options, WriteStack& state)
   at System.Text.Json.Serialization.JsonCollectionConverter`2.OnTryWrite(Utf8JsonWriter writer, TCollection value, JsonSerializerOptions options, WriteStack& state)
   at System.Text.Json.Serialization.Metadata.JsonPropertyInfo`1.GetMemberAndWriteJson(Object obj, WriteStack& state, Utf8JsonWriter writer)
   at System.Text.Json.Serialization.Converters.ObjectDefaultConverter`1.OnTryWrite(Utf8JsonWriter writer, T value, JsonSerializerOptions options, WriteStack& state)
   at System.Text.Json.Serialization.Metadata.JsonPropertyInfo`1.GetMemberAndWriteJson(Object obj, WriteStack& state, Utf8JsonWriter writer)
   at System.Text.Json.Serialization.Converters.ObjectDefaultConverter`1.OnTryWrite(Utf8JsonWriter writer, T value, JsonSerializerOptions options, WriteStack& state)
   at System.Text.Json.Serialization.Converters.IEnumerableDefaultConverter`2.OnWriteResume(Utf8JsonWriter writer, TCollection value, JsonSerializerOptions options, WriteStack& state)
   at System.Text.Json.Serialization.JsonCollectionConverter`2.OnTryWrite(Utf8JsonWriter writer, TCollection value, JsonSerializerOptions options, WriteStack& state)
   at System.Text.Json.Serialization.Metadata.JsonPropertyInfo`1.GetMemberAndWriteJson(Object obj, WriteStack& state, Utf8JsonWriter writer)
   at System.Text.Json.Serialization.Converters.ObjectDefaultConverter`1.OnTryWrite(Utf8JsonWriter writer, T value, JsonSerializerOptions options, WriteStack& state)
   at System.Text.Json.Serialization.Metadata.JsonPropertyInfo`1.GetMemberAndWriteJson(Object obj, WriteStack& state, Utf8JsonWriter writer)
   at System.Text.Json.Serialization.Converters.ObjectDefaultConverter`1.OnTryWrite(Utf8JsonWriter writer, T value, JsonSerializerOptions options, WriteStack& state)
   at System.Text.Json.Serialization.Converters.IEnumerableDefaultConverter`2.OnWriteResume(Utf8JsonWriter writer, TCollection value, JsonSerializerOptions options, WriteStack& state)
   at System.Text.Json.Serialization.JsonCollectionConverter`2.OnTryWrite(Utf8JsonWriter writer, TCollection value, JsonSerializerOptions options, WriteStack& state)
   at System.Text.Json.Serialization.Metadata.JsonPropertyInfo`1.GetMemberAndWriteJson(Object obj, WriteStack& state, Utf8JsonWriter writer)
   at System.Text.Json.Serialization.Converters.ObjectDefaultConverter`1.OnTryWrite(Utf8JsonWriter writer, T value, JsonSerializerOptions options, WriteStack& state)
   at System.Text.Json.Serialization.Metadata.JsonPropertyInfo`1.GetMemberAndWriteJson(Object obj, WriteStack& state, Utf8JsonWriter writer)
   at System.Text.Json.Serialization.Converters.ObjectDefaultConverter`1.OnTryWrite(Utf8JsonWriter writer, T value, JsonSerializerOptions options, WriteStack& state)
   at System.Text.Json.Serialization.Converters.IEnumerableDefaultConverter`2.OnWriteResume(Utf8JsonWriter writer, TCollection value, JsonSerializerOptions options, WriteStack& state)
   at System.Text.Json.Serialization.JsonCollectionConverter`2.OnTryWrite(Utf8JsonWriter writer, TCollection value, JsonSerializerOptions options, WriteStack& state)
   at System.Text.Json.Serialization.Metadata.JsonPropertyInfo`1.GetMemberAndWriteJson(Object obj, WriteStack& state, Utf8JsonWriter writer)
   at System.Text.Json.Serialization.Converters.ObjectDefaultConverter`1.OnTryWrite(Utf8JsonWriter writer, T value, JsonSerializerOptions options, WriteStack& state)
   at System.Text.Json.Serialization.Metadata.JsonPropertyInfo`1.GetMemberAndWriteJson(Object obj, WriteStack& state, Utf8JsonWriter writer)
   at System.Text.Json.Serialization.Converters.ObjectDefaultConverter`1.OnTryWrite(Utf8JsonWriter writer, T value, JsonSerializerOptions options, WriteStack& state)
   at System.Text.Json.Serialization.Converters.IEnumerableDefaultConverter`2.OnWriteResume(Utf8JsonWriter writer, TCollection value, JsonSerializerOptions options, WriteStack& state)
   at System.Text.Json.Serialization.JsonCollectionConverter`2.OnTryWrite(Utf8JsonWriter writer, TCollection value, JsonSerializerOptions options, WriteStack& state)
   at System.Text.Json.Serialization.Metadata.JsonPropertyInfo`1.GetMemberAndWriteJson(Object obj, WriteStack& state, Utf8JsonWriter writer)
   at System.Text.Json.Serialization.Converters.ObjectDefaultConverter`1.OnTryWrite(Utf8JsonWriter writer, T value, JsonSerializerOptions options, WriteStack& state)
   at System.Text.Json.Serialization.Metadata.JsonPropertyInfo`1.GetMemberAndWriteJson(Object obj, WriteStack& state, Utf8JsonWriter writer)
   at System.Text.Json.Serialization.Converters.ObjectDefaultConverter`1.OnTryWrite(Utf8JsonWriter writer, T value, JsonSerializerOptions options, WriteStack& state)
   at System.Text.Json.Serialization.Converters.IEnumerableDefaultConverter`2.OnWriteResume(Utf8JsonWriter writer, TCollection value, JsonSerializerOptions options, WriteStack& state)
   at System.Text.Json.Serialization.JsonCollectionConverter`2.OnTryWrite(Utf8JsonWriter writer, TCollection value, JsonSerializerOptions options, WriteStack& state)
   at System.Text.Json.Serialization.Metadata.JsonPropertyInfo`1.GetMemberAndWriteJson(Object obj, WriteStack& state, Utf8JsonWriter writer)
   at System.Text.Json.Serialization.Converters.ObjectDefaultConverter`1.OnTryWrite(Utf8JsonWriter writer, T value, JsonSerializerOptions options, WriteStack& state)
   at System.Text.Json.Serialization.Metadata.JsonPropertyInfo`1.GetMemberAndWriteJson(Object obj, WriteStack& state, Utf8JsonWriter writer)
   at System.Text.Json.Serialization.Converters.ObjectDefaultConverter`1.OnTryWrite(Utf8JsonWriter writer, T value, JsonSerializerOptions options, WriteStack& state)
   at System.Text.Json.Serialization.Converters.IEnumerableDefaultConverter`2.OnWriteResume(Utf8JsonWriter writer, TCollection value, JsonSerializerOptions options, WriteStack& state)
   at System.Text.Json.Serialization.JsonCollectionConverter`2.OnTryWrite(Utf8JsonWriter writer, TCollection value, JsonSerializerOptions options, WriteStack& state)
   at System.Text.Json.Serialization.Metadata.JsonPropertyInfo`1.GetMemberAndWriteJson(Object obj, WriteStack& state, Utf8JsonWriter writer)
   at System.Text.Json.Serialization.Converters.ObjectDefaultConverter`1.OnTryWrite(Utf8JsonWriter writer, T value, JsonSerializerOptions options, WriteStack& state)
   at System.Text.Json.Serialization.Metadata.JsonPropertyInfo`1.GetMemberAndWriteJson(Object obj, WriteStack& state, Utf8JsonWriter writer)
   at System.Text.Json.Serialization.Converters.ObjectDefaultConverter`1.OnTryWrite(Utf8JsonWriter writer, T value, JsonSerializerOptions options, WriteStack& state)
   at System.Text.Json.Serialization.Converters.IEnumerableDefaultConverter`2.OnWriteResume(Utf8JsonWriter writer, TCollection value, JsonSerializerOptions options, WriteStack& state)
   at System.Text.Json.Serialization.JsonCollectionConverter`2.OnTryWrite(Utf8JsonWriter writer, TCollection value, JsonSerializerOptions options, WriteStack& state)
   at System.Text.Json.Serialization.Metadata.JsonPropertyInfo`1.GetMemberAndWriteJson(Object obj, WriteStack& state, Utf8JsonWriter writer)
   at System.Text.Json.Serialization.Converters.ObjectDefaultConverter`1.OnTryWrite(Utf8JsonWriter writer, T value, JsonSerializerOptions options, WriteStack& state)
   at System.Text.Json.Serialization.Metadata.JsonPropertyInfo`1.GetMemberAndWriteJson(Object obj, WriteStack& state, Utf8JsonWriter writer)
   at System.Text.Json.Serialization.Converters.ObjectDefaultConverter`1.OnTryWrite(Utf8JsonWriter writer, T value, JsonSerializerOptions options, WriteStack& state)
   at System.Text.Json.Serialization.Converters.IEnumerableDefaultConverter`2.OnWriteResume(Utf8JsonWriter writer, TCollection value, JsonSerializerOptions options, WriteStack& state)
   at System.Text.Json.Serialization.JsonCollectionConverter`2.OnTryWrite(Utf8JsonWriter writer, TCollection value, JsonSerializerOptions options, WriteStack& state)
   at System.Text.Json.Serialization.Metadata.JsonPropertyInfo`1.GetMemberAndWriteJson(Object obj, WriteStack& state, Utf8JsonWriter writer)
   at System.Text.Json.Serialization.Converters.ObjectDefaultConverter`1.OnTryWrite(Utf8JsonWriter writer, T value, JsonSerializerOptions options, WriteStack& state)
   at System.Text.Json.Serialization.Metadata.JsonPropertyInfo`1.GetMemberAndWriteJson(Object obj, WriteStack& state, Utf8JsonWriter writer)
   at System.Text.Json.Serialization.Converters.ObjectDefaultConverter`1.OnTryWrite(Utf8JsonWriter writer, T value, JsonSerializerOptions options, WriteStack& state)
   at System.Text.Json.Serialization.Metadata.JsonPropertyInfo`1.GetMemberAndWriteJson(Object obj, WriteStack& state, Utf8JsonWriter writer)
   at System.Text.Json.Serialization.Converters.ObjectDefaultConverter`1.OnTryWrite(Utf8JsonWriter writer, T value, JsonSerializerOptions options, WriteStack& state)
   at System.Text.Json.Serialization.JsonConverter`1.TryWrite(Utf8JsonWriter writer, T& value, JsonSerializerOptions options, WriteStack& state)
   at System.Text.Json.Serialization.JsonConverter`1.WriteCore(Utf8JsonWriter writer, T& value, JsonSerializerOptions options, WriteStack& state)
   at System.Text.Json.Serialization.Metadata.JsonTypeInfo`1.SerializeAsync(PipeWriter pipeWriter, T rootValue, Int32 flushThreshold, CancellationToken cancellationToken, Object rootValueBoxed)
   at System.Text.Json.Serialization.Metadata.JsonTypeInfo`1.SerializeAsync(PipeWriter pipeWriter, T rootValue, Int32 flushThreshold, CancellationToken cancellationToken, Object rootValueBoxed)
   at System.Text.Json.Serialization.Metadata.JsonTypeInfo`1.SerializeAsync(PipeWriter pipeWriter, T rootValue, Int32 flushThreshold, CancellationToken cancellationToken, Object rootValueBoxed)
   at Microsoft.AspNetCore.Mvc.Formatters.SystemTextJsonOutputFormatter.WriteResponseBodyAsync(OutputFormatterWriteContext context, Encoding selectedEncoding)
   at Microsoft.AspNetCore.Mvc.Infrastructure.ResourceInvoker.<InvokeNextResultFilterAsync>g__Awaited|30_0[TFilter,TFilterAsync](ResourceInvoker invoker, Task lastTask, State next, Scope scope, Object state, Boolean isCompleted)
   at Microsoft.AspNetCore.Mvc.Infrastructure.ResourceInvoker.Rethrow(ResultExecutedContextSealed context)
   at Microsoft.AspNetCore.Mvc.Infrastructure.ResourceInvoker.ResultNext[TFilter,TFilterAsync](State& next, Scope& scope, Object& state, Boolean& isCompleted)
   at Microsoft.AspNetCore.Mvc.Infrastructure.ResourceInvoker.InvokeResultFilters()
--- End of stack trace from previous location ---
   at Microsoft.AspNetCore.Mvc.Infrastructure.ResourceInvoker.<InvokeFilterPipelineAsync>g__Awaited|20_0(ResourceInvoker invoker, Task lastTask, State next, Scope scope, Object state, Boolean isCompleted)
   at Microsoft.AspNetCore.Mvc.Infrastructure.ResourceInvoker.<InvokeAsync>g__Awaited|17_0(ResourceInvoker invoker, Task task, IDisposable scope)
   at Microsoft.AspNetCore.Mvc.Infrastructure.ResourceInvoker.<InvokeAsync>g__Awaited|17_0(ResourceInvoker invoker, Task task, IDisposable scope)
   at Freshwalk.API.Logging.AuditRequestLoggingMiddleware.InvokeAsync(HttpContext context, RequestDelegate next) in D:\Projects\Freshwalk Shoe Cleaning web app\API\Freshwalk.API\Logging\AuditRequestLoggingMiddleware.cs:line 63
   at Freshwalk.API.Logging.AuditRequestLoggingMiddleware.InvokeAsync(HttpContext context, RequestDelegate next) in D:\Projects\Freshwalk Shoe Cleaning web app\API\Freshwalk.API\Logging\AuditRequestLoggingMiddleware.cs:line 91
   at Freshwalk.API.Logging.AuditRequestLoggingMiddleware.InvokeAsync(HttpContext context, RequestDelegate next) in D:\Projects\Freshwalk Shoe Cleaning web app\API\Freshwalk.API\Logging\AuditRequestLoggingMiddleware.cs:line 91
   at Microsoft.AspNetCore.Builder.UseMiddlewareExtensions.InterfaceMiddlewareBinder.<>c__DisplayClass2_0.<<CreateMiddleware>b__0>d.MoveNext()
--- End of stack trace from previous location ---
   at Microsoft.AspNetCore.Authorization.AuthorizationMiddleware.Invoke(HttpContext context)
   at Microsoft.AspNetCore.Authentication.AuthenticationMiddleware.Invoke(HttpContext context)
   at Serilog.AspNetCore.RequestLoggingMiddleware.Invoke(HttpContext httpContext)
   at Swashbuckle.AspNetCore.SwaggerUI.SwaggerUIMiddleware.Invoke(HttpContext httpContext)
   at Swashbuckle.AspNetCore.Swagger.SwaggerMiddleware.Invoke(HttpContext httpContext, ISwaggerProvider swaggerProvider)
   at Microsoft.AspNetCore.Diagnostics.DeveloperExceptionPageMiddlewareImpl.Invoke(HttpContext context)
2026-03-29 13:16:16.308 +03:00 [INF] HTTP OPTIONS /api/agent/bookings/fe84829a-033b-48e4-90ec-be701ca528ca responded 204 in 0.0396 ms
2026-03-29 13:16:16.308 +03:00 [INF] HTTP OPTIONS /api/agent/riders responded 204 in 0.0183 ms
2026-03-29 13:16:16.469 +03:00 [INF] Executed DbCommand (155ms) [Parameters=[@__normalizedRoleName_0='?'], CommandType='"Text"', CommandTimeout='30']
SELECT f."Id", f."ConcurrencyStamp", f."Name", f."NormalizedName"
FROM "FreshwalkRoles" AS f
WHERE f."NormalizedName" = @__normalizedRoleName_0
LIMIT 2
2026-03-29 13:16:16.535 +03:00 [INF] Executed DbCommand (221ms) [Parameters=[@__id_0='?' (DbType = Guid)], CommandType='"Text"', CommandTimeout='30']
SELECT s."Id", s."AddOns", s."BookingReference", s."BundleDiscountPercent", s."CreatedAt", s."CustomerId", s."DiscountAmountKes", s."NubuckLines", s."OfficialLeatherLines", s."PickupAddress", s."PickupLatitude", s."PickupLocationUrl", s."PickupLongitude", s."PriceKes", s."SneakersLines", s."Status", s."SubtotalBeforeDiscountKes", s."SuedeLines", s."TotalPairs", s."Id0", s."AccessFailedCount", s."Address", s."ConcurrencyStamp", s."CreatedAt0", s."CustomerReference", s."Email", s."EmailConfirmed", s."FullName", s."IsActive", s."LockoutEnabled", s."LockoutEnd", s."NormalizedEmail", s."NormalizedUserName", s."PasswordHash", s."PhoneNumber", s."PhoneNumberConfirmed", s."SecurityStamp", s."TwoFactorEnabled", s."UserName", s."Id1", s."Amount", s."BookingId", s."CreatedAt1", s."MpesaCheckoutRequestId", s."MpesaMerchantRequestId", s."MpesaReceipt", s."PayerPhoneNumber", s."PaymentReference", s."Status0", s."Id2", s."AgentId", s."BookingId0", s."CleaningCompletedAt", s."CleaningStartedAt", s."CustomerId0", s."DeliveredAt", s."DeliveryOtp", s."DeliveryOtpExpiresAt", s."DeliveryOtpVerifiedAt", s."OrderReference", s."PickedUpAt", s."PickupOtp", s."PickupOtpExpiresAt", s."PickupOtpVerifiedAt", s."Status1", s0."Id", s0."AssignedAt", s0."AssignmentReference", s0."AssignmentType", s0."CompletedAt", s0."Notes", s0."OrderId", s0."RiderId", s0."Status", s0."Id0", s0."AccessFailedCount", s0."Address", s0."ConcurrencyStamp", s0."CreatedAt", s0."CustomerReference", s0."Email", s0."EmailConfirmed", s0."FullName", s0."IsActive", s0."LockoutEnabled", s0."LockoutEnd", s0."NormalizedEmail", s0."NormalizedUserName", s0."PasswordHash", s0."PhoneNumber", s0."PhoneNumberConfirmed", s0."SecurityStamp", s0."TwoFactorEnabled", s0."UserName"
FROM (
    SELECT b."Id", b."AddOns", b."BookingReference", b."BundleDiscountPercent", b."CreatedAt", b."CustomerId", b."DiscountAmountKes", b."NubuckLines", b."OfficialLeatherLines", b."PickupAddress", b."PickupLatitude", b."PickupLocationUrl", b."PickupLongitude", b."PriceKes", b."SneakersLines", b."Status", b."SubtotalBeforeDiscountKes", b."SuedeLines", b."TotalPairs", f."Id" AS "Id0", f."AccessFailedCount", f."Address", f."ConcurrencyStamp", f."CreatedAt" AS "CreatedAt0", f."CustomerReference", f."Email", f."EmailConfirmed", f."FullName", f."IsActive", f."LockoutEnabled", f."LockoutEnd", f."NormalizedEmail", f."NormalizedUserName", f."PasswordHash", f."PhoneNumber", f."PhoneNumberConfirmed", f."SecurityStamp", f."TwoFactorEnabled", f."UserName", p."Id" AS "Id1", p."Amount", p."BookingId", p."CreatedAt" AS "CreatedAt1", p."MpesaCheckoutRequestId", p."MpesaMerchantRequestId", p."MpesaReceipt", p."PayerPhoneNumber", p."PaymentReference", p."Status" AS "Status0", o."Id" AS "Id2", o."AgentId", o."BookingId" AS "BookingId0", o."CleaningCompletedAt", o."CleaningStartedAt", o."CustomerId" AS "CustomerId0", o."DeliveredAt", o."DeliveryOtp", o."DeliveryOtpExpiresAt", o."DeliveryOtpVerifiedAt", o."OrderReference", o."PickedUpAt", o."PickupOtp", o."PickupOtpExpiresAt", o."PickupOtpVerifiedAt", o."Status" AS "Status1"
    FROM "Bookings" AS b
    INNER JOIN "FreshwalkUsers" AS f ON b."CustomerId" = f."Id"
    LEFT JOIN "Payments" AS p ON b."Id" = p."BookingId"
    LEFT JOIN "Orders" AS o ON b."Id" = o."BookingId"
    WHERE b."Id" = @__id_0
    LIMIT 1
) AS s
LEFT JOIN (
    SELECT o0."Id", o0."AssignedAt", o0."AssignmentReference", o0."AssignmentType", o0."CompletedAt", o0."Notes", o0."OrderId", o0."RiderId", o0."Status", f0."Id" AS "Id0", f0."AccessFailedCount", f0."Address", f0."ConcurrencyStamp", f0."CreatedAt", f0."CustomerReference", f0."Email", f0."EmailConfirmed", f0."FullName", f0."IsActive", f0."LockoutEnabled", f0."LockoutEnd", f0."NormalizedEmail", f0."NormalizedUserName", f0."PasswordHash", f0."PhoneNumber", f0."PhoneNumberConfirmed", f0."SecurityStamp", f0."TwoFactorEnabled", f0."UserName"
    FROM "OrderRiderAssignments" AS o0
    INNER JOIN "FreshwalkUsers" AS f0 ON o0."RiderId" = f0."Id"
) AS s0 ON s."Id2" = s0."OrderId"
ORDER BY s."Id", s."Id0", s."Id1", s."Id2", s0."Id"
2026-03-29 13:16:16.696 +03:00 [INF] Executed DbCommand (222ms) [Parameters=[@__role_Id_0='?' (DbType = Guid)], CommandType='"Text"', CommandTimeout='30']
SELECT f0."Id", f0."AccessFailedCount", f0."Address", f0."ConcurrencyStamp", f0."CreatedAt", f0."CustomerReference", f0."Email", f0."EmailConfirmed", f0."FullName", f0."IsActive", f0."LockoutEnabled", f0."LockoutEnd", f0."NormalizedEmail", f0."NormalizedUserName", f0."PasswordHash", f0."PhoneNumber", f0."PhoneNumberConfirmed", f0."SecurityStamp", f0."TwoFactorEnabled", f0."UserName"
FROM "FreshwalkUserRoles" AS f
INNER JOIN "FreshwalkUsers" AS f0 ON f."UserId" = f0."Id"
WHERE f."RoleId" = @__role_Id_0
2026-03-29 13:16:16.700 +03:00 [INF] Executed DbCommand (155ms) [Parameters=[@__p_0='?' (DbType = Guid)], CommandType='"Text"', CommandTimeout='30']
SELECT f."Id", f."AccessFailedCount", f."Address", f."ConcurrencyStamp", f."CreatedAt", f."CustomerReference", f."Email", f."EmailConfirmed", f."FullName", f."IsActive", f."LockoutEnabled", f."LockoutEnd", f."NormalizedEmail", f."NormalizedUserName", f."PasswordHash", f."PhoneNumber", f."PhoneNumberConfirmed", f."SecurityStamp", f."TwoFactorEnabled", f."UserName"
FROM "FreshwalkUsers" AS f
WHERE f."Id" = @__p_0
LIMIT 1
2026-03-29 13:16:16.709 +03:00 [INF] HTTP GET /api/agent/bookings/fe84829a-033b-48e4-90ec-be701ca528ca responded 200 in 396.3504 ms
2026-03-29 13:16:17.093 +03:00 [INF] Executed DbCommand (390ms) [Parameters=[], CommandType='"Text"', CommandTimeout='30']
SELECT r."Id", r."BikeRegistration", r."IsAvailable", r."UserId"
FROM "RiderProfiles" AS r
2026-03-29 13:16:17.464 +03:00 [INF] Executed DbCommand (361ms) [Parameters=[@__p_0='?' (DbType = Guid)], CommandType='"Text"', CommandTimeout='30']
SELECT f."Id", f."AccessFailedCount", f."Address", f."ConcurrencyStamp", f."CreatedAt", f."CustomerReference", f."Email", f."EmailConfirmed", f."FullName", f."IsActive", f."LockoutEnabled", f."LockoutEnd", f."NormalizedEmail", f."NormalizedUserName", f."PasswordHash", f."PhoneNumber", f."PhoneNumberConfirmed", f."SecurityStamp", f."TwoFactorEnabled", f."UserName"
FROM "FreshwalkUsers" AS f
WHERE f."Id" = @__p_0
LIMIT 1
2026-03-29 13:16:17.471 +03:00 [INF] HTTP GET /api/agent/riders responded 200 in 1157.3900 ms
2026-03-29 13:16:17.693 +03:00 [INF] Executed DbCommand (214ms) [Parameters=[@__id_0='?' (DbType = Guid)], CommandType='"Text"', CommandTimeout='30']
SELECT s."Id", s."AgentId", s."BookingId", s."CleaningCompletedAt", s."CleaningStartedAt", s."CustomerId", s."DeliveredAt", s."DeliveryOtp", s."DeliveryOtpExpiresAt", s."DeliveryOtpVerifiedAt", s."OrderReference", s."PickedUpAt", s."PickupOtp", s."PickupOtpExpiresAt", s."PickupOtpVerifiedAt", s."Status", s."Id0", s."AddOns", s."BookingReference", s."BundleDiscountPercent", s."CreatedAt", s."CustomerId0", s."DiscountAmountKes", s."NubuckLines", s."OfficialLeatherLines", s."PickupAddress", s."PickupLatitude", s."PickupLocationUrl", s."PickupLongitude", s."PriceKes", s."SneakersLines", s."Status0", s."SubtotalBeforeDiscountKes", s."SuedeLines", s."TotalPairs", s."Id1", s."AccessFailedCount", s."Address", s."ConcurrencyStamp", s."CreatedAt0", s."CustomerReference", s."Email", s."EmailConfirmed", s."FullName", s."IsActive", s."LockoutEnabled", s."LockoutEnd", s."NormalizedEmail", s."NormalizedUserName", s."PasswordHash", s."PhoneNumber", s."PhoneNumberConfirmed", s."SecurityStamp", s."TwoFactorEnabled", s."UserName", s."Id2", s."Amount", s."BookingId0", s."CreatedAt1", s."MpesaCheckoutRequestId", s."MpesaMerchantRequestId", s."MpesaReceipt", s."PayerPhoneNumber", s."PaymentReference", s."Status1", s0."Id", s0."AssignedAt", s0."AssignmentReference", s0."AssignmentType", s0."CompletedAt", s0."Notes", s0."OrderId", s0."RiderId", s0."Status", s0."Id0", s0."AccessFailedCount", s0."Address", s0."ConcurrencyStamp", s0."CreatedAt", s0."CustomerReference", s0."Email", s0."EmailConfirmed", s0."FullName", s0."IsActive", s0."LockoutEnabled", s0."LockoutEnd", s0."NormalizedEmail", s0."NormalizedUserName", s0."PasswordHash", s0."PhoneNumber", s0."PhoneNumberConfirmed", s0."SecurityStamp", s0."TwoFactorEnabled", s0."UserName"
FROM (
    SELECT o."Id", o."AgentId", o."BookingId", o."CleaningCompletedAt", o."CleaningStartedAt", o."CustomerId", o."DeliveredAt", o."DeliveryOtp", o."DeliveryOtpExpiresAt", o."DeliveryOtpVerifiedAt", o."OrderReference", o."PickedUpAt", o."PickupOtp", o."PickupOtpExpiresAt", o."PickupOtpVerifiedAt", o."Status", b."Id" AS "Id0", b."AddOns", b."BookingReference", b."BundleDiscountPercent", b."CreatedAt", b."CustomerId" AS "CustomerId0", b."DiscountAmountKes", b."NubuckLines", b."OfficialLeatherLines", b."PickupAddress", b."PickupLatitude", b."PickupLocationUrl", b."PickupLongitude", b."PriceKes", b."SneakersLines", b."Status" AS "Status0", b."SubtotalBeforeDiscountKes", b."SuedeLines", b."TotalPairs", f."Id" AS "Id1", f."AccessFailedCount", f."Address", f."ConcurrencyStamp", f."CreatedAt" AS "CreatedAt0", f."CustomerReference", f."Email", f."EmailConfirmed", f."FullName", f."IsActive", f."LockoutEnabled", f."LockoutEnd", f."NormalizedEmail", f."NormalizedUserName", f."PasswordHash", f."PhoneNumber", f."PhoneNumberConfirmed", f."SecurityStamp", f."TwoFactorEnabled", f."UserName", p."Id" AS "Id2", p."Amount", p."BookingId" AS "BookingId0", p."CreatedAt" AS "CreatedAt1", p."MpesaCheckoutRequestId", p."MpesaMerchantRequestId", p."MpesaReceipt", p."PayerPhoneNumber", p."PaymentReference", p."Status" AS "Status1"
    FROM "Orders" AS o
    INNER JOIN "Bookings" AS b ON o."BookingId" = b."Id"
    INNER JOIN "FreshwalkUsers" AS f ON b."CustomerId" = f."Id"
    LEFT JOIN "Payments" AS p ON b."Id" = p."BookingId"
    WHERE o."Id" = @__id_0
    LIMIT 1
) AS s
LEFT JOIN (
    SELECT o0."Id", o0."AssignedAt", o0."AssignmentReference", o0."AssignmentType", o0."CompletedAt", o0."Notes", o0."OrderId", o0."RiderId", o0."Status", f0."Id" AS "Id0", f0."AccessFailedCount", f0."Address", f0."ConcurrencyStamp", f0."CreatedAt", f0."CustomerReference", f0."Email", f0."EmailConfirmed", f0."FullName", f0."IsActive", f0."LockoutEnabled", f0."LockoutEnd", f0."NormalizedEmail", f0."NormalizedUserName", f0."PasswordHash", f0."PhoneNumber", f0."PhoneNumberConfirmed", f0."SecurityStamp", f0."TwoFactorEnabled", f0."UserName"
    FROM "OrderRiderAssignments" AS o0
    INNER JOIN "FreshwalkUsers" AS f0 ON o0."RiderId" = f0."Id"
) AS s0 ON s."Id" = s0."OrderId"
ORDER BY s."Id", s."Id0", s."Id1", s."Id2", s0."Id"
2026-03-29 13:16:17.958 +03:00 [INF] Executed DbCommand (246ms) [Parameters=[@__p_0='?' (DbType = Guid)], CommandType='"Text"', CommandTimeout='30']
SELECT f."Id", f."AccessFailedCount", f."Address", f."ConcurrencyStamp", f."CreatedAt", f."CustomerReference", f."Email", f."EmailConfirmed", f."FullName", f."IsActive", f."LockoutEnabled", f."LockoutEnd", f."NormalizedEmail", f."NormalizedUserName", f."PasswordHash", f."PhoneNumber", f."PhoneNumberConfirmed", f."SecurityStamp", f."TwoFactorEnabled", f."UserName"
FROM "FreshwalkUsers" AS f
WHERE f."Id" = @__p_0
LIMIT 1
2026-03-29 13:16:17.968 +03:00 [ERR] HTTP GET /api/orders/21381961-9ec7-45ff-887a-288a0e1ea182 responded 500 in 491.4858 ms
System.Text.Json.JsonException: A possible object cycle was detected. This can either be due to a cycle or if the object depth is larger than the maximum allowed depth of 32. Consider using ReferenceHandler.Preserve on JsonSerializerOptions to support cycles. Path: $.Booking.Customer.Bookings.Customer.Bookings.Customer.Bookings.Customer.Bookings.Customer.Bookings.Customer.Bookings.Customer.Bookings.Customer.Bookings.Customer.Bookings.Customer.Bookings.Id.
   at System.Text.Json.ThrowHelper.ThrowJsonException_SerializerCycleDetected(Int32 maxDepth)
   at System.Text.Json.Serialization.Metadata.JsonPropertyInfo`1.GetMemberAndWriteJson(Object obj, WriteStack& state, Utf8JsonWriter writer)
   at System.Text.Json.Serialization.Converters.ObjectDefaultConverter`1.OnTryWrite(Utf8JsonWriter writer, T value, JsonSerializerOptions options, WriteStack& state)
   at System.Text.Json.Serialization.Converters.IEnumerableDefaultConverter`2.OnWriteResume(Utf8JsonWriter writer, TCollection value, JsonSerializerOptions options, WriteStack& state)
   at System.Text.Json.Serialization.JsonCollectionConverter`2.OnTryWrite(Utf8JsonWriter writer, TCollection value, JsonSerializerOptions options, WriteStack& state)
   at System.Text.Json.Serialization.Metadata.JsonPropertyInfo`1.GetMemberAndWriteJson(Object obj, WriteStack& state, Utf8JsonWriter writer)
   at System.Text.Json.Serialization.Converters.ObjectDefaultConverter`1.OnTryWrite(Utf8JsonWriter writer, T value, JsonSerializerOptions options, WriteStack& state)
   at System.Text.Json.Serialization.Metadata.JsonPropertyInfo`1.GetMemberAndWriteJson(Object obj, WriteStack& state, Utf8JsonWriter writer)
   at System.Text.Json.Serialization.Converters.ObjectDefaultConverter`1.OnTryWrite(Utf8JsonWriter writer, T value, JsonSerializerOptions options, WriteStack& state)
   at System.Text.Json.Serialization.Converters.IEnumerableDefaultConverter`2.OnWriteResume(Utf8JsonWriter writer, TCollection value, JsonSerializerOptions options, WriteStack& state)
   at System.Text.Json.Serialization.JsonCollectionConverter`2.OnTryWrite(Utf8JsonWriter writer, TCollection value, JsonSerializerOptions options, WriteStack& state)
   at System.Text.Json.Serialization.Metadata.JsonPropertyInfo`1.GetMemberAndWriteJson(Object obj, WriteStack& state, Utf8JsonWriter writer)
   at System.Text.Json.Serialization.Converters.ObjectDefaultConverter`1.OnTryWrite(Utf8JsonWriter writer, T value, JsonSerializerOptions options, WriteStack& state)
   at System.Text.Json.Serialization.Metadata.JsonPropertyInfo`1.GetMemberAndWriteJson(Object obj, WriteStack& state, Utf8JsonWriter writer)
   at System.Text.Json.Serialization.Converters.ObjectDefaultConverter`1.OnTryWrite(Utf8JsonWriter writer, T value, JsonSerializerOptions options, WriteStack& state)
   at System.Text.Json.Serialization.Converters.IEnumerableDefaultConverter`2.OnWriteResume(Utf8JsonWriter writer, TCollection value, JsonSerializerOptions options, WriteStack& state)
   at System.Text.Json.Serialization.JsonCollectionConverter`2.OnTryWrite(Utf8JsonWriter writer, TCollection value, JsonSerializerOptions options, WriteStack& state)
   at System.Text.Json.Serialization.Metadata.JsonPropertyInfo`1.GetMemberAndWriteJson(Object obj, WriteStack& state, Utf8JsonWriter writer)
   at System.Text.Json.Serialization.Converters.ObjectDefaultConverter`1.OnTryWrite(Utf8JsonWriter writer, T value, JsonSerializerOptions options, WriteStack& state)
   at System.Text.Json.Serialization.Metadata.JsonPropertyInfo`1.GetMemberAndWriteJson(Object obj, WriteStack& state, Utf8JsonWriter writer)
   at System.Text.Json.Serialization.Converters.ObjectDefaultConverter`1.OnTryWrite(Utf8JsonWriter writer, T value, JsonSerializerOptions options, WriteStack& state)
   at System.Text.Json.Serialization.Converters.IEnumerableDefaultConverter`2.OnWriteResume(Utf8JsonWriter writer, TCollection value, JsonSerializerOptions options, WriteStack& state)
   at System.Text.Json.Serialization.JsonCollectionConverter`2.OnTryWrite(Utf8JsonWriter writer, TCollection value, JsonSerializerOptions options, WriteStack& state)
   at System.Text.Json.Serialization.Metadata.JsonPropertyInfo`1.GetMemberAndWriteJson(Object obj, WriteStack& state, Utf8JsonWriter writer)
   at System.Text.Json.Serialization.Converters.ObjectDefaultConverter`1.OnTryWrite(Utf8JsonWriter writer, T value, JsonSerializerOptions options, WriteStack& state)
   at System.Text.Json.Serialization.Metadata.JsonPropertyInfo`1.GetMemberAndWriteJson(Object obj, WriteStack& state, Utf8JsonWriter writer)
   at System.Text.Json.Serialization.Converters.ObjectDefaultConverter`1.OnTryWrite(Utf8JsonWriter writer, T value, JsonSerializerOptions options, WriteStack& state)
   at System.Text.Json.Serialization.Converters.IEnumerableDefaultConverter`2.OnWriteResume(Utf8JsonWriter writer, TCollection value, JsonSerializerOptions options, WriteStack& state)
   at System.Text.Json.Serialization.JsonCollectionConverter`2.OnTryWrite(Utf8JsonWriter writer, TCollection value, JsonSerializerOptions options, WriteStack& state)
   at System.Text.Json.Serialization.Metadata.JsonPropertyInfo`1.GetMemberAndWriteJson(Object obj, WriteStack& state, Utf8JsonWriter writer)
   at System.Text.Json.Serialization.Converters.ObjectDefaultConverter`1.OnTryWrite(Utf8JsonWriter writer, T value, JsonSerializerOptions options, WriteStack& state)
   at System.Text.Json.Serialization.Metadata.JsonPropertyInfo`1.GetMemberAndWriteJson(Object obj, WriteStack& state, Utf8JsonWriter writer)
   at System.Text.Json.Serialization.Converters.ObjectDefaultConverter`1.OnTryWrite(Utf8JsonWriter writer, T value, JsonSerializerOptions options, WriteStack& state)
   at System.Text.Json.Serialization.Converters.IEnumerableDefaultConverter`2.OnWriteResume(Utf8JsonWriter writer, TCollection value, JsonSerializerOptions options, WriteStack& state)
   at System.Text.Json.Serialization.JsonCollectionConverter`2.OnTryWrite(Utf8JsonWriter writer, TCollection value, JsonSerializerOptions options, WriteStack& state)
   at System.Text.Json.Serialization.Metadata.JsonPropertyInfo`1.GetMemberAndWriteJson(Object obj, WriteStack& state, Utf8JsonWriter writer)
   at System.Text.Json.Serialization.Converters.ObjectDefaultConverter`1.OnTryWrite(Utf8JsonWriter writer, T value, JsonSerializerOptions options, WriteStack& state)
   at System.Text.Json.Serialization.Metadata.JsonPropertyInfo`1.GetMemberAndWriteJson(Object obj, WriteStack& state, Utf8JsonWriter writer)
   at System.Text.Json.Serialization.Converters.ObjectDefaultConverter`1.OnTryWrite(Utf8JsonWriter writer, T value, JsonSerializerOptions options, WriteStack& state)
   at System.Text.Json.Serialization.Converters.IEnumerableDefaultConverter`2.OnWriteResume(Utf8JsonWriter writer, TCollection value, JsonSerializerOptions options, WriteStack& state)
   at System.Text.Json.Serialization.JsonCollectionConverter`2.OnTryWrite(Utf8JsonWriter writer, TCollection value, JsonSerializerOptions options, WriteStack& state)
   at System.Text.Json.Serialization.Metadata.JsonPropertyInfo`1.GetMemberAndWriteJson(Object obj, WriteStack& state, Utf8JsonWriter writer)
   at System.Text.Json.Serialization.Converters.ObjectDefaultConverter`1.OnTryWrite(Utf8JsonWriter writer, T value, JsonSerializerOptions options, WriteStack& state)
   at System.Text.Json.Serialization.Metadata.JsonPropertyInfo`1.GetMemberAndWriteJson(Object obj, WriteStack& state, Utf8JsonWriter writer)
   at System.Text.Json.Serialization.Converters.ObjectDefaultConverter`1.OnTryWrite(Utf8JsonWriter writer, T value, JsonSerializerOptions options, WriteStack& state)
   at System.Text.Json.Serialization.Converters.IEnumerableDefaultConverter`2.OnWriteResume(Utf8JsonWriter writer, TCollection value, JsonSerializerOptions options, WriteStack& state)
   at System.Text.Json.Serialization.JsonCollectionConverter`2.OnTryWrite(Utf8JsonWriter writer, TCollection value, JsonSerializerOptions options, WriteStack& state)
   at System.Text.Json.Serialization.Metadata.JsonPropertyInfo`1.GetMemberAndWriteJson(Object obj, WriteStack& state, Utf8JsonWriter writer)
   at System.Text.Json.Serialization.Converters.ObjectDefaultConverter`1.OnTryWrite(Utf8JsonWriter writer, T value, JsonSerializerOptions options, WriteStack& state)
   at System.Text.Json.Serialization.Metadata.JsonPropertyInfo`1.GetMemberAndWriteJson(Object obj, WriteStack& state, Utf8JsonWriter writer)
   at System.Text.Json.Serialization.Converters.ObjectDefaultConverter`1.OnTryWrite(Utf8JsonWriter writer, T value, JsonSerializerOptions options, WriteStack& state)
   at System.Text.Json.Serialization.Converters.IEnumerableDefaultConverter`2.OnWriteResume(Utf8JsonWriter writer, TCollection value, JsonSerializerOptions options, WriteStack& state)
   at System.Text.Json.Serialization.JsonCollectionConverter`2.OnTryWrite(Utf8JsonWriter writer, TCollection value, JsonSerializerOptions options, WriteStack& state)
   at System.Text.Json.Serialization.Metadata.JsonPropertyInfo`1.GetMemberAndWriteJson(Object obj, WriteStack& state, Utf8JsonWriter writer)
   at System.Text.Json.Serialization.Converters.ObjectDefaultConverter`1.OnTryWrite(Utf8JsonWriter writer, T value, JsonSerializerOptions options, WriteStack& state)
   at System.Text.Json.Serialization.Metadata.JsonPropertyInfo`1.GetMemberAndWriteJson(Object obj, WriteStack& state, Utf8JsonWriter writer)
   at System.Text.Json.Serialization.Converters.ObjectDefaultConverter`1.OnTryWrite(Utf8JsonWriter writer, T value, JsonSerializerOptions options, WriteStack& state)
   at System.Text.Json.Serialization.Converters.IEnumerableDefaultConverter`2.OnWriteResume(Utf8JsonWriter writer, TCollection value, JsonSerializerOptions options, WriteStack& state)
   at System.Text.Json.Serialization.JsonCollectionConverter`2.OnTryWrite(Utf8JsonWriter writer, TCollection value, JsonSerializerOptions options, WriteStack& state)
   at System.Text.Json.Serialization.Metadata.JsonPropertyInfo`1.GetMemberAndWriteJson(Object obj, WriteStack& state, Utf8JsonWriter writer)
   at System.Text.Json.Serialization.Converters.ObjectDefaultConverter`1.OnTryWrite(Utf8JsonWriter writer, T value, JsonSerializerOptions options, WriteStack& state)
   at System.Text.Json.Serialization.Metadata.JsonPropertyInfo`1.GetMemberAndWriteJson(Object obj, WriteStack& state, Utf8JsonWriter writer)
   at System.Text.Json.Serialization.Converters.ObjectDefaultConverter`1.OnTryWrite(Utf8JsonWriter writer, T value, JsonSerializerOptions options, WriteStack& state)
   at System.Text.Json.Serialization.Metadata.JsonPropertyInfo`1.GetMemberAndWriteJson(Object obj, WriteStack& state, Utf8JsonWriter writer)
   at System.Text.Json.Serialization.Converters.ObjectDefaultConverter`1.OnTryWrite(Utf8JsonWriter writer, T value, JsonSerializerOptions options, WriteStack& state)
   at System.Text.Json.Serialization.JsonConverter`1.TryWrite(Utf8JsonWriter writer, T& value, JsonSerializerOptions options, WriteStack& state)
   at System.Text.Json.Serialization.JsonConverter`1.WriteCore(Utf8JsonWriter writer, T& value, JsonSerializerOptions options, WriteStack& state)
   at System.Text.Json.Serialization.Metadata.JsonTypeInfo`1.SerializeAsync(PipeWriter pipeWriter, T rootValue, Int32 flushThreshold, CancellationToken cancellationToken, Object rootValueBoxed)
   at System.Text.Json.Serialization.Metadata.JsonTypeInfo`1.SerializeAsync(PipeWriter pipeWriter, T rootValue, Int32 flushThreshold, CancellationToken cancellationToken, Object rootValueBoxed)
   at System.Text.Json.Serialization.Metadata.JsonTypeInfo`1.SerializeAsync(PipeWriter pipeWriter, T rootValue, Int32 flushThreshold, CancellationToken cancellationToken, Object rootValueBoxed)
   at Microsoft.AspNetCore.Mvc.Formatters.SystemTextJsonOutputFormatter.WriteResponseBodyAsync(OutputFormatterWriteContext context, Encoding selectedEncoding)
   at Microsoft.AspNetCore.Mvc.Infrastructure.ResourceInvoker.<InvokeNextResultFilterAsync>g__Awaited|30_0[TFilter,TFilterAsync](ResourceInvoker invoker, Task lastTask, State next, Scope scope, Object state, Boolean isCompleted)
   at Microsoft.AspNetCore.Mvc.Infrastructure.ResourceInvoker.Rethrow(ResultExecutedContextSealed context)
   at Microsoft.AspNetCore.Mvc.Infrastructure.ResourceInvoker.ResultNext[TFilter,TFilterAsync](State& next, Scope& scope, Object& state, Boolean& isCompleted)
   at Microsoft.AspNetCore.Mvc.Infrastructure.ResourceInvoker.InvokeResultFilters()
--- End of stack trace from previous location ---
   at Microsoft.AspNetCore.Mvc.Infrastructure.ResourceInvoker.<InvokeFilterPipelineAsync>g__Awaited|20_0(ResourceInvoker invoker, Task lastTask, State next, Scope scope, Object state, Boolean isCompleted)
   at Microsoft.AspNetCore.Mvc.Infrastructure.ResourceInvoker.<InvokeAsync>g__Awaited|17_0(ResourceInvoker invoker, Task task, IDisposable scope)
   at Microsoft.AspNetCore.Mvc.Infrastructure.ResourceInvoker.<InvokeAsync>g__Awaited|17_0(ResourceInvoker invoker, Task task, IDisposable scope)
   at Freshwalk.API.Logging.AuditRequestLoggingMiddleware.InvokeAsync(HttpContext context, RequestDelegate next) in D:\Projects\Freshwalk Shoe Cleaning web app\API\Freshwalk.API\Logging\AuditRequestLoggingMiddleware.cs:line 63
   at Freshwalk.API.Logging.AuditRequestLoggingMiddleware.InvokeAsync(HttpContext context, RequestDelegate next) in D:\Projects\Freshwalk Shoe Cleaning web app\API\Freshwalk.API\Logging\AuditRequestLoggingMiddleware.cs:line 91
   at Freshwalk.API.Logging.AuditRequestLoggingMiddleware.InvokeAsync(HttpContext context, RequestDelegate next) in D:\Projects\Freshwalk Shoe Cleaning web app\API\Freshwalk.API\Logging\AuditRequestLoggingMiddleware.cs:line 91
   at Microsoft.AspNetCore.Builder.UseMiddlewareExtensions.InterfaceMiddlewareBinder.<>c__DisplayClass2_0.<<CreateMiddleware>b__0>d.MoveNext()
--- End of stack trace from previous location ---
   at Microsoft.AspNetCore.Authorization.AuthorizationMiddleware.Invoke(HttpContext context)
   at Microsoft.AspNetCore.Authentication.AuthenticationMiddleware.Invoke(HttpContext context)
   at Serilog.AspNetCore.RequestLoggingMiddleware.Invoke(HttpContext httpContext)
2026-03-29 13:16:18.023 +03:00 [ERR] An unhandled exception has occurred while executing the request.
System.Text.Json.JsonException: A possible object cycle was detected. This can either be due to a cycle or if the object depth is larger than the maximum allowed depth of 32. Consider using ReferenceHandler.Preserve on JsonSerializerOptions to support cycles. Path: $.Booking.Customer.Bookings.Customer.Bookings.Customer.Bookings.Customer.Bookings.Customer.Bookings.Customer.Bookings.Customer.Bookings.Customer.Bookings.Customer.Bookings.Customer.Bookings.Id.
   at System.Text.Json.ThrowHelper.ThrowJsonException_SerializerCycleDetected(Int32 maxDepth)
   at System.Text.Json.Serialization.Metadata.JsonPropertyInfo`1.GetMemberAndWriteJson(Object obj, WriteStack& state, Utf8JsonWriter writer)
   at System.Text.Json.Serialization.Converters.ObjectDefaultConverter`1.OnTryWrite(Utf8JsonWriter writer, T value, JsonSerializerOptions options, WriteStack& state)
   at System.Text.Json.Serialization.Converters.IEnumerableDefaultConverter`2.OnWriteResume(Utf8JsonWriter writer, TCollection value, JsonSerializerOptions options, WriteStack& state)
   at System.Text.Json.Serialization.JsonCollectionConverter`2.OnTryWrite(Utf8JsonWriter writer, TCollection value, JsonSerializerOptions options, WriteStack& state)
   at System.Text.Json.Serialization.Metadata.JsonPropertyInfo`1.GetMemberAndWriteJson(Object obj, WriteStack& state, Utf8JsonWriter writer)
   at System.Text.Json.Serialization.Converters.ObjectDefaultConverter`1.OnTryWrite(Utf8JsonWriter writer, T value, JsonSerializerOptions options, WriteStack& state)
   at System.Text.Json.Serialization.Metadata.JsonPropertyInfo`1.GetMemberAndWriteJson(Object obj, WriteStack& state, Utf8JsonWriter writer)
   at System.Text.Json.Serialization.Converters.ObjectDefaultConverter`1.OnTryWrite(Utf8JsonWriter writer, T value, JsonSerializerOptions options, WriteStack& state)
   at System.Text.Json.Serialization.Converters.IEnumerableDefaultConverter`2.OnWriteResume(Utf8JsonWriter writer, TCollection value, JsonSerializerOptions options, WriteStack& state)
   at System.Text.Json.Serialization.JsonCollectionConverter`2.OnTryWrite(Utf8JsonWriter writer, TCollection value, JsonSerializerOptions options, WriteStack& state)
   at System.Text.Json.Serialization.Metadata.JsonPropertyInfo`1.GetMemberAndWriteJson(Object obj, WriteStack& state, Utf8JsonWriter writer)
   at System.Text.Json.Serialization.Converters.ObjectDefaultConverter`1.OnTryWrite(Utf8JsonWriter writer, T value, JsonSerializerOptions options, WriteStack& state)
   at System.Text.Json.Serialization.Metadata.JsonPropertyInfo`1.GetMemberAndWriteJson(Object obj, WriteStack& state, Utf8JsonWriter writer)
   at System.Text.Json.Serialization.Converters.ObjectDefaultConverter`1.OnTryWrite(Utf8JsonWriter writer, T value, JsonSerializerOptions options, WriteStack& state)
   at System.Text.Json.Serialization.Converters.IEnumerableDefaultConverter`2.OnWriteResume(Utf8JsonWriter writer, TCollection value, JsonSerializerOptions options, WriteStack& state)
   at System.Text.Json.Serialization.JsonCollectionConverter`2.OnTryWrite(Utf8JsonWriter writer, TCollection value, JsonSerializerOptions options, WriteStack& state)
   at System.Text.Json.Serialization.Metadata.JsonPropertyInfo`1.GetMemberAndWriteJson(Object obj, WriteStack& state, Utf8JsonWriter writer)
   at System.Text.Json.Serialization.Converters.ObjectDefaultConverter`1.OnTryWrite(Utf8JsonWriter writer, T value, JsonSerializerOptions options, WriteStack& state)
   at System.Text.Json.Serialization.Metadata.JsonPropertyInfo`1.GetMemberAndWriteJson(Object obj, WriteStack& state, Utf8JsonWriter writer)
   at System.Text.Json.Serialization.Converters.ObjectDefaultConverter`1.OnTryWrite(Utf8JsonWriter writer, T value, JsonSerializerOptions options, WriteStack& state)
   at System.Text.Json.Serialization.Converters.IEnumerableDefaultConverter`2.OnWriteResume(Utf8JsonWriter writer, TCollection value, JsonSerializerOptions options, WriteStack& state)
   at System.Text.Json.Serialization.JsonCollectionConverter`2.OnTryWrite(Utf8JsonWriter writer, TCollection value, JsonSerializerOptions options, WriteStack& state)
   at System.Text.Json.Serialization.Metadata.JsonPropertyInfo`1.GetMemberAndWriteJson(Object obj, WriteStack& state, Utf8JsonWriter writer)
   at System.Text.Json.Serialization.Converters.ObjectDefaultConverter`1.OnTryWrite(Utf8JsonWriter writer, T value, JsonSerializerOptions options, WriteStack& state)
   at System.Text.Json.Serialization.Metadata.JsonPropertyInfo`1.GetMemberAndWriteJson(Object obj, WriteStack& state, Utf8JsonWriter writer)
   at System.Text.Json.Serialization.Converters.ObjectDefaultConverter`1.OnTryWrite(Utf8JsonWriter writer, T value, JsonSerializerOptions options, WriteStack& state)
   at System.Text.Json.Serialization.Converters.IEnumerableDefaultConverter`2.OnWriteResume(Utf8JsonWriter writer, TCollection value, JsonSerializerOptions options, WriteStack& state)
   at System.Text.Json.Serialization.JsonCollectionConverter`2.OnTryWrite(Utf8JsonWriter writer, TCollection value, JsonSerializerOptions options, WriteStack& state)
   at System.Text.Json.Serialization.Metadata.JsonPropertyInfo`1.GetMemberAndWriteJson(Object obj, WriteStack& state, Utf8JsonWriter writer)
   at System.Text.Json.Serialization.Converters.ObjectDefaultConverter`1.OnTryWrite(Utf8JsonWriter writer, T value, JsonSerializerOptions options, WriteStack& state)
   at System.Text.Json.Serialization.Metadata.JsonPropertyInfo`1.GetMemberAndWriteJson(Object obj, WriteStack& state, Utf8JsonWriter writer)
   at System.Text.Json.Serialization.Converters.ObjectDefaultConverter`1.OnTryWrite(Utf8JsonWriter writer, T value, JsonSerializerOptions options, WriteStack& state)
   at System.Text.Json.Serialization.Converters.IEnumerableDefaultConverter`2.OnWriteResume(Utf8JsonWriter writer, TCollection value, JsonSerializerOptions options, WriteStack& state)
   at System.Text.Json.Serialization.JsonCollectionConverter`2.OnTryWrite(Utf8JsonWriter writer, TCollection value, JsonSerializerOptions options, WriteStack& state)
   at System.Text.Json.Serialization.Metadata.JsonPropertyInfo`1.GetMemberAndWriteJson(Object obj, WriteStack& state, Utf8JsonWriter writer)
   at System.Text.Json.Serialization.Converters.ObjectDefaultConverter`1.OnTryWrite(Utf8JsonWriter writer, T value, JsonSerializerOptions options, WriteStack& state)
   at System.Text.Json.Serialization.Metadata.JsonPropertyInfo`1.GetMemberAndWriteJson(Object obj, WriteStack& state, Utf8JsonWriter writer)
   at System.Text.Json.Serialization.Converters.ObjectDefaultConverter`1.OnTryWrite(Utf8JsonWriter writer, T value, JsonSerializerOptions options, WriteStack& state)
   at System.Text.Json.Serialization.Converters.IEnumerableDefaultConverter`2.OnWriteResume(Utf8JsonWriter writer, TCollection value, JsonSerializerOptions options, WriteStack& state)
   at System.Text.Json.Serialization.JsonCollectionConverter`2.OnTryWrite(Utf8JsonWriter writer, TCollection value, JsonSerializerOptions options, WriteStack& state)
   at System.Text.Json.Serialization.Metadata.JsonPropertyInfo`1.GetMemberAndWriteJson(Object obj, WriteStack& state, Utf8JsonWriter writer)
   at System.Text.Json.Serialization.Converters.ObjectDefaultConverter`1.OnTryWrite(Utf8JsonWriter writer, T value, JsonSerializerOptions options, WriteStack& state)
   at System.Text.Json.Serialization.Metadata.JsonPropertyInfo`1.GetMemberAndWriteJson(Object obj, WriteStack& state, Utf8JsonWriter writer)
   at System.Text.Json.Serialization.Converters.ObjectDefaultConverter`1.OnTryWrite(Utf8JsonWriter writer, T value, JsonSerializerOptions options, WriteStack& state)
   at System.Text.Json.Serialization.Converters.IEnumerableDefaultConverter`2.OnWriteResume(Utf8JsonWriter writer, TCollection value, JsonSerializerOptions options, WriteStack& state)
   at System.Text.Json.Serialization.JsonCollectionConverter`2.OnTryWrite(Utf8JsonWriter writer, TCollection value, JsonSerializerOptions options, WriteStack& state)
   at System.Text.Json.Serialization.Metadata.JsonPropertyInfo`1.GetMemberAndWriteJson(Object obj, WriteStack& state, Utf8JsonWriter writer)
   at System.Text.Json.Serialization.Converters.ObjectDefaultConverter`1.OnTryWrite(Utf8JsonWriter writer, T value, JsonSerializerOptions options, WriteStack& state)
   at System.Text.Json.Serialization.Metadata.JsonPropertyInfo`1.GetMemberAndWriteJson(Object obj, WriteStack& state, Utf8JsonWriter writer)
   at System.Text.Json.Serialization.Converters.ObjectDefaultConverter`1.OnTryWrite(Utf8JsonWriter writer, T value, JsonSerializerOptions options, WriteStack& state)
   at System.Text.Json.Serialization.Converters.IEnumerableDefaultConverter`2.OnWriteResume(Utf8JsonWriter writer, TCollection value, JsonSerializerOptions options, WriteStack& state)
   at System.Text.Json.Serialization.JsonCollectionConverter`2.OnTryWrite(Utf8JsonWriter writer, TCollection value, JsonSerializerOptions options, WriteStack& state)
   at System.Text.Json.Serialization.Metadata.JsonPropertyInfo`1.GetMemberAndWriteJson(Object obj, WriteStack& state, Utf8JsonWriter writer)
   at System.Text.Json.Serialization.Converters.ObjectDefaultConverter`1.OnTryWrite(Utf8JsonWriter writer, T value, JsonSerializerOptions options, WriteStack& state)
   at System.Text.Json.Serialization.Metadata.JsonPropertyInfo`1.GetMemberAndWriteJson(Object obj, WriteStack& state, Utf8JsonWriter writer)
   at System.Text.Json.Serialization.Converters.ObjectDefaultConverter`1.OnTryWrite(Utf8JsonWriter writer, T value, JsonSerializerOptions options, WriteStack& state)
   at System.Text.Json.Serialization.Converters.IEnumerableDefaultConverter`2.OnWriteResume(Utf8JsonWriter writer, TCollection value, JsonSerializerOptions options, WriteStack& state)
   at System.Text.Json.Serialization.JsonCollectionConverter`2.OnTryWrite(Utf8JsonWriter writer, TCollection value, JsonSerializerOptions options, WriteStack& state)
   at System.Text.Json.Serialization.Metadata.JsonPropertyInfo`1.GetMemberAndWriteJson(Object obj, WriteStack& state, Utf8JsonWriter writer)
   at System.Text.Json.Serialization.Converters.ObjectDefaultConverter`1.OnTryWrite(Utf8JsonWriter writer, T value, JsonSerializerOptions options, WriteStack& state)
   at System.Text.Json.Serialization.Metadata.JsonPropertyInfo`1.GetMemberAndWriteJson(Object obj, WriteStack& state, Utf8JsonWriter writer)
   at System.Text.Json.Serialization.Converters.ObjectDefaultConverter`1.OnTryWrite(Utf8JsonWriter writer, T value, JsonSerializerOptions options, WriteStack& state)
   at System.Text.Json.Serialization.Metadata.JsonPropertyInfo`1.GetMemberAndWriteJson(Object obj, WriteStack& state, Utf8JsonWriter writer)
   at System.Text.Json.Serialization.Converters.ObjectDefaultConverter`1.OnTryWrite(Utf8JsonWriter writer, T value, JsonSerializerOptions options, WriteStack& state)
   at System.Text.Json.Serialization.JsonConverter`1.TryWrite(Utf8JsonWriter writer, T& value, JsonSerializerOptions options, WriteStack& state)
   at System.Text.Json.Serialization.JsonConverter`1.WriteCore(Utf8JsonWriter writer, T& value, JsonSerializerOptions options, WriteStack& state)
   at System.Text.Json.Serialization.Metadata.JsonTypeInfo`1.SerializeAsync(PipeWriter pipeWriter, T rootValue, Int32 flushThreshold, CancellationToken cancellationToken, Object rootValueBoxed)
   at System.Text.Json.Serialization.Metadata.JsonTypeInfo`1.SerializeAsync(PipeWriter pipeWriter, T rootValue, Int32 flushThreshold, CancellationToken cancellationToken, Object rootValueBoxed)
   at System.Text.Json.Serialization.Metadata.JsonTypeInfo`1.SerializeAsync(PipeWriter pipeWriter, T rootValue, Int32 flushThreshold, CancellationToken cancellationToken, Object rootValueBoxed)
   at Microsoft.AspNetCore.Mvc.Formatters.SystemTextJsonOutputFormatter.WriteResponseBodyAsync(OutputFormatterWriteContext context, Encoding selectedEncoding)
   at Microsoft.AspNetCore.Mvc.Infrastructure.ResourceInvoker.<InvokeNextResultFilterAsync>g__Awaited|30_0[TFilter,TFilterAsync](ResourceInvoker invoker, Task lastTask, State next, Scope scope, Object state, Boolean isCompleted)
   at Microsoft.AspNetCore.Mvc.Infrastructure.ResourceInvoker.Rethrow(ResultExecutedContextSealed context)
   at Microsoft.AspNetCore.Mvc.Infrastructure.ResourceInvoker.ResultNext[TFilter,TFilterAsync](State& next, Scope& scope, Object& state, Boolean& isCompleted)
   at Microsoft.AspNetCore.Mvc.Infrastructure.ResourceInvoker.InvokeResultFilters()
--- End of stack trace from previous location ---
   at Microsoft.AspNetCore.Mvc.Infrastructure.ResourceInvoker.<InvokeFilterPipelineAsync>g__Awaited|20_0(ResourceInvoker invoker, Task lastTask, State next, Scope scope, Object state, Boolean isCompleted)
   at Microsoft.AspNetCore.Mvc.Infrastructure.ResourceInvoker.<InvokeAsync>g__Awaited|17_0(ResourceInvoker invoker, Task task, IDisposable scope)
   at Microsoft.AspNetCore.Mvc.Infrastructure.ResourceInvoker.<InvokeAsync>g__Awaited|17_0(ResourceInvoker invoker, Task task, IDisposable scope)
   at Freshwalk.API.Logging.AuditRequestLoggingMiddleware.InvokeAsync(HttpContext context, RequestDelegate next) in D:\Projects\Freshwalk Shoe Cleaning web app\API\Freshwalk.API\Logging\AuditRequestLoggingMiddleware.cs:line 63
   at Freshwalk.API.Logging.AuditRequestLoggingMiddleware.InvokeAsync(HttpContext context, RequestDelegate next) in D:\Projects\Freshwalk Shoe Cleaning web app\API\Freshwalk.API\Logging\AuditRequestLoggingMiddleware.cs:line 91
   at Freshwalk.API.Logging.AuditRequestLoggingMiddleware.InvokeAsync(HttpContext context, RequestDelegate next) in D:\Projects\Freshwalk Shoe Cleaning web app\API\Freshwalk.API\Logging\AuditRequestLoggingMiddleware.cs:line 91
   at Microsoft.AspNetCore.Builder.UseMiddlewareExtensions.InterfaceMiddlewareBinder.<>c__DisplayClass2_0.<<CreateMiddleware>b__0>d.MoveNext()
--- End of stack trace from previous location ---
   at Microsoft.AspNetCore.Authorization.AuthorizationMiddleware.Invoke(HttpContext context)
   at Microsoft.AspNetCore.Authentication.AuthenticationMiddleware.Invoke(HttpContext context)
   at Serilog.AspNetCore.RequestLoggingMiddleware.Invoke(HttpContext httpContext)
   at Swashbuckle.AspNetCore.SwaggerUI.SwaggerUIMiddleware.Invoke(HttpContext httpContext)
   at Swashbuckle.AspNetCore.Swagger.SwaggerMiddleware.Invoke(HttpContext httpContext, ISwaggerProvider swaggerProvider)
   at Microsoft.AspNetCore.Diagnostics.DeveloperExceptionPageMiddlewareImpl.Invoke(HttpContext context)
2026-03-29 13:16:45.698 +03:00 [INF] HTTP OPTIONS /api/rider/orders responded 204 in 0.0394 ms
2026-03-29 13:16:45.702 +03:00 [INF] HTTP OPTIONS /api/rider/orders responded 204 in 0.0285 ms
2026-03-29 13:16:46.006 +03:00 [INF] Executed DbCommand (226ms) [Parameters=[@__riderId_0='?' (DbType = Guid)], CommandType='"Text"', CommandTimeout='30']
SELECT o."Id", o."AssignedAt", o."AssignmentReference", o."AssignmentType", o."CompletedAt", o."Notes", o."OrderId", o."RiderId", o."Status", o0."Id", o0."AgentId", o0."BookingId", o0."CleaningCompletedAt", o0."CleaningStartedAt", o0."CustomerId", o0."DeliveredAt", o0."DeliveryOtp", o0."DeliveryOtpExpiresAt", o0."DeliveryOtpVerifiedAt", o0."OrderReference", o0."PickedUpAt", o0."PickupOtp", o0."PickupOtpExpiresAt", o0."PickupOtpVerifiedAt", o0."Status", b."Id", b."AddOns", b."BookingReference", b."BundleDiscountPercent", b."CreatedAt", b."CustomerId", b."DiscountAmountKes", b."NubuckLines", b."OfficialLeatherLines", b."PickupAddress", b."PickupLatitude", b."PickupLocationUrl", b."PickupLongitude", b."PriceKes", b."SneakersLines", b."Status", b."SubtotalBeforeDiscountKes", b."SuedeLines", b."TotalPairs"
FROM "OrderRiderAssignments" AS o
INNER JOIN "Orders" AS o0 ON o."OrderId" = o0."Id"
INNER JOIN "Bookings" AS b ON o0."BookingId" = b."Id"
WHERE o."RiderId" = @__riderId_0 AND ((o."AssignmentType" = 'Pickup' AND o0."Status" IN ('PickupRiderAssigned', 'InTransitToShop')) OR (o."AssignmentType" = 'Delivery' AND o0."Status" IN ('DeliveryRiderAssigned', 'InTransitToCustomer')))
ORDER BY o."AssignedAt" DESC
2026-03-29 13:16:46.178 +03:00 [INF] Executed DbCommand (158ms) [Parameters=[@__p_0='?' (DbType = Guid)], CommandType='"Text"', CommandTimeout='30']
SELECT f."Id", f."AccessFailedCount", f."Address", f."ConcurrencyStamp", f."CreatedAt", f."CustomerReference", f."Email", f."EmailConfirmed", f."FullName", f."IsActive", f."LockoutEnabled", f."LockoutEnd", f."NormalizedEmail", f."NormalizedUserName", f."PasswordHash", f."PhoneNumber", f."PhoneNumberConfirmed", f."SecurityStamp", f."TwoFactorEnabled", f."UserName"
FROM "FreshwalkUsers" AS f
WHERE f."Id" = @__p_0
LIMIT 1
2026-03-29 13:16:46.185 +03:00 [INF] HTTP GET /api/rider/orders responded 200 in 469.3429 ms
2026-03-29 13:16:46.242 +03:00 [INF] Executed DbCommand (219ms) [Parameters=[@__riderId_0='?' (DbType = Guid)], CommandType='"Text"', CommandTimeout='30']
SELECT o."Id", o."AssignedAt", o."AssignmentReference", o."AssignmentType", o."CompletedAt", o."Notes", o."OrderId", o."RiderId", o."Status", o0."Id", o0."AgentId", o0."BookingId", o0."CleaningCompletedAt", o0."CleaningStartedAt", o0."CustomerId", o0."DeliveredAt", o0."DeliveryOtp", o0."DeliveryOtpExpiresAt", o0."DeliveryOtpVerifiedAt", o0."OrderReference", o0."PickedUpAt", o0."PickupOtp", o0."PickupOtpExpiresAt", o0."PickupOtpVerifiedAt", o0."Status", b."Id", b."AddOns", b."BookingReference", b."BundleDiscountPercent", b."CreatedAt", b."CustomerId", b."DiscountAmountKes", b."NubuckLines", b."OfficialLeatherLines", b."PickupAddress", b."PickupLatitude", b."PickupLocationUrl", b."PickupLongitude", b."PriceKes", b."SneakersLines", b."Status", b."SubtotalBeforeDiscountKes", b."SuedeLines", b."TotalPairs"
FROM "OrderRiderAssignments" AS o
INNER JOIN "Orders" AS o0 ON o."OrderId" = o0."Id"
INNER JOIN "Bookings" AS b ON o0."BookingId" = b."Id"
WHERE o."RiderId" = @__riderId_0 AND ((o."AssignmentType" = 'Pickup' AND o0."Status" IN ('PickupRiderAssigned', 'InTransitToShop')) OR (o."AssignmentType" = 'Delivery' AND o0."Status" IN ('DeliveryRiderAssigned', 'InTransitToCustomer')))
ORDER BY o."AssignedAt" DESC
2026-03-29 13:16:46.545 +03:00 [INF] Executed DbCommand (296ms) [Parameters=[@__p_0='?' (DbType = Guid)], CommandType='"Text"', CommandTimeout='30']
SELECT f."Id", f."AccessFailedCount", f."Address", f."ConcurrencyStamp", f."CreatedAt", f."CustomerReference", f."Email", f."EmailConfirmed", f."FullName", f."IsActive", f."LockoutEnabled", f."LockoutEnd", f."NormalizedEmail", f."NormalizedUserName", f."PasswordHash", f."PhoneNumber", f."PhoneNumberConfirmed", f."SecurityStamp", f."TwoFactorEnabled", f."UserName"
FROM "FreshwalkUsers" AS f
WHERE f."Id" = @__p_0
LIMIT 1
2026-03-29 13:16:46.552 +03:00 [INF] HTTP GET /api/rider/orders responded 200 in 531.1666 ms
2026-03-29 13:16:49.695 +03:00 [INF] HTTP OPTIONS /api/rider/orders/21381961-9ec7-45ff-887a-288a0e1ea182 responded 204 in 0.0339 ms
2026-03-29 13:16:49.698 +03:00 [INF] HTTP OPTIONS /api/rider/orders/21381961-9ec7-45ff-887a-288a0e1ea182 responded 204 in 0.0347 ms
2026-03-29 13:16:49.865 +03:00 [INF] Executed DbCommand (158ms) [Parameters=[@__orderId_0='?' (DbType = Guid), @__riderId_1='?' (DbType = Guid)], CommandType='"Text"', CommandTimeout='30']
SELECT o."Id", o."AssignedAt", o."AssignmentReference", o."AssignmentType", o."CompletedAt", o."Notes", o."OrderId", o."RiderId", o."Status", o0."Id", o0."AgentId", o0."BookingId", o0."CleaningCompletedAt", o0."CleaningStartedAt", o0."CustomerId", o0."DeliveredAt", o0."DeliveryOtp", o0."DeliveryOtpExpiresAt", o0."DeliveryOtpVerifiedAt", o0."OrderReference", o0."PickedUpAt", o0."PickupOtp", o0."PickupOtpExpiresAt", o0."PickupOtpVerifiedAt", o0."Status", b."Id", b."AddOns", b."BookingReference", b."BundleDiscountPercent", b."CreatedAt", b."CustomerId", b."DiscountAmountKes", b."NubuckLines", b."OfficialLeatherLines", b."PickupAddress", b."PickupLatitude", b."PickupLocationUrl", b."PickupLongitude", b."PriceKes", b."SneakersLines", b."Status", b."SubtotalBeforeDiscountKes", b."SuedeLines", b."TotalPairs", f."Id", f."AccessFailedCount", f."Address", f."ConcurrencyStamp", f."CreatedAt", f."CustomerReference", f."Email", f."EmailConfirmed", f."FullName", f."IsActive", f."LockoutEnabled", f."LockoutEnd", f."NormalizedEmail", f."NormalizedUserName", f."PasswordHash", f."PhoneNumber", f."PhoneNumberConfirmed", f."SecurityStamp", f."TwoFactorEnabled", f."UserName"
FROM "OrderRiderAssignments" AS o
INNER JOIN "Orders" AS o0 ON o."OrderId" = o0."Id"
INNER JOIN "Bookings" AS b ON o0."BookingId" = b."Id"
INNER JOIN "FreshwalkUsers" AS f ON b."CustomerId" = f."Id"
WHERE o."OrderId" = @__orderId_0 AND o."RiderId" = @__riderId_1
ORDER BY o."AssignedAt" DESC
LIMIT 1
2026-03-29 13:16:50.087 +03:00 [INF] Executed DbCommand (217ms) [Parameters=[@__p_0='?' (DbType = Guid)], CommandType='"Text"', CommandTimeout='30']
SELECT f."Id", f."AccessFailedCount", f."Address", f."ConcurrencyStamp", f."CreatedAt", f."CustomerReference", f."Email", f."EmailConfirmed", f."FullName", f."IsActive", f."LockoutEnabled", f."LockoutEnd", f."NormalizedEmail", f."NormalizedUserName", f."PasswordHash", f."PhoneNumber", f."PhoneNumberConfirmed", f."SecurityStamp", f."TwoFactorEnabled", f."UserName"
FROM "FreshwalkUsers" AS f
WHERE f."Id" = @__p_0
LIMIT 1
2026-03-29 13:16:50.090 +03:00 [INF] Executed DbCommand (218ms) [Parameters=[@__orderId_0='?' (DbType = Guid), @__riderId_1='?' (DbType = Guid)], CommandType='"Text"', CommandTimeout='30']
SELECT o."Id", o."AssignedAt", o."AssignmentReference", o."AssignmentType", o."CompletedAt", o."Notes", o."OrderId", o."RiderId", o."Status", o0."Id", o0."AgentId", o0."BookingId", o0."CleaningCompletedAt", o0."CleaningStartedAt", o0."CustomerId", o0."DeliveredAt", o0."DeliveryOtp", o0."DeliveryOtpExpiresAt", o0."DeliveryOtpVerifiedAt", o0."OrderReference", o0."PickedUpAt", o0."PickupOtp", o0."PickupOtpExpiresAt", o0."PickupOtpVerifiedAt", o0."Status", b."Id", b."AddOns", b."BookingReference", b."BundleDiscountPercent", b."CreatedAt", b."CustomerId", b."DiscountAmountKes", b."NubuckLines", b."OfficialLeatherLines", b."PickupAddress", b."PickupLatitude", b."PickupLocationUrl", b."PickupLongitude", b."PriceKes", b."SneakersLines", b."Status", b."SubtotalBeforeDiscountKes", b."SuedeLines", b."TotalPairs", f."Id", f."AccessFailedCount", f."Address", f."ConcurrencyStamp", f."CreatedAt", f."CustomerReference", f."Email", f."EmailConfirmed", f."FullName", f."IsActive", f."LockoutEnabled", f."LockoutEnd", f."NormalizedEmail", f."NormalizedUserName", f."PasswordHash", f."PhoneNumber", f."PhoneNumberConfirmed", f."SecurityStamp", f."TwoFactorEnabled", f."UserName"
FROM "OrderRiderAssignments" AS o
INNER JOIN "Orders" AS o0 ON o."OrderId" = o0."Id"
INNER JOIN "Bookings" AS b ON o0."BookingId" = b."Id"
INNER JOIN "FreshwalkUsers" AS f ON b."CustomerId" = f."Id"
WHERE o."OrderId" = @__orderId_0 AND o."RiderId" = @__riderId_1
ORDER BY o."AssignedAt" DESC
LIMIT 1
2026-03-29 13:16:50.092 +03:00 [INF] HTTP GET /api/rider/orders/21381961-9ec7-45ff-887a-288a0e1ea182 responded 200 in 386.9756 ms
2026-03-29 13:16:50.247 +03:00 [INF] Executed DbCommand (152ms) [Parameters=[@__p_0='?' (DbType = Guid)], CommandType='"Text"', CommandTimeout='30']
SELECT f."Id", f."AccessFailedCount", f."Address", f."ConcurrencyStamp", f."CreatedAt", f."CustomerReference", f."Email", f."EmailConfirmed", f."FullName", f."IsActive", f."LockoutEnabled", f."LockoutEnd", f."NormalizedEmail", f."NormalizedUserName", f."PasswordHash", f."PhoneNumber", f."PhoneNumberConfirmed", f."SecurityStamp", f."TwoFactorEnabled", f."UserName"
FROM "FreshwalkUsers" AS f
WHERE f."Id" = @__p_0
LIMIT 1
2026-03-29 13:16:50.255 +03:00 [INF] HTTP GET /api/rider/orders/21381961-9ec7-45ff-887a-288a0e1ea182 responded 200 in 384.4334 ms
2026-03-29 13:16:58.805 +03:00 [INF] HTTP OPTIONS /api/bookings/mine responded 204 in 0.0353 ms
2026-03-29 13:16:58.808 +03:00 [INF] HTTP OPTIONS /api/bookings/mine responded 204 in 0.0281 ms
2026-03-29 13:16:59.051 +03:00 [INF] Executed DbCommand (237ms) [Parameters=[@__customerId_0='?' (DbType = Guid)], CommandType='"Text"', CommandTimeout='30']
SELECT f."CustomerReference"
FROM "FreshwalkUsers" AS f
WHERE f."Id" = @__customerId_0
LIMIT 1
2026-03-29 13:16:59.371 +03:00 [INF] Executed DbCommand (313ms) [Parameters=[@__customerId_0='?' (DbType = Guid)], CommandType='"Text"', CommandTimeout='30']
SELECT b."Id", b."AddOns", b."BookingReference", b."BundleDiscountPercent", b."CreatedAt", b."CustomerId", b."DiscountAmountKes", b."NubuckLines", b."OfficialLeatherLines", b."PickupAddress", b."PickupLatitude", b."PickupLocationUrl", b."PickupLongitude", b."PriceKes", b."SneakersLines", b."Status", b."SubtotalBeforeDiscountKes", b."SuedeLines", b."TotalPairs", p."Id", p."Amount", p."BookingId", p."CreatedAt", p."MpesaCheckoutRequestId", p."MpesaMerchantRequestId", p."MpesaReceipt", p."PayerPhoneNumber", p."PaymentReference", p."Status", o."Id", o."AgentId", o."BookingId", o."CleaningCompletedAt", o."CleaningStartedAt", o."CustomerId", o."DeliveredAt", o."DeliveryOtp", o."DeliveryOtpExpiresAt", o."DeliveryOtpVerifiedAt", o."OrderReference", o."PickedUpAt", o."PickupOtp", o."PickupOtpExpiresAt", o."PickupOtpVerifiedAt", o."Status"
FROM "Bookings" AS b
LEFT JOIN "Payments" AS p ON b."Id" = p."BookingId"
LEFT JOIN "Orders" AS o ON b."Id" = o."BookingId"
WHERE b."CustomerId" = @__customerId_0
ORDER BY b."CreatedAt" DESC
2026-03-29 13:16:59.557 +03:00 [INF] Executed DbCommand (177ms) [Parameters=[@__p_0='?' (DbType = Guid)], CommandType='"Text"', CommandTimeout='30']
SELECT f."Id", f."AccessFailedCount", f."Address", f."ConcurrencyStamp", f."CreatedAt", f."CustomerReference", f."Email", f."EmailConfirmed", f."FullName", f."IsActive", f."LockoutEnabled", f."LockoutEnd", f."NormalizedEmail", f."NormalizedUserName", f."PasswordHash", f."PhoneNumber", f."PhoneNumberConfirmed", f."SecurityStamp", f."TwoFactorEnabled", f."UserName"
FROM "FreshwalkUsers" AS f
WHERE f."Id" = @__p_0
LIMIT 1
2026-03-29 13:16:59.563 +03:00 [INF] HTTP GET /api/bookings/mine responded 200 in 752.0367 ms
2026-03-29 13:16:59.622 +03:00 [INF] Executed DbCommand (239ms) [Parameters=[@__customerId_0='?' (DbType = Guid)], CommandType='"Text"', CommandTimeout='30']
SELECT f."CustomerReference"
FROM "FreshwalkUsers" AS f
WHERE f."Id" = @__customerId_0
LIMIT 1
2026-03-29 13:16:59.988 +03:00 [INF] Executed DbCommand (360ms) [Parameters=[@__customerId_0='?' (DbType = Guid)], CommandType='"Text"', CommandTimeout='30']
SELECT b."Id", b."AddOns", b."BookingReference", b."BundleDiscountPercent", b."CreatedAt", b."CustomerId", b."DiscountAmountKes", b."NubuckLines", b."OfficialLeatherLines", b."PickupAddress", b."PickupLatitude", b."PickupLocationUrl", b."PickupLongitude", b."PriceKes", b."SneakersLines", b."Status", b."SubtotalBeforeDiscountKes", b."SuedeLines", b."TotalPairs", p."Id", p."Amount", p."BookingId", p."CreatedAt", p."MpesaCheckoutRequestId", p."MpesaMerchantRequestId", p."MpesaReceipt", p."PayerPhoneNumber", p."PaymentReference", p."Status", o."Id", o."AgentId", o."BookingId", o."CleaningCompletedAt", o."CleaningStartedAt", o."CustomerId", o."DeliveredAt", o."DeliveryOtp", o."DeliveryOtpExpiresAt", o."DeliveryOtpVerifiedAt", o."OrderReference", o."PickedUpAt", o."PickupOtp", o."PickupOtpExpiresAt", o."PickupOtpVerifiedAt", o."Status"
FROM "Bookings" AS b
LEFT JOIN "Payments" AS p ON b."Id" = p."BookingId"
LEFT JOIN "Orders" AS o ON b."Id" = o."BookingId"
WHERE b."CustomerId" = @__customerId_0
ORDER BY b."CreatedAt" DESC
2026-03-29 13:17:00.167 +03:00 [INF] Executed DbCommand (172ms) [Parameters=[@__p_0='?' (DbType = Guid)], CommandType='"Text"', CommandTimeout='30']
SELECT f."Id", f."AccessFailedCount", f."Address", f."ConcurrencyStamp", f."CreatedAt", f."CustomerReference", f."Email", f."EmailConfirmed", f."FullName", f."IsActive", f."LockoutEnabled", f."LockoutEnd", f."NormalizedEmail", f."NormalizedUserName", f."PasswordHash", f."PhoneNumber", f."PhoneNumberConfirmed", f."SecurityStamp", f."TwoFactorEnabled", f."UserName"
FROM "FreshwalkUsers" AS f
WHERE f."Id" = @__p_0
LIMIT 1
2026-03-29 13:17:00.172 +03:00 [INF] HTTP GET /api/bookings/mine responded 200 in 791.8090 ms
2026-03-29 13:17:06.349 +03:00 [INF] HTTP OPTIONS /api/customer/orders/21381961-9ec7-45ff-887a-288a0e1ea182/verify-pickup-otp responded 204 in 0.0267 ms
2026-03-29 13:17:06.642 +03:00 [INF] Executed DbCommand (284ms) [Parameters=[@__orderId_0='?' (DbType = Guid)], CommandType='"Text"', CommandTimeout='30']
SELECT o."Id", o."AgentId", o."BookingId", o."CleaningCompletedAt", o."CleaningStartedAt", o."CustomerId", o."DeliveredAt", o."DeliveryOtp", o."DeliveryOtpExpiresAt", o."DeliveryOtpVerifiedAt", o."OrderReference", o."PickedUpAt", o."PickupOtp", o."PickupOtpExpiresAt", o."PickupOtpVerifiedAt", o."Status", b."Id", b."AddOns", b."BookingReference", b."BundleDiscountPercent", b."CreatedAt", b."CustomerId", b."DiscountAmountKes", b."NubuckLines", b."OfficialLeatherLines", b."PickupAddress", b."PickupLatitude", b."PickupLocationUrl", b."PickupLongitude", b."PriceKes", b."SneakersLines", b."Status", b."SubtotalBeforeDiscountKes", b."SuedeLines", b."TotalPairs", p."Id", p."Amount", p."BookingId", p."CreatedAt", p."MpesaCheckoutRequestId", p."MpesaMerchantRequestId", p."MpesaReceipt", p."PayerPhoneNumber", p."PaymentReference", p."Status"
FROM "Orders" AS o
INNER JOIN "Bookings" AS b ON o."BookingId" = b."Id"
LEFT JOIN "Payments" AS p ON b."Id" = p."BookingId"
WHERE o."Id" = @__orderId_0
LIMIT 1
2026-03-29 13:17:06.943 +03:00 [INF] Executed DbCommand (294ms) [Parameters=[@__orderId_0='?' (DbType = Guid)], CommandType='"Text"', CommandTimeout='30']
SELECT o."Id", o."Code", o."CreatedAt", o."ExpiresAt", o."OrderId", o."OtpKind"
FROM "OrderOtpCodes" AS o
WHERE o."OrderId" = @__orderId_0 AND o."OtpKind" = 'Pickup'
LIMIT 1
2026-03-29 13:17:07.116 +03:00 [INF] Executed DbCommand (164ms) [Parameters=[@__orderId_0='?' (DbType = Guid)], CommandType='"Text"', CommandTimeout='30']
SELECT o."Id", o."AgentId", o."BookingId", o."CleaningCompletedAt", o."CleaningStartedAt", o."CustomerId", o."DeliveredAt", o."DeliveryOtp", o."DeliveryOtpExpiresAt", o."DeliveryOtpVerifiedAt", o."OrderReference", o."PickedUpAt", o."PickupOtp", o."PickupOtpExpiresAt", o."PickupOtpVerifiedAt", o."Status"
FROM "Orders" AS o
WHERE o."Id" = @__orderId_0
LIMIT 1
2026-03-29 13:17:07.361 +03:00 [INF] Executed DbCommand (234ms) [Parameters=[@p3='?' (DbType = Guid), @p0='?' (DbType = DateTime), @p1='?' (DbType = DateTime), @p2='?'], CommandType='"Text"', CommandTimeout='30']
UPDATE "Orders" SET "PickedUpAt" = @p0, "PickupOtpVerifiedAt" = @p1, "Status" = @p2
WHERE "Id" = @p3;
2026-03-29 13:17:07.668 +03:00 [INF] Executed DbCommand (296ms) [Parameters=[@__p_0='?' (DbType = Guid)], CommandType='"Text"', CommandTimeout='30']
SELECT f."Id", f."AccessFailedCount", f."Address", f."ConcurrencyStamp", f."CreatedAt", f."CustomerReference", f."Email", f."EmailConfirmed", f."FullName", f."IsActive", f."LockoutEnabled", f."LockoutEnd", f."NormalizedEmail", f."NormalizedUserName", f."PasswordHash", f."PhoneNumber", f."PhoneNumberConfirmed", f."SecurityStamp", f."TwoFactorEnabled", f."UserName"
FROM "FreshwalkUsers" AS f
WHERE f."Id" = @__p_0
LIMIT 1
2026-03-29 13:17:07.671 +03:00 [INF] HTTP POST /api/customer/orders/21381961-9ec7-45ff-887a-288a0e1ea182/verify-pickup-otp responded 200 in 1315.4941 ms
2026-03-29 13:17:07.676 +03:00 [INF] HTTP OPTIONS /api/bookings/mine responded 204 in 0.0407 ms
2026-03-29 13:17:07.861 +03:00 [INF] Executed DbCommand (180ms) [Parameters=[@__customerId_0='?' (DbType = Guid)], CommandType='"Text"', CommandTimeout='30']
SELECT f."CustomerReference"
FROM "FreshwalkUsers" AS f
WHERE f."Id" = @__customerId_0
LIMIT 1
2026-03-29 13:17:08.179 +03:00 [INF] Executed DbCommand (311ms) [Parameters=[@__customerId_0='?' (DbType = Guid)], CommandType='"Text"', CommandTimeout='30']
SELECT b."Id", b."AddOns", b."BookingReference", b."BundleDiscountPercent", b."CreatedAt", b."CustomerId", b."DiscountAmountKes", b."NubuckLines", b."OfficialLeatherLines", b."PickupAddress", b."PickupLatitude", b."PickupLocationUrl", b."PickupLongitude", b."PriceKes", b."SneakersLines", b."Status", b."SubtotalBeforeDiscountKes", b."SuedeLines", b."TotalPairs", p."Id", p."Amount", p."BookingId", p."CreatedAt", p."MpesaCheckoutRequestId", p."MpesaMerchantRequestId", p."MpesaReceipt", p."PayerPhoneNumber", p."PaymentReference", p."Status", o."Id", o."AgentId", o."BookingId", o."CleaningCompletedAt", o."CleaningStartedAt", o."CustomerId", o."DeliveredAt", o."DeliveryOtp", o."DeliveryOtpExpiresAt", o."DeliveryOtpVerifiedAt", o."OrderReference", o."PickedUpAt", o."PickupOtp", o."PickupOtpExpiresAt", o."PickupOtpVerifiedAt", o."Status"
FROM "Bookings" AS b
LEFT JOIN "Payments" AS p ON b."Id" = p."BookingId"
LEFT JOIN "Orders" AS o ON b."Id" = o."BookingId"
WHERE b."CustomerId" = @__customerId_0
ORDER BY b."CreatedAt" DESC
2026-03-29 13:17:08.489 +03:00 [INF] Executed DbCommand (303ms) [Parameters=[@__p_0='?' (DbType = Guid)], CommandType='"Text"', CommandTimeout='30']
SELECT f."Id", f."AccessFailedCount", f."Address", f."ConcurrencyStamp", f."CreatedAt", f."CustomerReference", f."Email", f."EmailConfirmed", f."FullName", f."IsActive", f."LockoutEnabled", f."LockoutEnd", f."NormalizedEmail", f."NormalizedUserName", f."PasswordHash", f."PhoneNumber", f."PhoneNumberConfirmed", f."SecurityStamp", f."TwoFactorEnabled", f."UserName"
FROM "FreshwalkUsers" AS f
WHERE f."Id" = @__p_0
LIMIT 1
2026-03-29 13:17:08.501 +03:00 [INF] HTTP GET /api/bookings/mine responded 200 in 821.7995 ms
2026-03-29 13:17:27.574 +03:00 [INF] HTTP OPTIONS /api/orders/21381961-9ec7-45ff-887a-288a0e1ea182/mark-at-shop responded 204 in 0.0374 ms
2026-03-29 13:17:27.819 +03:00 [INF] Executed DbCommand (240ms) [Parameters=[@__id_0='?' (DbType = Guid)], CommandType='"Text"', CommandTimeout='30']
SELECT o."Id", o."AgentId", o."BookingId", o."CleaningCompletedAt", o."CleaningStartedAt", o."CustomerId", o."DeliveredAt", o."DeliveryOtp", o."DeliveryOtpExpiresAt", o."DeliveryOtpVerifiedAt", o."OrderReference", o."PickedUpAt", o."PickupOtp", o."PickupOtpExpiresAt", o."PickupOtpVerifiedAt", o."Status"
FROM "Orders" AS o
WHERE o."Id" = @__id_0
LIMIT 1
2026-03-29 13:17:28.047 +03:00 [INF] Executed DbCommand (219ms) [Parameters=[@p1='?' (DbType = Guid), @p0='?'], CommandType='"Text"', CommandTimeout='30']
UPDATE "Orders" SET "Status" = @p0
WHERE "Id" = @p1;
2026-03-29 13:17:28.279 +03:00 [INF] Executed DbCommand (222ms) [Parameters=[@__p_0='?' (DbType = Guid)], CommandType='"Text"', CommandTimeout='30']
SELECT f."Id", f."AccessFailedCount", f."Address", f."ConcurrencyStamp", f."CreatedAt", f."CustomerReference", f."Email", f."EmailConfirmed", f."FullName", f."IsActive", f."LockoutEnabled", f."LockoutEnd", f."NormalizedEmail", f."NormalizedUserName", f."PasswordHash", f."PhoneNumber", f."PhoneNumberConfirmed", f."SecurityStamp", f."TwoFactorEnabled", f."UserName"
FROM "FreshwalkUsers" AS f
WHERE f."Id" = @__p_0
LIMIT 1
2026-03-29 13:17:28.285 +03:00 [INF] HTTP POST /api/orders/21381961-9ec7-45ff-887a-288a0e1ea182/mark-at-shop responded 200 in 707.5903 ms
2026-03-29 13:17:28.291 +03:00 [INF] HTTP OPTIONS /api/orders/21381961-9ec7-45ff-887a-288a0e1ea182 responded 204 in 0.0308 ms
2026-03-29 13:17:28.557 +03:00 [INF] Executed DbCommand (262ms) [Parameters=[@__id_0='?' (DbType = Guid)], CommandType='"Text"', CommandTimeout='30']
SELECT s."Id", s."AgentId", s."BookingId", s."CleaningCompletedAt", s."CleaningStartedAt", s."CustomerId", s."DeliveredAt", s."DeliveryOtp", s."DeliveryOtpExpiresAt", s."DeliveryOtpVerifiedAt", s."OrderReference", s."PickedUpAt", s."PickupOtp", s."PickupOtpExpiresAt", s."PickupOtpVerifiedAt", s."Status", s."Id0", s."AddOns", s."BookingReference", s."BundleDiscountPercent", s."CreatedAt", s."CustomerId0", s."DiscountAmountKes", s."NubuckLines", s."OfficialLeatherLines", s."PickupAddress", s."PickupLatitude", s."PickupLocationUrl", s."PickupLongitude", s."PriceKes", s."SneakersLines", s."Status0", s."SubtotalBeforeDiscountKes", s."SuedeLines", s."TotalPairs", s."Id1", s."AccessFailedCount", s."Address", s."ConcurrencyStamp", s."CreatedAt0", s."CustomerReference", s."Email", s."EmailConfirmed", s."FullName", s."IsActive", s."LockoutEnabled", s."LockoutEnd", s."NormalizedEmail", s."NormalizedUserName", s."PasswordHash", s."PhoneNumber", s."PhoneNumberConfirmed", s."SecurityStamp", s."TwoFactorEnabled", s."UserName", s."Id2", s."Amount", s."BookingId0", s."CreatedAt1", s."MpesaCheckoutRequestId", s."MpesaMerchantRequestId", s."MpesaReceipt", s."PayerPhoneNumber", s."PaymentReference", s."Status1", s0."Id", s0."AssignedAt", s0."AssignmentReference", s0."AssignmentType", s0."CompletedAt", s0."Notes", s0."OrderId", s0."RiderId", s0."Status", s0."Id0", s0."AccessFailedCount", s0."Address", s0."ConcurrencyStamp", s0."CreatedAt", s0."CustomerReference", s0."Email", s0."EmailConfirmed", s0."FullName", s0."IsActive", s0."LockoutEnabled", s0."LockoutEnd", s0."NormalizedEmail", s0."NormalizedUserName", s0."PasswordHash", s0."PhoneNumber", s0."PhoneNumberConfirmed", s0."SecurityStamp", s0."TwoFactorEnabled", s0."UserName"
FROM (
    SELECT o."Id", o."AgentId", o."BookingId", o."CleaningCompletedAt", o."CleaningStartedAt", o."CustomerId", o."DeliveredAt", o."DeliveryOtp", o."DeliveryOtpExpiresAt", o."DeliveryOtpVerifiedAt", o."OrderReference", o."PickedUpAt", o."PickupOtp", o."PickupOtpExpiresAt", o."PickupOtpVerifiedAt", o."Status", b."Id" AS "Id0", b."AddOns", b."BookingReference", b."BundleDiscountPercent", b."CreatedAt", b."CustomerId" AS "CustomerId0", b."DiscountAmountKes", b."NubuckLines", b."OfficialLeatherLines", b."PickupAddress", b."PickupLatitude", b."PickupLocationUrl", b."PickupLongitude", b."PriceKes", b."SneakersLines", b."Status" AS "Status0", b."SubtotalBeforeDiscountKes", b."SuedeLines", b."TotalPairs", f."Id" AS "Id1", f."AccessFailedCount", f."Address", f."ConcurrencyStamp", f."CreatedAt" AS "CreatedAt0", f."CustomerReference", f."Email", f."EmailConfirmed", f."FullName", f."IsActive", f."LockoutEnabled", f."LockoutEnd", f."NormalizedEmail", f."NormalizedUserName", f."PasswordHash", f."PhoneNumber", f."PhoneNumberConfirmed", f."SecurityStamp", f."TwoFactorEnabled", f."UserName", p."Id" AS "Id2", p."Amount", p."BookingId" AS "BookingId0", p."CreatedAt" AS "CreatedAt1", p."MpesaCheckoutRequestId", p."MpesaMerchantRequestId", p."MpesaReceipt", p."PayerPhoneNumber", p."PaymentReference", p."Status" AS "Status1"
    FROM "Orders" AS o
    INNER JOIN "Bookings" AS b ON o."BookingId" = b."Id"
    INNER JOIN "FreshwalkUsers" AS f ON b."CustomerId" = f."Id"
    LEFT JOIN "Payments" AS p ON b."Id" = p."BookingId"
    WHERE o."Id" = @__id_0
    LIMIT 1
) AS s
LEFT JOIN (
    SELECT o0."Id", o0."AssignedAt", o0."AssignmentReference", o0."AssignmentType", o0."CompletedAt", o0."Notes", o0."OrderId", o0."RiderId", o0."Status", f0."Id" AS "Id0", f0."AccessFailedCount", f0."Address", f0."ConcurrencyStamp", f0."CreatedAt", f0."CustomerReference", f0."Email", f0."EmailConfirmed", f0."FullName", f0."IsActive", f0."LockoutEnabled", f0."LockoutEnd", f0."NormalizedEmail", f0."NormalizedUserName", f0."PasswordHash", f0."PhoneNumber", f0."PhoneNumberConfirmed", f0."SecurityStamp", f0."TwoFactorEnabled", f0."UserName"
    FROM "OrderRiderAssignments" AS o0
    INNER JOIN "FreshwalkUsers" AS f0 ON o0."RiderId" = f0."Id"
) AS s0 ON s."Id" = s0."OrderId"
ORDER BY s."Id", s."Id0", s."Id1", s."Id2", s0."Id"
2026-03-29 13:17:28.787 +03:00 [INF] Executed DbCommand (219ms) [Parameters=[@__p_0='?' (DbType = Guid)], CommandType='"Text"', CommandTimeout='30']
SELECT f."Id", f."AccessFailedCount", f."Address", f."ConcurrencyStamp", f."CreatedAt", f."CustomerReference", f."Email", f."EmailConfirmed", f."FullName", f."IsActive", f."LockoutEnabled", f."LockoutEnd", f."NormalizedEmail", f."NormalizedUserName", f."PasswordHash", f."PhoneNumber", f."PhoneNumberConfirmed", f."SecurityStamp", f."TwoFactorEnabled", f."UserName"
FROM "FreshwalkUsers" AS f
WHERE f."Id" = @__p_0
LIMIT 1
2026-03-29 13:17:28.826 +03:00 [ERR] HTTP GET /api/orders/21381961-9ec7-45ff-887a-288a0e1ea182 responded 500 in 531.9480 ms
System.Text.Json.JsonException: A possible object cycle was detected. This can either be due to a cycle or if the object depth is larger than the maximum allowed depth of 32. Consider using ReferenceHandler.Preserve on JsonSerializerOptions to support cycles. Path: $.Booking.Customer.Bookings.Customer.Bookings.Customer.Bookings.Customer.Bookings.Customer.Bookings.Customer.Bookings.Customer.Bookings.Customer.Bookings.Customer.Bookings.Customer.Bookings.Id.
   at System.Text.Json.ThrowHelper.ThrowJsonException_SerializerCycleDetected(Int32 maxDepth)
   at System.Text.Json.Serialization.Metadata.JsonPropertyInfo`1.GetMemberAndWriteJson(Object obj, WriteStack& state, Utf8JsonWriter writer)
   at System.Text.Json.Serialization.Converters.ObjectDefaultConverter`1.OnTryWrite(Utf8JsonWriter writer, T value, JsonSerializerOptions options, WriteStack& state)
   at System.Text.Json.Serialization.Converters.IEnumerableDefaultConverter`2.OnWriteResume(Utf8JsonWriter writer, TCollection value, JsonSerializerOptions options, WriteStack& state)
   at System.Text.Json.Serialization.JsonCollectionConverter`2.OnTryWrite(Utf8JsonWriter writer, TCollection value, JsonSerializerOptions options, WriteStack& state)
   at System.Text.Json.Serialization.Metadata.JsonPropertyInfo`1.GetMemberAndWriteJson(Object obj, WriteStack& state, Utf8JsonWriter writer)
   at System.Text.Json.Serialization.Converters.ObjectDefaultConverter`1.OnTryWrite(Utf8JsonWriter writer, T value, JsonSerializerOptions options, WriteStack& state)
   at System.Text.Json.Serialization.Metadata.JsonPropertyInfo`1.GetMemberAndWriteJson(Object obj, WriteStack& state, Utf8JsonWriter writer)
   at System.Text.Json.Serialization.Converters.ObjectDefaultConverter`1.OnTryWrite(Utf8JsonWriter writer, T value, JsonSerializerOptions options, WriteStack& state)
   at System.Text.Json.Serialization.Converters.IEnumerableDefaultConverter`2.OnWriteResume(Utf8JsonWriter writer, TCollection value, JsonSerializerOptions options, WriteStack& state)
   at System.Text.Json.Serialization.JsonCollectionConverter`2.OnTryWrite(Utf8JsonWriter writer, TCollection value, JsonSerializerOptions options, WriteStack& state)
   at System.Text.Json.Serialization.Metadata.JsonPropertyInfo`1.GetMemberAndWriteJson(Object obj, WriteStack& state, Utf8JsonWriter writer)
   at System.Text.Json.Serialization.Converters.ObjectDefaultConverter`1.OnTryWrite(Utf8JsonWriter writer, T value, JsonSerializerOptions options, WriteStack& state)
   at System.Text.Json.Serialization.Metadata.JsonPropertyInfo`1.GetMemberAndWriteJson(Object obj, WriteStack& state, Utf8JsonWriter writer)
   at System.Text.Json.Serialization.Converters.ObjectDefaultConverter`1.OnTryWrite(Utf8JsonWriter writer, T value, JsonSerializerOptions options, WriteStack& state)
   at System.Text.Json.Serialization.Converters.IEnumerableDefaultConverter`2.OnWriteResume(Utf8JsonWriter writer, TCollection value, JsonSerializerOptions options, WriteStack& state)
   at System.Text.Json.Serialization.JsonCollectionConverter`2.OnTryWrite(Utf8JsonWriter writer, TCollection value, JsonSerializerOptions options, WriteStack& state)
   at System.Text.Json.Serialization.Metadata.JsonPropertyInfo`1.GetMemberAndWriteJson(Object obj, WriteStack& state, Utf8JsonWriter writer)
   at System.Text.Json.Serialization.Converters.ObjectDefaultConverter`1.OnTryWrite(Utf8JsonWriter writer, T value, JsonSerializerOptions options, WriteStack& state)
   at System.Text.Json.Serialization.Metadata.JsonPropertyInfo`1.GetMemberAndWriteJson(Object obj, WriteStack& state, Utf8JsonWriter writer)
   at System.Text.Json.Serialization.Converters.ObjectDefaultConverter`1.OnTryWrite(Utf8JsonWriter writer, T value, JsonSerializerOptions options, WriteStack& state)
   at System.Text.Json.Serialization.Converters.IEnumerableDefaultConverter`2.OnWriteResume(Utf8JsonWriter writer, TCollection value, JsonSerializerOptions options, WriteStack& state)
   at System.Text.Json.Serialization.JsonCollectionConverter`2.OnTryWrite(Utf8JsonWriter writer, TCollection value, JsonSerializerOptions options, WriteStack& state)
   at System.Text.Json.Serialization.Metadata.JsonPropertyInfo`1.GetMemberAndWriteJson(Object obj, WriteStack& state, Utf8JsonWriter writer)
   at System.Text.Json.Serialization.Converters.ObjectDefaultConverter`1.OnTryWrite(Utf8JsonWriter writer, T value, JsonSerializerOptions options, WriteStack& state)
   at System.Text.Json.Serialization.Metadata.JsonPropertyInfo`1.GetMemberAndWriteJson(Object obj, WriteStack& state, Utf8JsonWriter writer)
   at System.Text.Json.Serialization.Converters.ObjectDefaultConverter`1.OnTryWrite(Utf8JsonWriter writer, T value, JsonSerializerOptions options, WriteStack& state)
   at System.Text.Json.Serialization.Converters.IEnumerableDefaultConverter`2.OnWriteResume(Utf8JsonWriter writer, TCollection value, JsonSerializerOptions options, WriteStack& state)
   at System.Text.Json.Serialization.JsonCollectionConverter`2.OnTryWrite(Utf8JsonWriter writer, TCollection value, JsonSerializerOptions options, WriteStack& state)
   at System.Text.Json.Serialization.Metadata.JsonPropertyInfo`1.GetMemberAndWriteJson(Object obj, WriteStack& state, Utf8JsonWriter writer)
   at System.Text.Json.Serialization.Converters.ObjectDefaultConverter`1.OnTryWrite(Utf8JsonWriter writer, T value, JsonSerializerOptions options, WriteStack& state)
   at System.Text.Json.Serialization.Metadata.JsonPropertyInfo`1.GetMemberAndWriteJson(Object obj, WriteStack& state, Utf8JsonWriter writer)
   at System.Text.Json.Serialization.Converters.ObjectDefaultConverter`1.OnTryWrite(Utf8JsonWriter writer, T value, JsonSerializerOptions options, WriteStack& state)
   at System.Text.Json.Serialization.Converters.IEnumerableDefaultConverter`2.OnWriteResume(Utf8JsonWriter writer, TCollection value, JsonSerializerOptions options, WriteStack& state)
   at System.Text.Json.Serialization.JsonCollectionConverter`2.OnTryWrite(Utf8JsonWriter writer, TCollection value, JsonSerializerOptions options, WriteStack& state)
   at System.Text.Json.Serialization.Metadata.JsonPropertyInfo`1.GetMemberAndWriteJson(Object obj, WriteStack& state, Utf8JsonWriter writer)
   at System.Text.Json.Serialization.Converters.ObjectDefaultConverter`1.OnTryWrite(Utf8JsonWriter writer, T value, JsonSerializerOptions options, WriteStack& state)
   at System.Text.Json.Serialization.Metadata.JsonPropertyInfo`1.GetMemberAndWriteJson(Object obj, WriteStack& state, Utf8JsonWriter writer)
   at System.Text.Json.Serialization.Converters.ObjectDefaultConverter`1.OnTryWrite(Utf8JsonWriter writer, T value, JsonSerializerOptions options, WriteStack& state)
   at System.Text.Json.Serialization.Converters.IEnumerableDefaultConverter`2.OnWriteResume(Utf8JsonWriter writer, TCollection value, JsonSerializerOptions options, WriteStack& state)
   at System.Text.Json.Serialization.JsonCollectionConverter`2.OnTryWrite(Utf8JsonWriter writer, TCollection value, JsonSerializerOptions options, WriteStack& state)
   at System.Text.Json.Serialization.Metadata.JsonPropertyInfo`1.GetMemberAndWriteJson(Object obj, WriteStack& state, Utf8JsonWriter writer)
   at System.Text.Json.Serialization.Converters.ObjectDefaultConverter`1.OnTryWrite(Utf8JsonWriter writer, T value, JsonSerializerOptions options, WriteStack& state)
   at System.Text.Json.Serialization.Metadata.JsonPropertyInfo`1.GetMemberAndWriteJson(Object obj, WriteStack& state, Utf8JsonWriter writer)
   at System.Text.Json.Serialization.Converters.ObjectDefaultConverter`1.OnTryWrite(Utf8JsonWriter writer, T value, JsonSerializerOptions options, WriteStack& state)
   at System.Text.Json.Serialization.Converters.IEnumerableDefaultConverter`2.OnWriteResume(Utf8JsonWriter writer, TCollection value, JsonSerializerOptions options, WriteStack& state)
   at System.Text.Json.Serialization.JsonCollectionConverter`2.OnTryWrite(Utf8JsonWriter writer, TCollection value, JsonSerializerOptions options, WriteStack& state)
   at System.Text.Json.Serialization.Metadata.JsonPropertyInfo`1.GetMemberAndWriteJson(Object obj, WriteStack& state, Utf8JsonWriter writer)
   at System.Text.Json.Serialization.Converters.ObjectDefaultConverter`1.OnTryWrite(Utf8JsonWriter writer, T value, JsonSerializerOptions options, WriteStack& state)
   at System.Text.Json.Serialization.Metadata.JsonPropertyInfo`1.GetMemberAndWriteJson(Object obj, WriteStack& state, Utf8JsonWriter writer)
   at System.Text.Json.Serialization.Converters.ObjectDefaultConverter`1.OnTryWrite(Utf8JsonWriter writer, T value, JsonSerializerOptions options, WriteStack& state)
   at System.Text.Json.Serialization.Converters.IEnumerableDefaultConverter`2.OnWriteResume(Utf8JsonWriter writer, TCollection value, JsonSerializerOptions options, WriteStack& state)
   at System.Text.Json.Serialization.JsonCollectionConverter`2.OnTryWrite(Utf8JsonWriter writer, TCollection value, JsonSerializerOptions options, WriteStack& state)
   at System.Text.Json.Serialization.Metadata.JsonPropertyInfo`1.GetMemberAndWriteJson(Object obj, WriteStack& state, Utf8JsonWriter writer)
   at System.Text.Json.Serialization.Converters.ObjectDefaultConverter`1.OnTryWrite(Utf8JsonWriter writer, T value, JsonSerializerOptions options, WriteStack& state)
   at System.Text.Json.Serialization.Metadata.JsonPropertyInfo`1.GetMemberAndWriteJson(Object obj, WriteStack& state, Utf8JsonWriter writer)
   at System.Text.Json.Serialization.Converters.ObjectDefaultConverter`1.OnTryWrite(Utf8JsonWriter writer, T value, JsonSerializerOptions options, WriteStack& state)
   at System.Text.Json.Serialization.Converters.IEnumerableDefaultConverter`2.OnWriteResume(Utf8JsonWriter writer, TCollection value, JsonSerializerOptions options, WriteStack& state)
   at System.Text.Json.Serialization.JsonCollectionConverter`2.OnTryWrite(Utf8JsonWriter writer, TCollection value, JsonSerializerOptions options, WriteStack& state)
   at System.Text.Json.Serialization.Metadata.JsonPropertyInfo`1.GetMemberAndWriteJson(Object obj, WriteStack& state, Utf8JsonWriter writer)
   at System.Text.Json.Serialization.Converters.ObjectDefaultConverter`1.OnTryWrite(Utf8JsonWriter writer, T value, JsonSerializerOptions options, WriteStack& state)
   at System.Text.Json.Serialization.Metadata.JsonPropertyInfo`1.GetMemberAndWriteJson(Object obj, WriteStack& state, Utf8JsonWriter writer)
   at System.Text.Json.Serialization.Converters.ObjectDefaultConverter`1.OnTryWrite(Utf8JsonWriter writer, T value, JsonSerializerOptions options, WriteStack& state)
   at System.Text.Json.Serialization.Metadata.JsonPropertyInfo`1.GetMemberAndWriteJson(Object obj, WriteStack& state, Utf8JsonWriter writer)
   at System.Text.Json.Serialization.Converters.ObjectDefaultConverter`1.OnTryWrite(Utf8JsonWriter writer, T value, JsonSerializerOptions options, WriteStack& state)
   at System.Text.Json.Serialization.JsonConverter`1.TryWrite(Utf8JsonWriter writer, T& value, JsonSerializerOptions options, WriteStack& state)
   at System.Text.Json.Serialization.JsonConverter`1.WriteCore(Utf8JsonWriter writer, T& value, JsonSerializerOptions options, WriteStack& state)
   at System.Text.Json.Serialization.Metadata.JsonTypeInfo`1.SerializeAsync(PipeWriter pipeWriter, T rootValue, Int32 flushThreshold, CancellationToken cancellationToken, Object rootValueBoxed)
   at System.Text.Json.Serialization.Metadata.JsonTypeInfo`1.SerializeAsync(PipeWriter pipeWriter, T rootValue, Int32 flushThreshold, CancellationToken cancellationToken, Object rootValueBoxed)
   at System.Text.Json.Serialization.Metadata.JsonTypeInfo`1.SerializeAsync(PipeWriter pipeWriter, T rootValue, Int32 flushThreshold, CancellationToken cancellationToken, Object rootValueBoxed)
   at Microsoft.AspNetCore.Mvc.Formatters.SystemTextJsonOutputFormatter.WriteResponseBodyAsync(OutputFormatterWriteContext context, Encoding selectedEncoding)
   at Microsoft.AspNetCore.Mvc.Infrastructure.ResourceInvoker.<InvokeNextResultFilterAsync>g__Awaited|30_0[TFilter,TFilterAsync](ResourceInvoker invoker, Task lastTask, State next, Scope scope, Object state, Boolean isCompleted)
   at Microsoft.AspNetCore.Mvc.Infrastructure.ResourceInvoker.Rethrow(ResultExecutedContextSealed context)
   at Microsoft.AspNetCore.Mvc.Infrastructure.ResourceInvoker.ResultNext[TFilter,TFilterAsync](State& next, Scope& scope, Object& state, Boolean& isCompleted)
   at Microsoft.AspNetCore.Mvc.Infrastructure.ResourceInvoker.InvokeResultFilters()
--- End of stack trace from previous location ---
   at Microsoft.AspNetCore.Mvc.Infrastructure.ResourceInvoker.<InvokeFilterPipelineAsync>g__Awaited|20_0(ResourceInvoker invoker, Task lastTask, State next, Scope scope, Object state, Boolean isCompleted)
   at Microsoft.AspNetCore.Mvc.Infrastructure.ResourceInvoker.<InvokeAsync>g__Awaited|17_0(ResourceInvoker invoker, Task task, IDisposable scope)
   at Microsoft.AspNetCore.Mvc.Infrastructure.ResourceInvoker.<InvokeAsync>g__Awaited|17_0(ResourceInvoker invoker, Task task, IDisposable scope)
   at Freshwalk.API.Logging.AuditRequestLoggingMiddleware.InvokeAsync(HttpContext context, RequestDelegate next) in D:\Projects\Freshwalk Shoe Cleaning web app\API\Freshwalk.API\Logging\AuditRequestLoggingMiddleware.cs:line 63
   at Freshwalk.API.Logging.AuditRequestLoggingMiddleware.InvokeAsync(HttpContext context, RequestDelegate next) in D:\Projects\Freshwalk Shoe Cleaning web app\API\Freshwalk.API\Logging\AuditRequestLoggingMiddleware.cs:line 91
   at Freshwalk.API.Logging.AuditRequestLoggingMiddleware.InvokeAsync(HttpContext context, RequestDelegate next) in D:\Projects\Freshwalk Shoe Cleaning web app\API\Freshwalk.API\Logging\AuditRequestLoggingMiddleware.cs:line 91
   at Microsoft.AspNetCore.Builder.UseMiddlewareExtensions.InterfaceMiddlewareBinder.<>c__DisplayClass2_0.<<CreateMiddleware>b__0>d.MoveNext()
--- End of stack trace from previous location ---
   at Microsoft.AspNetCore.Authorization.AuthorizationMiddleware.Invoke(HttpContext context)
   at Microsoft.AspNetCore.Authentication.AuthenticationMiddleware.Invoke(HttpContext context)
   at Serilog.AspNetCore.RequestLoggingMiddleware.Invoke(HttpContext httpContext)
2026-03-29 13:17:28.871 +03:00 [ERR] An unhandled exception has occurred while executing the request.
System.Text.Json.JsonException: A possible object cycle was detected. This can either be due to a cycle or if the object depth is larger than the maximum allowed depth of 32. Consider using ReferenceHandler.Preserve on JsonSerializerOptions to support cycles. Path: $.Booking.Customer.Bookings.Customer.Bookings.Customer.Bookings.Customer.Bookings.Customer.Bookings.Customer.Bookings.Customer.Bookings.Customer.Bookings.Customer.Bookings.Customer.Bookings.Id.
   at System.Text.Json.ThrowHelper.ThrowJsonException_SerializerCycleDetected(Int32 maxDepth)
   at System.Text.Json.Serialization.Metadata.JsonPropertyInfo`1.GetMemberAndWriteJson(Object obj, WriteStack& state, Utf8JsonWriter writer)
   at System.Text.Json.Serialization.Converters.ObjectDefaultConverter`1.OnTryWrite(Utf8JsonWriter writer, T value, JsonSerializerOptions options, WriteStack& state)
   at System.Text.Json.Serialization.Converters.IEnumerableDefaultConverter`2.OnWriteResume(Utf8JsonWriter writer, TCollection value, JsonSerializerOptions options, WriteStack& state)
   at System.Text.Json.Serialization.JsonCollectionConverter`2.OnTryWrite(Utf8JsonWriter writer, TCollection value, JsonSerializerOptions options, WriteStack& state)
   at System.Text.Json.Serialization.Metadata.JsonPropertyInfo`1.GetMemberAndWriteJson(Object obj, WriteStack& state, Utf8JsonWriter writer)
   at System.Text.Json.Serialization.Converters.ObjectDefaultConverter`1.OnTryWrite(Utf8JsonWriter writer, T value, JsonSerializerOptions options, WriteStack& state)
   at System.Text.Json.Serialization.Metadata.JsonPropertyInfo`1.GetMemberAndWriteJson(Object obj, WriteStack& state, Utf8JsonWriter writer)
   at System.Text.Json.Serialization.Converters.ObjectDefaultConverter`1.OnTryWrite(Utf8JsonWriter writer, T value, JsonSerializerOptions options, WriteStack& state)
   at System.Text.Json.Serialization.Converters.IEnumerableDefaultConverter`2.OnWriteResume(Utf8JsonWriter writer, TCollection value, JsonSerializerOptions options, WriteStack& state)
   at System.Text.Json.Serialization.JsonCollectionConverter`2.OnTryWrite(Utf8JsonWriter writer, TCollection value, JsonSerializerOptions options, WriteStack& state)
   at System.Text.Json.Serialization.Metadata.JsonPropertyInfo`1.GetMemberAndWriteJson(Object obj, WriteStack& state, Utf8JsonWriter writer)
   at System.Text.Json.Serialization.Converters.ObjectDefaultConverter`1.OnTryWrite(Utf8JsonWriter writer, T value, JsonSerializerOptions options, WriteStack& state)
   at System.Text.Json.Serialization.Metadata.JsonPropertyInfo`1.GetMemberAndWriteJson(Object obj, WriteStack& state, Utf8JsonWriter writer)
   at System.Text.Json.Serialization.Converters.ObjectDefaultConverter`1.OnTryWrite(Utf8JsonWriter writer, T value, JsonSerializerOptions options, WriteStack& state)
   at System.Text.Json.Serialization.Converters.IEnumerableDefaultConverter`2.OnWriteResume(Utf8JsonWriter writer, TCollection value, JsonSerializerOptions options, WriteStack& state)
   at System.Text.Json.Serialization.JsonCollectionConverter`2.OnTryWrite(Utf8JsonWriter writer, TCollection value, JsonSerializerOptions options, WriteStack& state)
   at System.Text.Json.Serialization.Metadata.JsonPropertyInfo`1.GetMemberAndWriteJson(Object obj, WriteStack& state, Utf8JsonWriter writer)
   at System.Text.Json.Serialization.Converters.ObjectDefaultConverter`1.OnTryWrite(Utf8JsonWriter writer, T value, JsonSerializerOptions options, WriteStack& state)
   at System.Text.Json.Serialization.Metadata.JsonPropertyInfo`1.GetMemberAndWriteJson(Object obj, WriteStack& state, Utf8JsonWriter writer)
   at System.Text.Json.Serialization.Converters.ObjectDefaultConverter`1.OnTryWrite(Utf8JsonWriter writer, T value, JsonSerializerOptions options, WriteStack& state)
   at System.Text.Json.Serialization.Converters.IEnumerableDefaultConverter`2.OnWriteResume(Utf8JsonWriter writer, TCollection value, JsonSerializerOptions options, WriteStack& state)
   at System.Text.Json.Serialization.JsonCollectionConverter`2.OnTryWrite(Utf8JsonWriter writer, TCollection value, JsonSerializerOptions options, WriteStack& state)
   at System.Text.Json.Serialization.Metadata.JsonPropertyInfo`1.GetMemberAndWriteJson(Object obj, WriteStack& state, Utf8JsonWriter writer)
   at System.Text.Json.Serialization.Converters.ObjectDefaultConverter`1.OnTryWrite(Utf8JsonWriter writer, T value, JsonSerializerOptions options, WriteStack& state)
   at System.Text.Json.Serialization.Metadata.JsonPropertyInfo`1.GetMemberAndWriteJson(Object obj, WriteStack& state, Utf8JsonWriter writer)
   at System.Text.Json.Serialization.Converters.ObjectDefaultConverter`1.OnTryWrite(Utf8JsonWriter writer, T value, JsonSerializerOptions options, WriteStack& state)
   at System.Text.Json.Serialization.Converters.IEnumerableDefaultConverter`2.OnWriteResume(Utf8JsonWriter writer, TCollection value, JsonSerializerOptions options, WriteStack& state)
   at System.Text.Json.Serialization.JsonCollectionConverter`2.OnTryWrite(Utf8JsonWriter writer, TCollection value, JsonSerializerOptions options, WriteStack& state)
   at System.Text.Json.Serialization.Metadata.JsonPropertyInfo`1.GetMemberAndWriteJson(Object obj, WriteStack& state, Utf8JsonWriter writer)
   at System.Text.Json.Serialization.Converters.ObjectDefaultConverter`1.OnTryWrite(Utf8JsonWriter writer, T value, JsonSerializerOptions options, WriteStack& state)
   at System.Text.Json.Serialization.Metadata.JsonPropertyInfo`1.GetMemberAndWriteJson(Object obj, WriteStack& state, Utf8JsonWriter writer)
   at System.Text.Json.Serialization.Converters.ObjectDefaultConverter`1.OnTryWrite(Utf8JsonWriter writer, T value, JsonSerializerOptions options, WriteStack& state)
   at System.Text.Json.Serialization.Converters.IEnumerableDefaultConverter`2.OnWriteResume(Utf8JsonWriter writer, TCollection value, JsonSerializerOptions options, WriteStack& state)
   at System.Text.Json.Serialization.JsonCollectionConverter`2.OnTryWrite(Utf8JsonWriter writer, TCollection value, JsonSerializerOptions options, WriteStack& state)
   at System.Text.Json.Serialization.Metadata.JsonPropertyInfo`1.GetMemberAndWriteJson(Object obj, WriteStack& state, Utf8JsonWriter writer)
   at System.Text.Json.Serialization.Converters.ObjectDefaultConverter`1.OnTryWrite(Utf8JsonWriter writer, T value, JsonSerializerOptions options, WriteStack& state)
   at System.Text.Json.Serialization.Metadata.JsonPropertyInfo`1.GetMemberAndWriteJson(Object obj, WriteStack& state, Utf8JsonWriter writer)
   at System.Text.Json.Serialization.Converters.ObjectDefaultConverter`1.OnTryWrite(Utf8JsonWriter writer, T value, JsonSerializerOptions options, WriteStack& state)
   at System.Text.Json.Serialization.Converters.IEnumerableDefaultConverter`2.OnWriteResume(Utf8JsonWriter writer, TCollection value, JsonSerializerOptions options, WriteStack& state)
   at System.Text.Json.Serialization.JsonCollectionConverter`2.OnTryWrite(Utf8JsonWriter writer, TCollection value, JsonSerializerOptions options, WriteStack& state)
   at System.Text.Json.Serialization.Metadata.JsonPropertyInfo`1.GetMemberAndWriteJson(Object obj, WriteStack& state, Utf8JsonWriter writer)
   at System.Text.Json.Serialization.Converters.ObjectDefaultConverter`1.OnTryWrite(Utf8JsonWriter writer, T value, JsonSerializerOptions options, WriteStack& state)
   at System.Text.Json.Serialization.Metadata.JsonPropertyInfo`1.GetMemberAndWriteJson(Object obj, WriteStack& state, Utf8JsonWriter writer)
   at System.Text.Json.Serialization.Converters.ObjectDefaultConverter`1.OnTryWrite(Utf8JsonWriter writer, T value, JsonSerializerOptions options, WriteStack& state)
   at System.Text.Json.Serialization.Converters.IEnumerableDefaultConverter`2.OnWriteResume(Utf8JsonWriter writer, TCollection value, JsonSerializerOptions options, WriteStack& state)
   at System.Text.Json.Serialization.JsonCollectionConverter`2.OnTryWrite(Utf8JsonWriter writer, TCollection value, JsonSerializerOptions options, WriteStack& state)
   at System.Text.Json.Serialization.Metadata.JsonPropertyInfo`1.GetMemberAndWriteJson(Object obj, WriteStack& state, Utf8JsonWriter writer)
   at System.Text.Json.Serialization.Converters.ObjectDefaultConverter`1.OnTryWrite(Utf8JsonWriter writer, T value, JsonSerializerOptions options, WriteStack& state)
   at System.Text.Json.Serialization.Metadata.JsonPropertyInfo`1.GetMemberAndWriteJson(Object obj, WriteStack& state, Utf8JsonWriter writer)
   at System.Text.Json.Serialization.Converters.ObjectDefaultConverter`1.OnTryWrite(Utf8JsonWriter writer, T value, JsonSerializerOptions options, WriteStack& state)
   at System.Text.Json.Serialization.Converters.IEnumerableDefaultConverter`2.OnWriteResume(Utf8JsonWriter writer, TCollection value, JsonSerializerOptions options, WriteStack& state)
   at System.Text.Json.Serialization.JsonCollectionConverter`2.OnTryWrite(Utf8JsonWriter writer, TCollection value, JsonSerializerOptions options, WriteStack& state)
   at System.Text.Json.Serialization.Metadata.JsonPropertyInfo`1.GetMemberAndWriteJson(Object obj, WriteStack& state, Utf8JsonWriter writer)
   at System.Text.Json.Serialization.Converters.ObjectDefaultConverter`1.OnTryWrite(Utf8JsonWriter writer, T value, JsonSerializerOptions options, WriteStack& state)
   at System.Text.Json.Serialization.Metadata.JsonPropertyInfo`1.GetMemberAndWriteJson(Object obj, WriteStack& state, Utf8JsonWriter writer)
   at System.Text.Json.Serialization.Converters.ObjectDefaultConverter`1.OnTryWrite(Utf8JsonWriter writer, T value, JsonSerializerOptions options, WriteStack& state)
   at System.Text.Json.Serialization.Converters.IEnumerableDefaultConverter`2.OnWriteResume(Utf8JsonWriter writer, TCollection value, JsonSerializerOptions options, WriteStack& state)
   at System.Text.Json.Serialization.JsonCollectionConverter`2.OnTryWrite(Utf8JsonWriter writer, TCollection value, JsonSerializerOptions options, WriteStack& state)
   at System.Text.Json.Serialization.Metadata.JsonPropertyInfo`1.GetMemberAndWriteJson(Object obj, WriteStack& state, Utf8JsonWriter writer)
   at System.Text.Json.Serialization.Converters.ObjectDefaultConverter`1.OnTryWrite(Utf8JsonWriter writer, T value, JsonSerializerOptions options, WriteStack& state)
   at System.Text.Json.Serialization.Metadata.JsonPropertyInfo`1.GetMemberAndWriteJson(Object obj, WriteStack& state, Utf8JsonWriter writer)
   at System.Text.Json.Serialization.Converters.ObjectDefaultConverter`1.OnTryWrite(Utf8JsonWriter writer, T value, JsonSerializerOptions options, WriteStack& state)
   at System.Text.Json.Serialization.Metadata.JsonPropertyInfo`1.GetMemberAndWriteJson(Object obj, WriteStack& state, Utf8JsonWriter writer)
   at System.Text.Json.Serialization.Converters.ObjectDefaultConverter`1.OnTryWrite(Utf8JsonWriter writer, T value, JsonSerializerOptions options, WriteStack& state)
   at System.Text.Json.Serialization.JsonConverter`1.TryWrite(Utf8JsonWriter writer, T& value, JsonSerializerOptions options, WriteStack& state)
   at System.Text.Json.Serialization.JsonConverter`1.WriteCore(Utf8JsonWriter writer, T& value, JsonSerializerOptions options, WriteStack& state)
   at System.Text.Json.Serialization.Metadata.JsonTypeInfo`1.SerializeAsync(PipeWriter pipeWriter, T rootValue, Int32 flushThreshold, CancellationToken cancellationToken, Object rootValueBoxed)
   at System.Text.Json.Serialization.Metadata.JsonTypeInfo`1.SerializeAsync(PipeWriter pipeWriter, T rootValue, Int32 flushThreshold, CancellationToken cancellationToken, Object rootValueBoxed)
   at System.Text.Json.Serialization.Metadata.JsonTypeInfo`1.SerializeAsync(PipeWriter pipeWriter, T rootValue, Int32 flushThreshold, CancellationToken cancellationToken, Object rootValueBoxed)
   at Microsoft.AspNetCore.Mvc.Formatters.SystemTextJsonOutputFormatter.WriteResponseBodyAsync(OutputFormatterWriteContext context, Encoding selectedEncoding)
   at Microsoft.AspNetCore.Mvc.Infrastructure.ResourceInvoker.<InvokeNextResultFilterAsync>g__Awaited|30_0[TFilter,TFilterAsync](ResourceInvoker invoker, Task lastTask, State next, Scope scope, Object state, Boolean isCompleted)
   at Microsoft.AspNetCore.Mvc.Infrastructure.ResourceInvoker.Rethrow(ResultExecutedContextSealed context)
   at Microsoft.AspNetCore.Mvc.Infrastructure.ResourceInvoker.ResultNext[TFilter,TFilterAsync](State& next, Scope& scope, Object& state, Boolean& isCompleted)
   at Microsoft.AspNetCore.Mvc.Infrastructure.ResourceInvoker.InvokeResultFilters()
--- End of stack trace from previous location ---
   at Microsoft.AspNetCore.Mvc.Infrastructure.ResourceInvoker.<InvokeFilterPipelineAsync>g__Awaited|20_0(ResourceInvoker invoker, Task lastTask, State next, Scope scope, Object state, Boolean isCompleted)
   at Microsoft.AspNetCore.Mvc.Infrastructure.ResourceInvoker.<InvokeAsync>g__Awaited|17_0(ResourceInvoker invoker, Task task, IDisposable scope)
   at Microsoft.AspNetCore.Mvc.Infrastructure.ResourceInvoker.<InvokeAsync>g__Awaited|17_0(ResourceInvoker invoker, Task task, IDisposable scope)
   at Freshwalk.API.Logging.AuditRequestLoggingMiddleware.InvokeAsync(HttpContext context, RequestDelegate next) in D:\Projects\Freshwalk Shoe Cleaning web app\API\Freshwalk.API\Logging\AuditRequestLoggingMiddleware.cs:line 63
   at Freshwalk.API.Logging.AuditRequestLoggingMiddleware.InvokeAsync(HttpContext context, RequestDelegate next) in D:\Projects\Freshwalk Shoe Cleaning web app\API\Freshwalk.API\Logging\AuditRequestLoggingMiddleware.cs:line 91
   at Freshwalk.API.Logging.AuditRequestLoggingMiddleware.InvokeAsync(HttpContext context, RequestDelegate next) in D:\Projects\Freshwalk Shoe Cleaning web app\API\Freshwalk.API\Logging\AuditRequestLoggingMiddleware.cs:line 91
   at Microsoft.AspNetCore.Builder.UseMiddlewareExtensions.InterfaceMiddlewareBinder.<>c__DisplayClass2_0.<<CreateMiddleware>b__0>d.MoveNext()
--- End of stack trace from previous location ---
   at Microsoft.AspNetCore.Authorization.AuthorizationMiddleware.Invoke(HttpContext context)
   at Microsoft.AspNetCore.Authentication.AuthenticationMiddleware.Invoke(HttpContext context)
   at Serilog.AspNetCore.RequestLoggingMiddleware.Invoke(HttpContext httpContext)
   at Swashbuckle.AspNetCore.SwaggerUI.SwaggerUIMiddleware.Invoke(HttpContext httpContext)
   at Swashbuckle.AspNetCore.Swagger.SwaggerMiddleware.Invoke(HttpContext httpContext, ISwaggerProvider swaggerProvider)
   at Microsoft.AspNetCore.Diagnostics.DeveloperExceptionPageMiddlewareImpl.Invoke(HttpContext context)
2026-03-29 13:17:28.924 +03:00 [INF] HTTP OPTIONS /api/agent/bookings/fe84829a-033b-48e4-90ec-be701ca528ca responded 204 in 0.0315 ms
2026-03-29 13:17:28.925 +03:00 [INF] HTTP OPTIONS /api/agent/riders responded 204 in 0.0166 ms
2026-03-29 13:17:29.171 +03:00 [INF] Executed DbCommand (241ms) [Parameters=[@__normalizedRoleName_0='?'], CommandType='"Text"', CommandTimeout='30']
SELECT f."Id", f."ConcurrencyStamp", f."Name", f."NormalizedName"
FROM "FreshwalkRoles" AS f
WHERE f."NormalizedName" = @__normalizedRoleName_0
LIMIT 2
2026-03-29 13:17:29.172 +03:00 [INF] Executed DbCommand (242ms) [Parameters=[@__id_0='?' (DbType = Guid)], CommandType='"Text"', CommandTimeout='30']
SELECT s."Id", s."AddOns", s."BookingReference", s."BundleDiscountPercent", s."CreatedAt", s."CustomerId", s."DiscountAmountKes", s."NubuckLines", s."OfficialLeatherLines", s."PickupAddress", s."PickupLatitude", s."PickupLocationUrl", s."PickupLongitude", s."PriceKes", s."SneakersLines", s."Status", s."SubtotalBeforeDiscountKes", s."SuedeLines", s."TotalPairs", s."Id0", s."AccessFailedCount", s."Address", s."ConcurrencyStamp", s."CreatedAt0", s."CustomerReference", s."Email", s."EmailConfirmed", s."FullName", s."IsActive", s."LockoutEnabled", s."LockoutEnd", s."NormalizedEmail", s."NormalizedUserName", s."PasswordHash", s."PhoneNumber", s."PhoneNumberConfirmed", s."SecurityStamp", s."TwoFactorEnabled", s."UserName", s."Id1", s."Amount", s."BookingId", s."CreatedAt1", s."MpesaCheckoutRequestId", s."MpesaMerchantRequestId", s."MpesaReceipt", s."PayerPhoneNumber", s."PaymentReference", s."Status0", s."Id2", s."AgentId", s."BookingId0", s."CleaningCompletedAt", s."CleaningStartedAt", s."CustomerId0", s."DeliveredAt", s."DeliveryOtp", s."DeliveryOtpExpiresAt", s."DeliveryOtpVerifiedAt", s."OrderReference", s."PickedUpAt", s."PickupOtp", s."PickupOtpExpiresAt", s."PickupOtpVerifiedAt", s."Status1", s0."Id", s0."AssignedAt", s0."AssignmentReference", s0."AssignmentType", s0."CompletedAt", s0."Notes", s0."OrderId", s0."RiderId", s0."Status", s0."Id0", s0."AccessFailedCount", s0."Address", s0."ConcurrencyStamp", s0."CreatedAt", s0."CustomerReference", s0."Email", s0."EmailConfirmed", s0."FullName", s0."IsActive", s0."LockoutEnabled", s0."LockoutEnd", s0."NormalizedEmail", s0."NormalizedUserName", s0."PasswordHash", s0."PhoneNumber", s0."PhoneNumberConfirmed", s0."SecurityStamp", s0."TwoFactorEnabled", s0."UserName"
FROM (
    SELECT b."Id", b."AddOns", b."BookingReference", b."BundleDiscountPercent", b."CreatedAt", b."CustomerId", b."DiscountAmountKes", b."NubuckLines", b."OfficialLeatherLines", b."PickupAddress", b."PickupLatitude", b."PickupLocationUrl", b."PickupLongitude", b."PriceKes", b."SneakersLines", b."Status", b."SubtotalBeforeDiscountKes", b."SuedeLines", b."TotalPairs", f."Id" AS "Id0", f."AccessFailedCount", f."Address", f."ConcurrencyStamp", f."CreatedAt" AS "CreatedAt0", f."CustomerReference", f."Email", f."EmailConfirmed", f."FullName", f."IsActive", f."LockoutEnabled", f."LockoutEnd", f."NormalizedEmail", f."NormalizedUserName", f."PasswordHash", f."PhoneNumber", f."PhoneNumberConfirmed", f."SecurityStamp", f."TwoFactorEnabled", f."UserName", p."Id" AS "Id1", p."Amount", p."BookingId", p."CreatedAt" AS "CreatedAt1", p."MpesaCheckoutRequestId", p."MpesaMerchantRequestId", p."MpesaReceipt", p."PayerPhoneNumber", p."PaymentReference", p."Status" AS "Status0", o."Id" AS "Id2", o."AgentId", o."BookingId" AS "BookingId0", o."CleaningCompletedAt", o."CleaningStartedAt", o."CustomerId" AS "CustomerId0", o."DeliveredAt", o."DeliveryOtp", o."DeliveryOtpExpiresAt", o."DeliveryOtpVerifiedAt", o."OrderReference", o."PickedUpAt", o."PickupOtp", o."PickupOtpExpiresAt", o."PickupOtpVerifiedAt", o."Status" AS "Status1"
    FROM "Bookings" AS b
    INNER JOIN "FreshwalkUsers" AS f ON b."CustomerId" = f."Id"
    LEFT JOIN "Payments" AS p ON b."Id" = p."BookingId"
    LEFT JOIN "Orders" AS o ON b."Id" = o."BookingId"
    WHERE b."Id" = @__id_0
    LIMIT 1
) AS s
LEFT JOIN (
    SELECT o0."Id", o0."AssignedAt", o0."AssignmentReference", o0."AssignmentType", o0."CompletedAt", o0."Notes", o0."OrderId", o0."RiderId", o0."Status", f0."Id" AS "Id0", f0."AccessFailedCount", f0."Address", f0."ConcurrencyStamp", f0."CreatedAt", f0."CustomerReference", f0."Email", f0."EmailConfirmed", f0."FullName", f0."IsActive", f0."LockoutEnabled", f0."LockoutEnd", f0."NormalizedEmail", f0."NormalizedUserName", f0."PasswordHash", f0."PhoneNumber", f0."PhoneNumberConfirmed", f0."SecurityStamp", f0."TwoFactorEnabled", f0."UserName"
    FROM "OrderRiderAssignments" AS o0
    INNER JOIN "FreshwalkUsers" AS f0 ON o0."RiderId" = f0."Id"
) AS s0 ON s."Id2" = s0."OrderId"
ORDER BY s."Id", s."Id0", s."Id1", s."Id2", s0."Id"
2026-03-29 13:17:29.342 +03:00 [INF] Executed DbCommand (156ms) [Parameters=[@__p_0='?' (DbType = Guid)], CommandType='"Text"', CommandTimeout='30']
SELECT f."Id", f."AccessFailedCount", f."Address", f."ConcurrencyStamp", f."CreatedAt", f."CustomerReference", f."Email", f."EmailConfirmed", f."FullName", f."IsActive", f."LockoutEnabled", f."LockoutEnd", f."NormalizedEmail", f."NormalizedUserName", f."PasswordHash", f."PhoneNumber", f."PhoneNumberConfirmed", f."SecurityStamp", f."TwoFactorEnabled", f."UserName"
FROM "FreshwalkUsers" AS f
WHERE f."Id" = @__p_0
LIMIT 1
2026-03-29 13:17:29.350 +03:00 [INF] HTTP GET /api/agent/bookings/fe84829a-033b-48e4-90ec-be701ca528ca responded 200 in 421.9568 ms
2026-03-29 13:17:29.394 +03:00 [INF] Executed DbCommand (217ms) [Parameters=[@__role_Id_0='?' (DbType = Guid)], CommandType='"Text"', CommandTimeout='30']
SELECT f0."Id", f0."AccessFailedCount", f0."Address", f0."ConcurrencyStamp", f0."CreatedAt", f0."CustomerReference", f0."Email", f0."EmailConfirmed", f0."FullName", f0."IsActive", f0."LockoutEnabled", f0."LockoutEnd", f0."NormalizedEmail", f0."NormalizedUserName", f0."PasswordHash", f0."PhoneNumber", f0."PhoneNumberConfirmed", f0."SecurityStamp", f0."TwoFactorEnabled", f0."UserName"
FROM "FreshwalkUserRoles" AS f
INNER JOIN "FreshwalkUsers" AS f0 ON f."UserId" = f0."Id"
WHERE f."RoleId" = @__role_Id_0
2026-03-29 13:17:29.618 +03:00 [INF] Executed DbCommand (218ms) [Parameters=[], CommandType='"Text"', CommandTimeout='30']
SELECT r."Id", r."BikeRegistration", r."IsAvailable", r."UserId"
FROM "RiderProfiles" AS r
2026-03-29 13:17:29.777 +03:00 [INF] Executed DbCommand (154ms) [Parameters=[@__p_0='?' (DbType = Guid)], CommandType='"Text"', CommandTimeout='30']
SELECT f."Id", f."AccessFailedCount", f."Address", f."ConcurrencyStamp", f."CreatedAt", f."CustomerReference", f."Email", f."EmailConfirmed", f."FullName", f."IsActive", f."LockoutEnabled", f."LockoutEnd", f."NormalizedEmail", f."NormalizedUserName", f."PasswordHash", f."PhoneNumber", f."PhoneNumberConfirmed", f."SecurityStamp", f."TwoFactorEnabled", f."UserName"
FROM "FreshwalkUsers" AS f
WHERE f."Id" = @__p_0
LIMIT 1
2026-03-29 13:17:29.784 +03:00 [INF] HTTP GET /api/agent/riders responded 200 in 854.0636 ms
2026-03-29 13:17:30.093 +03:00 [INF] Executed DbCommand (300ms) [Parameters=[@__id_0='?' (DbType = Guid)], CommandType='"Text"', CommandTimeout='30']
SELECT s."Id", s."AgentId", s."BookingId", s."CleaningCompletedAt", s."CleaningStartedAt", s."CustomerId", s."DeliveredAt", s."DeliveryOtp", s."DeliveryOtpExpiresAt", s."DeliveryOtpVerifiedAt", s."OrderReference", s."PickedUpAt", s."PickupOtp", s."PickupOtpExpiresAt", s."PickupOtpVerifiedAt", s."Status", s."Id0", s."AddOns", s."BookingReference", s."BundleDiscountPercent", s."CreatedAt", s."CustomerId0", s."DiscountAmountKes", s."NubuckLines", s."OfficialLeatherLines", s."PickupAddress", s."PickupLatitude", s."PickupLocationUrl", s."PickupLongitude", s."PriceKes", s."SneakersLines", s."Status0", s."SubtotalBeforeDiscountKes", s."SuedeLines", s."TotalPairs", s."Id1", s."AccessFailedCount", s."Address", s."ConcurrencyStamp", s."CreatedAt0", s."CustomerReference", s."Email", s."EmailConfirmed", s."FullName", s."IsActive", s."LockoutEnabled", s."LockoutEnd", s."NormalizedEmail", s."NormalizedUserName", s."PasswordHash", s."PhoneNumber", s."PhoneNumberConfirmed", s."SecurityStamp", s."TwoFactorEnabled", s."UserName", s."Id2", s."Amount", s."BookingId0", s."CreatedAt1", s."MpesaCheckoutRequestId", s."MpesaMerchantRequestId", s."MpesaReceipt", s."PayerPhoneNumber", s."PaymentReference", s."Status1", s0."Id", s0."AssignedAt", s0."AssignmentReference", s0."AssignmentType", s0."CompletedAt", s0."Notes", s0."OrderId", s0."RiderId", s0."Status", s0."Id0", s0."AccessFailedCount", s0."Address", s0."ConcurrencyStamp", s0."CreatedAt", s0."CustomerReference", s0."Email", s0."EmailConfirmed", s0."FullName", s0."IsActive", s0."LockoutEnabled", s0."LockoutEnd", s0."NormalizedEmail", s0."NormalizedUserName", s0."PasswordHash", s0."PhoneNumber", s0."PhoneNumberConfirmed", s0."SecurityStamp", s0."TwoFactorEnabled", s0."UserName"
FROM (
    SELECT o."Id", o."AgentId", o."BookingId", o."CleaningCompletedAt", o."CleaningStartedAt", o."CustomerId", o."DeliveredAt", o."DeliveryOtp", o."DeliveryOtpExpiresAt", o."DeliveryOtpVerifiedAt", o."OrderReference", o."PickedUpAt", o."PickupOtp", o."PickupOtpExpiresAt", o."PickupOtpVerifiedAt", o."Status", b."Id" AS "Id0", b."AddOns", b."BookingReference", b."BundleDiscountPercent", b."CreatedAt", b."CustomerId" AS "CustomerId0", b."DiscountAmountKes", b."NubuckLines", b."OfficialLeatherLines", b."PickupAddress", b."PickupLatitude", b."PickupLocationUrl", b."PickupLongitude", b."PriceKes", b."SneakersLines", b."Status" AS "Status0", b."SubtotalBeforeDiscountKes", b."SuedeLines", b."TotalPairs", f."Id" AS "Id1", f."AccessFailedCount", f."Address", f."ConcurrencyStamp", f."CreatedAt" AS "CreatedAt0", f."CustomerReference", f."Email", f."EmailConfirmed", f."FullName", f."IsActive", f."LockoutEnabled", f."LockoutEnd", f."NormalizedEmail", f."NormalizedUserName", f."PasswordHash", f."PhoneNumber", f."PhoneNumberConfirmed", f."SecurityStamp", f."TwoFactorEnabled", f."UserName", p."Id" AS "Id2", p."Amount", p."BookingId" AS "BookingId0", p."CreatedAt" AS "CreatedAt1", p."MpesaCheckoutRequestId", p."MpesaMerchantRequestId", p."MpesaReceipt", p."PayerPhoneNumber", p."PaymentReference", p."Status" AS "Status1"
    FROM "Orders" AS o
    INNER JOIN "Bookings" AS b ON o."BookingId" = b."Id"
    INNER JOIN "FreshwalkUsers" AS f ON b."CustomerId" = f."Id"
    LEFT JOIN "Payments" AS p ON b."Id" = p."BookingId"
    WHERE o."Id" = @__id_0
    LIMIT 1
) AS s
LEFT JOIN (
    SELECT o0."Id", o0."AssignedAt", o0."AssignmentReference", o0."AssignmentType", o0."CompletedAt", o0."Notes", o0."OrderId", o0."RiderId", o0."Status", f0."Id" AS "Id0", f0."AccessFailedCount", f0."Address", f0."ConcurrencyStamp", f0."CreatedAt", f0."CustomerReference", f0."Email", f0."EmailConfirmed", f0."FullName", f0."IsActive", f0."LockoutEnabled", f0."LockoutEnd", f0."NormalizedEmail", f0."NormalizedUserName", f0."PasswordHash", f0."PhoneNumber", f0."PhoneNumberConfirmed", f0."SecurityStamp", f0."TwoFactorEnabled", f0."UserName"
    FROM "OrderRiderAssignments" AS o0
    INNER JOIN "FreshwalkUsers" AS f0 ON o0."RiderId" = f0."Id"
) AS s0 ON s."Id" = s0."OrderId"
ORDER BY s."Id", s."Id0", s."Id1", s."Id2", s0."Id"
2026-03-29 13:17:30.400 +03:00 [INF] Executed DbCommand (294ms) [Parameters=[@__p_0='?' (DbType = Guid)], CommandType='"Text"', CommandTimeout='30']
SELECT f."Id", f."AccessFailedCount", f."Address", f."ConcurrencyStamp", f."CreatedAt", f."CustomerReference", f."Email", f."EmailConfirmed", f."FullName", f."IsActive", f."LockoutEnabled", f."LockoutEnd", f."NormalizedEmail", f."NormalizedUserName", f."PasswordHash", f."PhoneNumber", f."PhoneNumberConfirmed", f."SecurityStamp", f."TwoFactorEnabled", f."UserName"
FROM "FreshwalkUsers" AS f
WHERE f."Id" = @__p_0
LIMIT 1
2026-03-29 13:17:30.408 +03:00 [ERR] HTTP GET /api/orders/21381961-9ec7-45ff-887a-288a0e1ea182 responded 500 in 617.1415 ms
System.Text.Json.JsonException: A possible object cycle was detected. This can either be due to a cycle or if the object depth is larger than the maximum allowed depth of 32. Consider using ReferenceHandler.Preserve on JsonSerializerOptions to support cycles. Path: $.Booking.Customer.Bookings.Customer.Bookings.Customer.Bookings.Customer.Bookings.Customer.Bookings.Customer.Bookings.Customer.Bookings.Customer.Bookings.Customer.Bookings.Customer.Bookings.Id.
   at System.Text.Json.ThrowHelper.ThrowJsonException_SerializerCycleDetected(Int32 maxDepth)
   at System.Text.Json.Serialization.Metadata.JsonPropertyInfo`1.GetMemberAndWriteJson(Object obj, WriteStack& state, Utf8JsonWriter writer)
   at System.Text.Json.Serialization.Converters.ObjectDefaultConverter`1.OnTryWrite(Utf8JsonWriter writer, T value, JsonSerializerOptions options, WriteStack& state)
   at System.Text.Json.Serialization.Converters.IEnumerableDefaultConverter`2.OnWriteResume(Utf8JsonWriter writer, TCollection value, JsonSerializerOptions options, WriteStack& state)
   at System.Text.Json.Serialization.JsonCollectionConverter`2.OnTryWrite(Utf8JsonWriter writer, TCollection value, JsonSerializerOptions options, WriteStack& state)
   at System.Text.Json.Serialization.Metadata.JsonPropertyInfo`1.GetMemberAndWriteJson(Object obj, WriteStack& state, Utf8JsonWriter writer)
   at System.Text.Json.Serialization.Converters.ObjectDefaultConverter`1.OnTryWrite(Utf8JsonWriter writer, T value, JsonSerializerOptions options, WriteStack& state)
   at System.Text.Json.Serialization.Metadata.JsonPropertyInfo`1.GetMemberAndWriteJson(Object obj, WriteStack& state, Utf8JsonWriter writer)
   at System.Text.Json.Serialization.Converters.ObjectDefaultConverter`1.OnTryWrite(Utf8JsonWriter writer, T value, JsonSerializerOptions options, WriteStack& state)
   at System.Text.Json.Serialization.Converters.IEnumerableDefaultConverter`2.OnWriteResume(Utf8JsonWriter writer, TCollection value, JsonSerializerOptions options, WriteStack& state)
   at System.Text.Json.Serialization.JsonCollectionConverter`2.OnTryWrite(Utf8JsonWriter writer, TCollection value, JsonSerializerOptions options, WriteStack& state)
   at System.Text.Json.Serialization.Metadata.JsonPropertyInfo`1.GetMemberAndWriteJson(Object obj, WriteStack& state, Utf8JsonWriter writer)
   at System.Text.Json.Serialization.Converters.ObjectDefaultConverter`1.OnTryWrite(Utf8JsonWriter writer, T value, JsonSerializerOptions options, WriteStack& state)
   at System.Text.Json.Serialization.Metadata.JsonPropertyInfo`1.GetMemberAndWriteJson(Object obj, WriteStack& state, Utf8JsonWriter writer)
   at System.Text.Json.Serialization.Converters.ObjectDefaultConverter`1.OnTryWrite(Utf8JsonWriter writer, T value, JsonSerializerOptions options, WriteStack& state)
   at System.Text.Json.Serialization.Converters.IEnumerableDefaultConverter`2.OnWriteResume(Utf8JsonWriter writer, TCollection value, JsonSerializerOptions options, WriteStack& state)
   at System.Text.Json.Serialization.JsonCollectionConverter`2.OnTryWrite(Utf8JsonWriter writer, TCollection value, JsonSerializerOptions options, WriteStack& state)
   at System.Text.Json.Serialization.Metadata.JsonPropertyInfo`1.GetMemberAndWriteJson(Object obj, WriteStack& state, Utf8JsonWriter writer)
   at System.Text.Json.Serialization.Converters.ObjectDefaultConverter`1.OnTryWrite(Utf8JsonWriter writer, T value, JsonSerializerOptions options, WriteStack& state)
   at System.Text.Json.Serialization.Metadata.JsonPropertyInfo`1.GetMemberAndWriteJson(Object obj, WriteStack& state, Utf8JsonWriter writer)
   at System.Text.Json.Serialization.Converters.ObjectDefaultConverter`1.OnTryWrite(Utf8JsonWriter writer, T value, JsonSerializerOptions options, WriteStack& state)
   at System.Text.Json.Serialization.Converters.IEnumerableDefaultConverter`2.OnWriteResume(Utf8JsonWriter writer, TCollection value, JsonSerializerOptions options, WriteStack& state)
   at System.Text.Json.Serialization.JsonCollectionConverter`2.OnTryWrite(Utf8JsonWriter writer, TCollection value, JsonSerializerOptions options, WriteStack& state)
   at System.Text.Json.Serialization.Metadata.JsonPropertyInfo`1.GetMemberAndWriteJson(Object obj, WriteStack& state, Utf8JsonWriter writer)
   at System.Text.Json.Serialization.Converters.ObjectDefaultConverter`1.OnTryWrite(Utf8JsonWriter writer, T value, JsonSerializerOptions options, WriteStack& state)
   at System.Text.Json.Serialization.Metadata.JsonPropertyInfo`1.GetMemberAndWriteJson(Object obj, WriteStack& state, Utf8JsonWriter writer)
   at System.Text.Json.Serialization.Converters.ObjectDefaultConverter`1.OnTryWrite(Utf8JsonWriter writer, T value, JsonSerializerOptions options, WriteStack& state)
   at System.Text.Json.Serialization.Converters.IEnumerableDefaultConverter`2.OnWriteResume(Utf8JsonWriter writer, TCollection value, JsonSerializerOptions options, WriteStack& state)
   at System.Text.Json.Serialization.JsonCollectionConverter`2.OnTryWrite(Utf8JsonWriter writer, TCollection value, JsonSerializerOptions options, WriteStack& state)
   at System.Text.Json.Serialization.Metadata.JsonPropertyInfo`1.GetMemberAndWriteJson(Object obj, WriteStack& state, Utf8JsonWriter writer)
   at System.Text.Json.Serialization.Converters.ObjectDefaultConverter`1.OnTryWrite(Utf8JsonWriter writer, T value, JsonSerializerOptions options, WriteStack& state)
   at System.Text.Json.Serialization.Metadata.JsonPropertyInfo`1.GetMemberAndWriteJson(Object obj, WriteStack& state, Utf8JsonWriter writer)
   at System.Text.Json.Serialization.Converters.ObjectDefaultConverter`1.OnTryWrite(Utf8JsonWriter writer, T value, JsonSerializerOptions options, WriteStack& state)
   at System.Text.Json.Serialization.Converters.IEnumerableDefaultConverter`2.OnWriteResume(Utf8JsonWriter writer, TCollection value, JsonSerializerOptions options, WriteStack& state)
   at System.Text.Json.Serialization.JsonCollectionConverter`2.OnTryWrite(Utf8JsonWriter writer, TCollection value, JsonSerializerOptions options, WriteStack& state)
   at System.Text.Json.Serialization.Metadata.JsonPropertyInfo`1.GetMemberAndWriteJson(Object obj, WriteStack& state, Utf8JsonWriter writer)
   at System.Text.Json.Serialization.Converters.ObjectDefaultConverter`1.OnTryWrite(Utf8JsonWriter writer, T value, JsonSerializerOptions options, WriteStack& state)
   at System.Text.Json.Serialization.Metadata.JsonPropertyInfo`1.GetMemberAndWriteJson(Object obj, WriteStack& state, Utf8JsonWriter writer)
   at System.Text.Json.Serialization.Converters.ObjectDefaultConverter`1.OnTryWrite(Utf8JsonWriter writer, T value, JsonSerializerOptions options, WriteStack& state)
   at System.Text.Json.Serialization.Converters.IEnumerableDefaultConverter`2.OnWriteResume(Utf8JsonWriter writer, TCollection value, JsonSerializerOptions options, WriteStack& state)
   at System.Text.Json.Serialization.JsonCollectionConverter`2.OnTryWrite(Utf8JsonWriter writer, TCollection value, JsonSerializerOptions options, WriteStack& state)
   at System.Text.Json.Serialization.Metadata.JsonPropertyInfo`1.GetMemberAndWriteJson(Object obj, WriteStack& state, Utf8JsonWriter writer)
   at System.Text.Json.Serialization.Converters.ObjectDefaultConverter`1.OnTryWrite(Utf8JsonWriter writer, T value, JsonSerializerOptions options, WriteStack& state)
   at System.Text.Json.Serialization.Metadata.JsonPropertyInfo`1.GetMemberAndWriteJson(Object obj, WriteStack& state, Utf8JsonWriter writer)
   at System.Text.Json.Serialization.Converters.ObjectDefaultConverter`1.OnTryWrite(Utf8JsonWriter writer, T value, JsonSerializerOptions options, WriteStack& state)
   at System.Text.Json.Serialization.Converters.IEnumerableDefaultConverter`2.OnWriteResume(Utf8JsonWriter writer, TCollection value, JsonSerializerOptions options, WriteStack& state)
   at System.Text.Json.Serialization.JsonCollectionConverter`2.OnTryWrite(Utf8JsonWriter writer, TCollection value, JsonSerializerOptions options, WriteStack& state)
   at System.Text.Json.Serialization.Metadata.JsonPropertyInfo`1.GetMemberAndWriteJson(Object obj, WriteStack& state, Utf8JsonWriter writer)
   at System.Text.Json.Serialization.Converters.ObjectDefaultConverter`1.OnTryWrite(Utf8JsonWriter writer, T value, JsonSerializerOptions options, WriteStack& state)
   at System.Text.Json.Serialization.Metadata.JsonPropertyInfo`1.GetMemberAndWriteJson(Object obj, WriteStack& state, Utf8JsonWriter writer)
   at System.Text.Json.Serialization.Converters.ObjectDefaultConverter`1.OnTryWrite(Utf8JsonWriter writer, T value, JsonSerializerOptions options, WriteStack& state)
   at System.Text.Json.Serialization.Converters.IEnumerableDefaultConverter`2.OnWriteResume(Utf8JsonWriter writer, TCollection value, JsonSerializerOptions options, WriteStack& state)
   at System.Text.Json.Serialization.JsonCollectionConverter`2.OnTryWrite(Utf8JsonWriter writer, TCollection value, JsonSerializerOptions options, WriteStack& state)
   at System.Text.Json.Serialization.Metadata.JsonPropertyInfo`1.GetMemberAndWriteJson(Object obj, WriteStack& state, Utf8JsonWriter writer)
   at System.Text.Json.Serialization.Converters.ObjectDefaultConverter`1.OnTryWrite(Utf8JsonWriter writer, T value, JsonSerializerOptions options, WriteStack& state)
   at System.Text.Json.Serialization.Metadata.JsonPropertyInfo`1.GetMemberAndWriteJson(Object obj, WriteStack& state, Utf8JsonWriter writer)
   at System.Text.Json.Serialization.Converters.ObjectDefaultConverter`1.OnTryWrite(Utf8JsonWriter writer, T value, JsonSerializerOptions options, WriteStack& state)
   at System.Text.Json.Serialization.Converters.IEnumerableDefaultConverter`2.OnWriteResume(Utf8JsonWriter writer, TCollection value, JsonSerializerOptions options, WriteStack& state)
   at System.Text.Json.Serialization.JsonCollectionConverter`2.OnTryWrite(Utf8JsonWriter writer, TCollection value, JsonSerializerOptions options, WriteStack& state)
   at System.Text.Json.Serialization.Metadata.JsonPropertyInfo`1.GetMemberAndWriteJson(Object obj, WriteStack& state, Utf8JsonWriter writer)
   at System.Text.Json.Serialization.Converters.ObjectDefaultConverter`1.OnTryWrite(Utf8JsonWriter writer, T value, JsonSerializerOptions options, WriteStack& state)
   at System.Text.Json.Serialization.Metadata.JsonPropertyInfo`1.GetMemberAndWriteJson(Object obj, WriteStack& state, Utf8JsonWriter writer)
   at System.Text.Json.Serialization.Converters.ObjectDefaultConverter`1.OnTryWrite(Utf8JsonWriter writer, T value, JsonSerializerOptions options, WriteStack& state)
   at System.Text.Json.Serialization.Metadata.JsonPropertyInfo`1.GetMemberAndWriteJson(Object obj, WriteStack& state, Utf8JsonWriter writer)
   at System.Text.Json.Serialization.Converters.ObjectDefaultConverter`1.OnTryWrite(Utf8JsonWriter writer, T value, JsonSerializerOptions options, WriteStack& state)
   at System.Text.Json.Serialization.JsonConverter`1.TryWrite(Utf8JsonWriter writer, T& value, JsonSerializerOptions options, WriteStack& state)
   at System.Text.Json.Serialization.JsonConverter`1.WriteCore(Utf8JsonWriter writer, T& value, JsonSerializerOptions options, WriteStack& state)
   at System.Text.Json.Serialization.Metadata.JsonTypeInfo`1.SerializeAsync(PipeWriter pipeWriter, T rootValue, Int32 flushThreshold, CancellationToken cancellationToken, Object rootValueBoxed)
   at System.Text.Json.Serialization.Metadata.JsonTypeInfo`1.SerializeAsync(PipeWriter pipeWriter, T rootValue, Int32 flushThreshold, CancellationToken cancellationToken, Object rootValueBoxed)
   at System.Text.Json.Serialization.Metadata.JsonTypeInfo`1.SerializeAsync(PipeWriter pipeWriter, T rootValue, Int32 flushThreshold, CancellationToken cancellationToken, Object rootValueBoxed)
   at Microsoft.AspNetCore.Mvc.Formatters.SystemTextJsonOutputFormatter.WriteResponseBodyAsync(OutputFormatterWriteContext context, Encoding selectedEncoding)
   at Microsoft.AspNetCore.Mvc.Infrastructure.ResourceInvoker.<InvokeNextResultFilterAsync>g__Awaited|30_0[TFilter,TFilterAsync](ResourceInvoker invoker, Task lastTask, State next, Scope scope, Object state, Boolean isCompleted)
   at Microsoft.AspNetCore.Mvc.Infrastructure.ResourceInvoker.Rethrow(ResultExecutedContextSealed context)
   at Microsoft.AspNetCore.Mvc.Infrastructure.ResourceInvoker.ResultNext[TFilter,TFilterAsync](State& next, Scope& scope, Object& state, Boolean& isCompleted)
   at Microsoft.AspNetCore.Mvc.Infrastructure.ResourceInvoker.InvokeResultFilters()
--- End of stack trace from previous location ---
   at Microsoft.AspNetCore.Mvc.Infrastructure.ResourceInvoker.<InvokeFilterPipelineAsync>g__Awaited|20_0(ResourceInvoker invoker, Task lastTask, State next, Scope scope, Object state, Boolean isCompleted)
   at Microsoft.AspNetCore.Mvc.Infrastructure.ResourceInvoker.<InvokeAsync>g__Awaited|17_0(ResourceInvoker invoker, Task task, IDisposable scope)
   at Microsoft.AspNetCore.Mvc.Infrastructure.ResourceInvoker.<InvokeAsync>g__Awaited|17_0(ResourceInvoker invoker, Task task, IDisposable scope)
   at Freshwalk.API.Logging.AuditRequestLoggingMiddleware.InvokeAsync(HttpContext context, RequestDelegate next) in D:\Projects\Freshwalk Shoe Cleaning web app\API\Freshwalk.API\Logging\AuditRequestLoggingMiddleware.cs:line 63
   at Freshwalk.API.Logging.AuditRequestLoggingMiddleware.InvokeAsync(HttpContext context, RequestDelegate next) in D:\Projects\Freshwalk Shoe Cleaning web app\API\Freshwalk.API\Logging\AuditRequestLoggingMiddleware.cs:line 91
   at Freshwalk.API.Logging.AuditRequestLoggingMiddleware.InvokeAsync(HttpContext context, RequestDelegate next) in D:\Projects\Freshwalk Shoe Cleaning web app\API\Freshwalk.API\Logging\AuditRequestLoggingMiddleware.cs:line 91
   at Microsoft.AspNetCore.Builder.UseMiddlewareExtensions.InterfaceMiddlewareBinder.<>c__DisplayClass2_0.<<CreateMiddleware>b__0>d.MoveNext()
--- End of stack trace from previous location ---
   at Microsoft.AspNetCore.Authorization.AuthorizationMiddleware.Invoke(HttpContext context)
   at Microsoft.AspNetCore.Authentication.AuthenticationMiddleware.Invoke(HttpContext context)
   at Serilog.AspNetCore.RequestLoggingMiddleware.Invoke(HttpContext httpContext)
2026-03-29 13:17:30.463 +03:00 [ERR] An unhandled exception has occurred while executing the request.
System.Text.Json.JsonException: A possible object cycle was detected. This can either be due to a cycle or if the object depth is larger than the maximum allowed depth of 32. Consider using ReferenceHandler.Preserve on JsonSerializerOptions to support cycles. Path: $.Booking.Customer.Bookings.Customer.Bookings.Customer.Bookings.Customer.Bookings.Customer.Bookings.Customer.Bookings.Customer.Bookings.Customer.Bookings.Customer.Bookings.Customer.Bookings.Id.
   at System.Text.Json.ThrowHelper.ThrowJsonException_SerializerCycleDetected(Int32 maxDepth)
   at System.Text.Json.Serialization.Metadata.JsonPropertyInfo`1.GetMemberAndWriteJson(Object obj, WriteStack& state, Utf8JsonWriter writer)
   at System.Text.Json.Serialization.Converters.ObjectDefaultConverter`1.OnTryWrite(Utf8JsonWriter writer, T value, JsonSerializerOptions options, WriteStack& state)
   at System.Text.Json.Serialization.Converters.IEnumerableDefaultConverter`2.OnWriteResume(Utf8JsonWriter writer, TCollection value, JsonSerializerOptions options, WriteStack& state)
   at System.Text.Json.Serialization.JsonCollectionConverter`2.OnTryWrite(Utf8JsonWriter writer, TCollection value, JsonSerializerOptions options, WriteStack& state)
   at System.Text.Json.Serialization.Metadata.JsonPropertyInfo`1.GetMemberAndWriteJson(Object obj, WriteStack& state, Utf8JsonWriter writer)
   at System.Text.Json.Serialization.Converters.ObjectDefaultConverter`1.OnTryWrite(Utf8JsonWriter writer, T value, JsonSerializerOptions options, WriteStack& state)
   at System.Text.Json.Serialization.Metadata.JsonPropertyInfo`1.GetMemberAndWriteJson(Object obj, WriteStack& state, Utf8JsonWriter writer)
   at System.Text.Json.Serialization.Converters.ObjectDefaultConverter`1.OnTryWrite(Utf8JsonWriter writer, T value, JsonSerializerOptions options, WriteStack& state)
   at System.Text.Json.Serialization.Converters.IEnumerableDefaultConverter`2.OnWriteResume(Utf8JsonWriter writer, TCollection value, JsonSerializerOptions options, WriteStack& state)
   at System.Text.Json.Serialization.JsonCollectionConverter`2.OnTryWrite(Utf8JsonWriter writer, TCollection value, JsonSerializerOptions options, WriteStack& state)
   at System.Text.Json.Serialization.Metadata.JsonPropertyInfo`1.GetMemberAndWriteJson(Object obj, WriteStack& state, Utf8JsonWriter writer)
   at System.Text.Json.Serialization.Converters.ObjectDefaultConverter`1.OnTryWrite(Utf8JsonWriter writer, T value, JsonSerializerOptions options, WriteStack& state)
   at System.Text.Json.Serialization.Metadata.JsonPropertyInfo`1.GetMemberAndWriteJson(Object obj, WriteStack& state, Utf8JsonWriter writer)
   at System.Text.Json.Serialization.Converters.ObjectDefaultConverter`1.OnTryWrite(Utf8JsonWriter writer, T value, JsonSerializerOptions options, WriteStack& state)
   at System.Text.Json.Serialization.Converters.IEnumerableDefaultConverter`2.OnWriteResume(Utf8JsonWriter writer, TCollection value, JsonSerializerOptions options, WriteStack& state)
   at System.Text.Json.Serialization.JsonCollectionConverter`2.OnTryWrite(Utf8JsonWriter writer, TCollection value, JsonSerializerOptions options, WriteStack& state)
   at System.Text.Json.Serialization.Metadata.JsonPropertyInfo`1.GetMemberAndWriteJson(Object obj, WriteStack& state, Utf8JsonWriter writer)
   at System.Text.Json.Serialization.Converters.ObjectDefaultConverter`1.OnTryWrite(Utf8JsonWriter writer, T value, JsonSerializerOptions options, WriteStack& state)
   at System.Text.Json.Serialization.Metadata.JsonPropertyInfo`1.GetMemberAndWriteJson(Object obj, WriteStack& state, Utf8JsonWriter writer)
   at System.Text.Json.Serialization.Converters.ObjectDefaultConverter`1.OnTryWrite(Utf8JsonWriter writer, T value, JsonSerializerOptions options, WriteStack& state)
   at System.Text.Json.Serialization.Converters.IEnumerableDefaultConverter`2.OnWriteResume(Utf8JsonWriter writer, TCollection value, JsonSerializerOptions options, WriteStack& state)
   at System.Text.Json.Serialization.JsonCollectionConverter`2.OnTryWrite(Utf8JsonWriter writer, TCollection value, JsonSerializerOptions options, WriteStack& state)
   at System.Text.Json.Serialization.Metadata.JsonPropertyInfo`1.GetMemberAndWriteJson(Object obj, WriteStack& state, Utf8JsonWriter writer)
   at System.Text.Json.Serialization.Converters.ObjectDefaultConverter`1.OnTryWrite(Utf8JsonWriter writer, T value, JsonSerializerOptions options, WriteStack& state)
   at System.Text.Json.Serialization.Metadata.JsonPropertyInfo`1.GetMemberAndWriteJson(Object obj, WriteStack& state, Utf8JsonWriter writer)
   at System.Text.Json.Serialization.Converters.ObjectDefaultConverter`1.OnTryWrite(Utf8JsonWriter writer, T value, JsonSerializerOptions options, WriteStack& state)
   at System.Text.Json.Serialization.Converters.IEnumerableDefaultConverter`2.OnWriteResume(Utf8JsonWriter writer, TCollection value, JsonSerializerOptions options, WriteStack& state)
   at System.Text.Json.Serialization.JsonCollectionConverter`2.OnTryWrite(Utf8JsonWriter writer, TCollection value, JsonSerializerOptions options, WriteStack& state)
   at System.Text.Json.Serialization.Metadata.JsonPropertyInfo`1.GetMemberAndWriteJson(Object obj, WriteStack& state, Utf8JsonWriter writer)
   at System.Text.Json.Serialization.Converters.ObjectDefaultConverter`1.OnTryWrite(Utf8JsonWriter writer, T value, JsonSerializerOptions options, WriteStack& state)
   at System.Text.Json.Serialization.Metadata.JsonPropertyInfo`1.GetMemberAndWriteJson(Object obj, WriteStack& state, Utf8JsonWriter writer)
   at System.Text.Json.Serialization.Converters.ObjectDefaultConverter`1.OnTryWrite(Utf8JsonWriter writer, T value, JsonSerializerOptions options, WriteStack& state)
   at System.Text.Json.Serialization.Converters.IEnumerableDefaultConverter`2.OnWriteResume(Utf8JsonWriter writer, TCollection value, JsonSerializerOptions options, WriteStack& state)
   at System.Text.Json.Serialization.JsonCollectionConverter`2.OnTryWrite(Utf8JsonWriter writer, TCollection value, JsonSerializerOptions options, WriteStack& state)
   at System.Text.Json.Serialization.Metadata.JsonPropertyInfo`1.GetMemberAndWriteJson(Object obj, WriteStack& state, Utf8JsonWriter writer)
   at System.Text.Json.Serialization.Converters.ObjectDefaultConverter`1.OnTryWrite(Utf8JsonWriter writer, T value, JsonSerializerOptions options, WriteStack& state)
   at System.Text.Json.Serialization.Metadata.JsonPropertyInfo`1.GetMemberAndWriteJson(Object obj, WriteStack& state, Utf8JsonWriter writer)
   at System.Text.Json.Serialization.Converters.ObjectDefaultConverter`1.OnTryWrite(Utf8JsonWriter writer, T value, JsonSerializerOptions options, WriteStack& state)
   at System.Text.Json.Serialization.Converters.IEnumerableDefaultConverter`2.OnWriteResume(Utf8JsonWriter writer, TCollection value, JsonSerializerOptions options, WriteStack& state)
   at System.Text.Json.Serialization.JsonCollectionConverter`2.OnTryWrite(Utf8JsonWriter writer, TCollection value, JsonSerializerOptions options, WriteStack& state)
   at System.Text.Json.Serialization.Metadata.JsonPropertyInfo`1.GetMemberAndWriteJson(Object obj, WriteStack& state, Utf8JsonWriter writer)
   at System.Text.Json.Serialization.Converters.ObjectDefaultConverter`1.OnTryWrite(Utf8JsonWriter writer, T value, JsonSerializerOptions options, WriteStack& state)
   at System.Text.Json.Serialization.Metadata.JsonPropertyInfo`1.GetMemberAndWriteJson(Object obj, WriteStack& state, Utf8JsonWriter writer)
   at System.Text.Json.Serialization.Converters.ObjectDefaultConverter`1.OnTryWrite(Utf8JsonWriter writer, T value, JsonSerializerOptions options, WriteStack& state)
   at System.Text.Json.Serialization.Converters.IEnumerableDefaultConverter`2.OnWriteResume(Utf8JsonWriter writer, TCollection value, JsonSerializerOptions options, WriteStack& state)
   at System.Text.Json.Serialization.JsonCollectionConverter`2.OnTryWrite(Utf8JsonWriter writer, TCollection value, JsonSerializerOptions options, WriteStack& state)
   at System.Text.Json.Serialization.Metadata.JsonPropertyInfo`1.GetMemberAndWriteJson(Object obj, WriteStack& state, Utf8JsonWriter writer)
   at System.Text.Json.Serialization.Converters.ObjectDefaultConverter`1.OnTryWrite(Utf8JsonWriter writer, T value, JsonSerializerOptions options, WriteStack& state)
   at System.Text.Json.Serialization.Metadata.JsonPropertyInfo`1.GetMemberAndWriteJson(Object obj, WriteStack& state, Utf8JsonWriter writer)
   at System.Text.Json.Serialization.Converters.ObjectDefaultConverter`1.OnTryWrite(Utf8JsonWriter writer, T value, JsonSerializerOptions options, WriteStack& state)
   at System.Text.Json.Serialization.Converters.IEnumerableDefaultConverter`2.OnWriteResume(Utf8JsonWriter writer, TCollection value, JsonSerializerOptions options, WriteStack& state)
   at System.Text.Json.Serialization.JsonCollectionConverter`2.OnTryWrite(Utf8JsonWriter writer, TCollection value, JsonSerializerOptions options, WriteStack& state)
   at System.Text.Json.Serialization.Metadata.JsonPropertyInfo`1.GetMemberAndWriteJson(Object obj, WriteStack& state, Utf8JsonWriter writer)
   at System.Text.Json.Serialization.Converters.ObjectDefaultConverter`1.OnTryWrite(Utf8JsonWriter writer, T value, JsonSerializerOptions options, WriteStack& state)
   at System.Text.Json.Serialization.Metadata.JsonPropertyInfo`1.GetMemberAndWriteJson(Object obj, WriteStack& state, Utf8JsonWriter writer)
   at System.Text.Json.Serialization.Converters.ObjectDefaultConverter`1.OnTryWrite(Utf8JsonWriter writer, T value, JsonSerializerOptions options, WriteStack& state)
   at System.Text.Json.Serialization.Converters.IEnumerableDefaultConverter`2.OnWriteResume(Utf8JsonWriter writer, TCollection value, JsonSerializerOptions options, WriteStack& state)
   at System.Text.Json.Serialization.JsonCollectionConverter`2.OnTryWrite(Utf8JsonWriter writer, TCollection value, JsonSerializerOptions options, WriteStack& state)
   at System.Text.Json.Serialization.Metadata.JsonPropertyInfo`1.GetMemberAndWriteJson(Object obj, WriteStack& state, Utf8JsonWriter writer)
   at System.Text.Json.Serialization.Converters.ObjectDefaultConverter`1.OnTryWrite(Utf8JsonWriter writer, T value, JsonSerializerOptions options, WriteStack& state)
   at System.Text.Json.Serialization.Metadata.JsonPropertyInfo`1.GetMemberAndWriteJson(Object obj, WriteStack& state, Utf8JsonWriter writer)
   at System.Text.Json.Serialization.Converters.ObjectDefaultConverter`1.OnTryWrite(Utf8JsonWriter writer, T value, JsonSerializerOptions options, WriteStack& state)
   at System.Text.Json.Serialization.Metadata.JsonPropertyInfo`1.GetMemberAndWriteJson(Object obj, WriteStack& state, Utf8JsonWriter writer)
   at System.Text.Json.Serialization.Converters.ObjectDefaultConverter`1.OnTryWrite(Utf8JsonWriter writer, T value, JsonSerializerOptions options, WriteStack& state)
   at System.Text.Json.Serialization.JsonConverter`1.TryWrite(Utf8JsonWriter writer, T& value, JsonSerializerOptions options, WriteStack& state)
   at System.Text.Json.Serialization.JsonConverter`1.WriteCore(Utf8JsonWriter writer, T& value, JsonSerializerOptions options, WriteStack& state)
   at System.Text.Json.Serialization.Metadata.JsonTypeInfo`1.SerializeAsync(PipeWriter pipeWriter, T rootValue, Int32 flushThreshold, CancellationToken cancellationToken, Object rootValueBoxed)
   at System.Text.Json.Serialization.Metadata.JsonTypeInfo`1.SerializeAsync(PipeWriter pipeWriter, T rootValue, Int32 flushThreshold, CancellationToken cancellationToken, Object rootValueBoxed)
   at System.Text.Json.Serialization.Metadata.JsonTypeInfo`1.SerializeAsync(PipeWriter pipeWriter, T rootValue, Int32 flushThreshold, CancellationToken cancellationToken, Object rootValueBoxed)
   at Microsoft.AspNetCore.Mvc.Formatters.SystemTextJsonOutputFormatter.WriteResponseBodyAsync(OutputFormatterWriteContext context, Encoding selectedEncoding)
   at Microsoft.AspNetCore.Mvc.Infrastructure.ResourceInvoker.<InvokeNextResultFilterAsync>g__Awaited|30_0[TFilter,TFilterAsync](ResourceInvoker invoker, Task lastTask, State next, Scope scope, Object state, Boolean isCompleted)
   at Microsoft.AspNetCore.Mvc.Infrastructure.ResourceInvoker.Rethrow(ResultExecutedContextSealed context)
   at Microsoft.AspNetCore.Mvc.Infrastructure.ResourceInvoker.ResultNext[TFilter,TFilterAsync](State& next, Scope& scope, Object& state, Boolean& isCompleted)
   at Microsoft.AspNetCore.Mvc.Infrastructure.ResourceInvoker.InvokeResultFilters()
--- End of stack trace from previous location ---
   at Microsoft.AspNetCore.Mvc.Infrastructure.ResourceInvoker.<InvokeFilterPipelineAsync>g__Awaited|20_0(ResourceInvoker invoker, Task lastTask, State next, Scope scope, Object state, Boolean isCompleted)
   at Microsoft.AspNetCore.Mvc.Infrastructure.ResourceInvoker.<InvokeAsync>g__Awaited|17_0(ResourceInvoker invoker, Task task, IDisposable scope)
   at Microsoft.AspNetCore.Mvc.Infrastructure.ResourceInvoker.<InvokeAsync>g__Awaited|17_0(ResourceInvoker invoker, Task task, IDisposable scope)
   at Freshwalk.API.Logging.AuditRequestLoggingMiddleware.InvokeAsync(HttpContext context, RequestDelegate next) in D:\Projects\Freshwalk Shoe Cleaning web app\API\Freshwalk.API\Logging\AuditRequestLoggingMiddleware.cs:line 63
   at Freshwalk.API.Logging.AuditRequestLoggingMiddleware.InvokeAsync(HttpContext context, RequestDelegate next) in D:\Projects\Freshwalk Shoe Cleaning web app\API\Freshwalk.API\Logging\AuditRequestLoggingMiddleware.cs:line 91
   at Freshwalk.API.Logging.AuditRequestLoggingMiddleware.InvokeAsync(HttpContext context, RequestDelegate next) in D:\Projects\Freshwalk Shoe Cleaning web app\API\Freshwalk.API\Logging\AuditRequestLoggingMiddleware.cs:line 91
   at Microsoft.AspNetCore.Builder.UseMiddlewareExtensions.InterfaceMiddlewareBinder.<>c__DisplayClass2_0.<<CreateMiddleware>b__0>d.MoveNext()
--- End of stack trace from previous location ---
   at Microsoft.AspNetCore.Authorization.AuthorizationMiddleware.Invoke(HttpContext context)
   at Microsoft.AspNetCore.Authentication.AuthenticationMiddleware.Invoke(HttpContext context)
   at Serilog.AspNetCore.RequestLoggingMiddleware.Invoke(HttpContext httpContext)
   at Swashbuckle.AspNetCore.SwaggerUI.SwaggerUIMiddleware.Invoke(HttpContext httpContext)
   at Swashbuckle.AspNetCore.Swagger.SwaggerMiddleware.Invoke(HttpContext httpContext, ISwaggerProvider swaggerProvider)
   at Microsoft.AspNetCore.Diagnostics.DeveloperExceptionPageMiddlewareImpl.Invoke(HttpContext context)
2026-03-29 13:17:43.374 +03:00 [INF] HTTP OPTIONS /api/orders/21381961-9ec7-45ff-887a-288a0e1ea182/start-cleaning responded 204 in 0.0469 ms
2026-03-29 13:17:43.612 +03:00 [INF] Executed DbCommand (226ms) [Parameters=[@__id_0='?' (DbType = Guid)], CommandType='"Text"', CommandTimeout='30']
SELECT o."Id", o."AgentId", o."BookingId", o."CleaningCompletedAt", o."CleaningStartedAt", o."CustomerId", o."DeliveredAt", o."DeliveryOtp", o."DeliveryOtpExpiresAt", o."DeliveryOtpVerifiedAt", o."OrderReference", o."PickedUpAt", o."PickupOtp", o."PickupOtpExpiresAt", o."PickupOtpVerifiedAt", o."Status"
FROM "Orders" AS o
WHERE o."Id" = @__id_0
LIMIT 1
2026-03-29 13:17:43.843 +03:00 [INF] Executed DbCommand (224ms) [Parameters=[@p2='?' (DbType = Guid), @p0='?' (DbType = DateTime), @p1='?'], CommandType='"Text"', CommandTimeout='30']
UPDATE "Orders" SET "CleaningStartedAt" = @p0, "Status" = @p1
WHERE "Id" = @p2;
2026-03-29 13:17:44.071 +03:00 [INF] Executed DbCommand (221ms) [Parameters=[@__p_0='?' (DbType = Guid)], CommandType='"Text"', CommandTimeout='30']
SELECT f."Id", f."AccessFailedCount", f."Address", f."ConcurrencyStamp", f."CreatedAt", f."CustomerReference", f."Email", f."EmailConfirmed", f."FullName", f."IsActive", f."LockoutEnabled", f."LockoutEnd", f."NormalizedEmail", f."NormalizedUserName", f."PasswordHash", f."PhoneNumber", f."PhoneNumberConfirmed", f."SecurityStamp", f."TwoFactorEnabled", f."UserName"
FROM "FreshwalkUsers" AS f
WHERE f."Id" = @__p_0
LIMIT 1
2026-03-29 13:17:44.077 +03:00 [INF] HTTP POST /api/orders/21381961-9ec7-45ff-887a-288a0e1ea182/start-cleaning responded 200 in 699.3638 ms
2026-03-29 13:17:44.082 +03:00 [INF] HTTP OPTIONS /api/orders/21381961-9ec7-45ff-887a-288a0e1ea182 responded 204 in 0.0204 ms
2026-03-29 13:17:44.250 +03:00 [INF] Executed DbCommand (159ms) [Parameters=[@__id_0='?' (DbType = Guid)], CommandType='"Text"', CommandTimeout='30']
SELECT s."Id", s."AgentId", s."BookingId", s."CleaningCompletedAt", s."CleaningStartedAt", s."CustomerId", s."DeliveredAt", s."DeliveryOtp", s."DeliveryOtpExpiresAt", s."DeliveryOtpVerifiedAt", s."OrderReference", s."PickedUpAt", s."PickupOtp", s."PickupOtpExpiresAt", s."PickupOtpVerifiedAt", s."Status", s."Id0", s."AddOns", s."BookingReference", s."BundleDiscountPercent", s."CreatedAt", s."CustomerId0", s."DiscountAmountKes", s."NubuckLines", s."OfficialLeatherLines", s."PickupAddress", s."PickupLatitude", s."PickupLocationUrl", s."PickupLongitude", s."PriceKes", s."SneakersLines", s."Status0", s."SubtotalBeforeDiscountKes", s."SuedeLines", s."TotalPairs", s."Id1", s."AccessFailedCount", s."Address", s."ConcurrencyStamp", s."CreatedAt0", s."CustomerReference", s."Email", s."EmailConfirmed", s."FullName", s."IsActive", s."LockoutEnabled", s."LockoutEnd", s."NormalizedEmail", s."NormalizedUserName", s."PasswordHash", s."PhoneNumber", s."PhoneNumberConfirmed", s."SecurityStamp", s."TwoFactorEnabled", s."UserName", s."Id2", s."Amount", s."BookingId0", s."CreatedAt1", s."MpesaCheckoutRequestId", s."MpesaMerchantRequestId", s."MpesaReceipt", s."PayerPhoneNumber", s."PaymentReference", s."Status1", s0."Id", s0."AssignedAt", s0."AssignmentReference", s0."AssignmentType", s0."CompletedAt", s0."Notes", s0."OrderId", s0."RiderId", s0."Status", s0."Id0", s0."AccessFailedCount", s0."Address", s0."ConcurrencyStamp", s0."CreatedAt", s0."CustomerReference", s0."Email", s0."EmailConfirmed", s0."FullName", s0."IsActive", s0."LockoutEnabled", s0."LockoutEnd", s0."NormalizedEmail", s0."NormalizedUserName", s0."PasswordHash", s0."PhoneNumber", s0."PhoneNumberConfirmed", s0."SecurityStamp", s0."TwoFactorEnabled", s0."UserName"
FROM (
    SELECT o."Id", o."AgentId", o."BookingId", o."CleaningCompletedAt", o."CleaningStartedAt", o."CustomerId", o."DeliveredAt", o."DeliveryOtp", o."DeliveryOtpExpiresAt", o."DeliveryOtpVerifiedAt", o."OrderReference", o."PickedUpAt", o."PickupOtp", o."PickupOtpExpiresAt", o."PickupOtpVerifiedAt", o."Status", b."Id" AS "Id0", b."AddOns", b."BookingReference", b."BundleDiscountPercent", b."CreatedAt", b."CustomerId" AS "CustomerId0", b."DiscountAmountKes", b."NubuckLines", b."OfficialLeatherLines", b."PickupAddress", b."PickupLatitude", b."PickupLocationUrl", b."PickupLongitude", b."PriceKes", b."SneakersLines", b."Status" AS "Status0", b."SubtotalBeforeDiscountKes", b."SuedeLines", b."TotalPairs", f."Id" AS "Id1", f."AccessFailedCount", f."Address", f."ConcurrencyStamp", f."CreatedAt" AS "CreatedAt0", f."CustomerReference", f."Email", f."EmailConfirmed", f."FullName", f."IsActive", f."LockoutEnabled", f."LockoutEnd", f."NormalizedEmail", f."NormalizedUserName", f."PasswordHash", f."PhoneNumber", f."PhoneNumberConfirmed", f."SecurityStamp", f."TwoFactorEnabled", f."UserName", p."Id" AS "Id2", p."Amount", p."BookingId" AS "BookingId0", p."CreatedAt" AS "CreatedAt1", p."MpesaCheckoutRequestId", p."MpesaMerchantRequestId", p."MpesaReceipt", p."PayerPhoneNumber", p."PaymentReference", p."Status" AS "Status1"
    FROM "Orders" AS o
    INNER JOIN "Bookings" AS b ON o."BookingId" = b."Id"
    INNER JOIN "FreshwalkUsers" AS f ON b."CustomerId" = f."Id"
    LEFT JOIN "Payments" AS p ON b."Id" = p."BookingId"
    WHERE o."Id" = @__id_0
    LIMIT 1
) AS s
LEFT JOIN (
    SELECT o0."Id", o0."AssignedAt", o0."AssignmentReference", o0."AssignmentType", o0."CompletedAt", o0."Notes", o0."OrderId", o0."RiderId", o0."Status", f0."Id" AS "Id0", f0."AccessFailedCount", f0."Address", f0."ConcurrencyStamp", f0."CreatedAt", f0."CustomerReference", f0."Email", f0."EmailConfirmed", f0."FullName", f0."IsActive", f0."LockoutEnabled", f0."LockoutEnd", f0."NormalizedEmail", f0."NormalizedUserName", f0."PasswordHash", f0."PhoneNumber", f0."PhoneNumberConfirmed", f0."SecurityStamp", f0."TwoFactorEnabled", f0."UserName"
    FROM "OrderRiderAssignments" AS o0
    INNER JOIN "FreshwalkUsers" AS f0 ON o0."RiderId" = f0."Id"
) AS s0 ON s."Id" = s0."OrderId"
ORDER BY s."Id", s."Id0", s."Id1", s."Id2", s0."Id"
2026-03-29 13:17:44.476 +03:00 [INF] Executed DbCommand (218ms) [Parameters=[@__p_0='?' (DbType = Guid)], CommandType='"Text"', CommandTimeout='30']
SELECT f."Id", f."AccessFailedCount", f."Address", f."ConcurrencyStamp", f."CreatedAt", f."CustomerReference", f."Email", f."EmailConfirmed", f."FullName", f."IsActive", f."LockoutEnabled", f."LockoutEnd", f."NormalizedEmail", f."NormalizedUserName", f."PasswordHash", f."PhoneNumber", f."PhoneNumberConfirmed", f."SecurityStamp", f."TwoFactorEnabled", f."UserName"
FROM "FreshwalkUsers" AS f
WHERE f."Id" = @__p_0
LIMIT 1
2026-03-29 13:17:44.484 +03:00 [ERR] HTTP GET /api/orders/21381961-9ec7-45ff-887a-288a0e1ea182 responded 500 in 394.7510 ms
System.Text.Json.JsonException: A possible object cycle was detected. This can either be due to a cycle or if the object depth is larger than the maximum allowed depth of 32. Consider using ReferenceHandler.Preserve on JsonSerializerOptions to support cycles. Path: $.Booking.Customer.Bookings.Customer.Bookings.Customer.Bookings.Customer.Bookings.Customer.Bookings.Customer.Bookings.Customer.Bookings.Customer.Bookings.Customer.Bookings.Customer.Bookings.Id.
   at System.Text.Json.ThrowHelper.ThrowJsonException_SerializerCycleDetected(Int32 maxDepth)
   at System.Text.Json.Serialization.Metadata.JsonPropertyInfo`1.GetMemberAndWriteJson(Object obj, WriteStack& state, Utf8JsonWriter writer)
   at System.Text.Json.Serialization.Converters.ObjectDefaultConverter`1.OnTryWrite(Utf8JsonWriter writer, T value, JsonSerializerOptions options, WriteStack& state)
   at System.Text.Json.Serialization.Converters.IEnumerableDefaultConverter`2.OnWriteResume(Utf8JsonWriter writer, TCollection value, JsonSerializerOptions options, WriteStack& state)
   at System.Text.Json.Serialization.JsonCollectionConverter`2.OnTryWrite(Utf8JsonWriter writer, TCollection value, JsonSerializerOptions options, WriteStack& state)
   at System.Text.Json.Serialization.Metadata.JsonPropertyInfo`1.GetMemberAndWriteJson(Object obj, WriteStack& state, Utf8JsonWriter writer)
   at System.Text.Json.Serialization.Converters.ObjectDefaultConverter`1.OnTryWrite(Utf8JsonWriter writer, T value, JsonSerializerOptions options, WriteStack& state)
   at System.Text.Json.Serialization.Metadata.JsonPropertyInfo`1.GetMemberAndWriteJson(Object obj, WriteStack& state, Utf8JsonWriter writer)
   at System.Text.Json.Serialization.Converters.ObjectDefaultConverter`1.OnTryWrite(Utf8JsonWriter writer, T value, JsonSerializerOptions options, WriteStack& state)
   at System.Text.Json.Serialization.Converters.IEnumerableDefaultConverter`2.OnWriteResume(Utf8JsonWriter writer, TCollection value, JsonSerializerOptions options, WriteStack& state)
   at System.Text.Json.Serialization.JsonCollectionConverter`2.OnTryWrite(Utf8JsonWriter writer, TCollection value, JsonSerializerOptions options, WriteStack& state)
   at System.Text.Json.Serialization.Metadata.JsonPropertyInfo`1.GetMemberAndWriteJson(Object obj, WriteStack& state, Utf8JsonWriter writer)
   at System.Text.Json.Serialization.Converters.ObjectDefaultConverter`1.OnTryWrite(Utf8JsonWriter writer, T value, JsonSerializerOptions options, WriteStack& state)
   at System.Text.Json.Serialization.Metadata.JsonPropertyInfo`1.GetMemberAndWriteJson(Object obj, WriteStack& state, Utf8JsonWriter writer)
   at System.Text.Json.Serialization.Converters.ObjectDefaultConverter`1.OnTryWrite(Utf8JsonWriter writer, T value, JsonSerializerOptions options, WriteStack& state)
   at System.Text.Json.Serialization.Converters.IEnumerableDefaultConverter`2.OnWriteResume(Utf8JsonWriter writer, TCollection value, JsonSerializerOptions options, WriteStack& state)
   at System.Text.Json.Serialization.JsonCollectionConverter`2.OnTryWrite(Utf8JsonWriter writer, TCollection value, JsonSerializerOptions options, WriteStack& state)
   at System.Text.Json.Serialization.Metadata.JsonPropertyInfo`1.GetMemberAndWriteJson(Object obj, WriteStack& state, Utf8JsonWriter writer)
   at System.Text.Json.Serialization.Converters.ObjectDefaultConverter`1.OnTryWrite(Utf8JsonWriter writer, T value, JsonSerializerOptions options, WriteStack& state)
   at System.Text.Json.Serialization.Metadata.JsonPropertyInfo`1.GetMemberAndWriteJson(Object obj, WriteStack& state, Utf8JsonWriter writer)
   at System.Text.Json.Serialization.Converters.ObjectDefaultConverter`1.OnTryWrite(Utf8JsonWriter writer, T value, JsonSerializerOptions options, WriteStack& state)
   at System.Text.Json.Serialization.Converters.IEnumerableDefaultConverter`2.OnWriteResume(Utf8JsonWriter writer, TCollection value, JsonSerializerOptions options, WriteStack& state)
   at System.Text.Json.Serialization.JsonCollectionConverter`2.OnTryWrite(Utf8JsonWriter writer, TCollection value, JsonSerializerOptions options, WriteStack& state)
   at System.Text.Json.Serialization.Metadata.JsonPropertyInfo`1.GetMemberAndWriteJson(Object obj, WriteStack& state, Utf8JsonWriter writer)
   at System.Text.Json.Serialization.Converters.ObjectDefaultConverter`1.OnTryWrite(Utf8JsonWriter writer, T value, JsonSerializerOptions options, WriteStack& state)
   at System.Text.Json.Serialization.Metadata.JsonPropertyInfo`1.GetMemberAndWriteJson(Object obj, WriteStack& state, Utf8JsonWriter writer)
   at System.Text.Json.Serialization.Converters.ObjectDefaultConverter`1.OnTryWrite(Utf8JsonWriter writer, T value, JsonSerializerOptions options, WriteStack& state)
   at System.Text.Json.Serialization.Converters.IEnumerableDefaultConverter`2.OnWriteResume(Utf8JsonWriter writer, TCollection value, JsonSerializerOptions options, WriteStack& state)
   at System.Text.Json.Serialization.JsonCollectionConverter`2.OnTryWrite(Utf8JsonWriter writer, TCollection value, JsonSerializerOptions options, WriteStack& state)
   at System.Text.Json.Serialization.Metadata.JsonPropertyInfo`1.GetMemberAndWriteJson(Object obj, WriteStack& state, Utf8JsonWriter writer)
   at System.Text.Json.Serialization.Converters.ObjectDefaultConverter`1.OnTryWrite(Utf8JsonWriter writer, T value, JsonSerializerOptions options, WriteStack& state)
   at System.Text.Json.Serialization.Metadata.JsonPropertyInfo`1.GetMemberAndWriteJson(Object obj, WriteStack& state, Utf8JsonWriter writer)
   at System.Text.Json.Serialization.Converters.ObjectDefaultConverter`1.OnTryWrite(Utf8JsonWriter writer, T value, JsonSerializerOptions options, WriteStack& state)
   at System.Text.Json.Serialization.Converters.IEnumerableDefaultConverter`2.OnWriteResume(Utf8JsonWriter writer, TCollection value, JsonSerializerOptions options, WriteStack& state)
   at System.Text.Json.Serialization.JsonCollectionConverter`2.OnTryWrite(Utf8JsonWriter writer, TCollection value, JsonSerializerOptions options, WriteStack& state)
   at System.Text.Json.Serialization.Metadata.JsonPropertyInfo`1.GetMemberAndWriteJson(Object obj, WriteStack& state, Utf8JsonWriter writer)
   at System.Text.Json.Serialization.Converters.ObjectDefaultConverter`1.OnTryWrite(Utf8JsonWriter writer, T value, JsonSerializerOptions options, WriteStack& state)
   at System.Text.Json.Serialization.Metadata.JsonPropertyInfo`1.GetMemberAndWriteJson(Object obj, WriteStack& state, Utf8JsonWriter writer)
   at System.Text.Json.Serialization.Converters.ObjectDefaultConverter`1.OnTryWrite(Utf8JsonWriter writer, T value, JsonSerializerOptions options, WriteStack& state)
   at System.Text.Json.Serialization.Converters.IEnumerableDefaultConverter`2.OnWriteResume(Utf8JsonWriter writer, TCollection value, JsonSerializerOptions options, WriteStack& state)
   at System.Text.Json.Serialization.JsonCollectionConverter`2.OnTryWrite(Utf8JsonWriter writer, TCollection value, JsonSerializerOptions options, WriteStack& state)
   at System.Text.Json.Serialization.Metadata.JsonPropertyInfo`1.GetMemberAndWriteJson(Object obj, WriteStack& state, Utf8JsonWriter writer)
   at System.Text.Json.Serialization.Converters.ObjectDefaultConverter`1.OnTryWrite(Utf8JsonWriter writer, T value, JsonSerializerOptions options, WriteStack& state)
   at System.Text.Json.Serialization.Metadata.JsonPropertyInfo`1.GetMemberAndWriteJson(Object obj, WriteStack& state, Utf8JsonWriter writer)
   at System.Text.Json.Serialization.Converters.ObjectDefaultConverter`1.OnTryWrite(Utf8JsonWriter writer, T value, JsonSerializerOptions options, WriteStack& state)
   at System.Text.Json.Serialization.Converters.IEnumerableDefaultConverter`2.OnWriteResume(Utf8JsonWriter writer, TCollection value, JsonSerializerOptions options, WriteStack& state)
   at System.Text.Json.Serialization.JsonCollectionConverter`2.OnTryWrite(Utf8JsonWriter writer, TCollection value, JsonSerializerOptions options, WriteStack& state)
   at System.Text.Json.Serialization.Metadata.JsonPropertyInfo`1.GetMemberAndWriteJson(Object obj, WriteStack& state, Utf8JsonWriter writer)
   at System.Text.Json.Serialization.Converters.ObjectDefaultConverter`1.OnTryWrite(Utf8JsonWriter writer, T value, JsonSerializerOptions options, WriteStack& state)
   at System.Text.Json.Serialization.Metadata.JsonPropertyInfo`1.GetMemberAndWriteJson(Object obj, WriteStack& state, Utf8JsonWriter writer)
   at System.Text.Json.Serialization.Converters.ObjectDefaultConverter`1.OnTryWrite(Utf8JsonWriter writer, T value, JsonSerializerOptions options, WriteStack& state)
   at System.Text.Json.Serialization.Converters.IEnumerableDefaultConverter`2.OnWriteResume(Utf8JsonWriter writer, TCollection value, JsonSerializerOptions options, WriteStack& state)
   at System.Text.Json.Serialization.JsonCollectionConverter`2.OnTryWrite(Utf8JsonWriter writer, TCollection value, JsonSerializerOptions options, WriteStack& state)
   at System.Text.Json.Serialization.Metadata.JsonPropertyInfo`1.GetMemberAndWriteJson(Object obj, WriteStack& state, Utf8JsonWriter writer)
   at System.Text.Json.Serialization.Converters.ObjectDefaultConverter`1.OnTryWrite(Utf8JsonWriter writer, T value, JsonSerializerOptions options, WriteStack& state)
   at System.Text.Json.Serialization.Metadata.JsonPropertyInfo`1.GetMemberAndWriteJson(Object obj, WriteStack& state, Utf8JsonWriter writer)
   at System.Text.Json.Serialization.Converters.ObjectDefaultConverter`1.OnTryWrite(Utf8JsonWriter writer, T value, JsonSerializerOptions options, WriteStack& state)
   at System.Text.Json.Serialization.Converters.IEnumerableDefaultConverter`2.OnWriteResume(Utf8JsonWriter writer, TCollection value, JsonSerializerOptions options, WriteStack& state)
   at System.Text.Json.Serialization.JsonCollectionConverter`2.OnTryWrite(Utf8JsonWriter writer, TCollection value, JsonSerializerOptions options, WriteStack& state)
   at System.Text.Json.Serialization.Metadata.JsonPropertyInfo`1.GetMemberAndWriteJson(Object obj, WriteStack& state, Utf8JsonWriter writer)
   at System.Text.Json.Serialization.Converters.ObjectDefaultConverter`1.OnTryWrite(Utf8JsonWriter writer, T value, JsonSerializerOptions options, WriteStack& state)
   at System.Text.Json.Serialization.Metadata.JsonPropertyInfo`1.GetMemberAndWriteJson(Object obj, WriteStack& state, Utf8JsonWriter writer)
   at System.Text.Json.Serialization.Converters.ObjectDefaultConverter`1.OnTryWrite(Utf8JsonWriter writer, T value, JsonSerializerOptions options, WriteStack& state)
   at System.Text.Json.Serialization.Metadata.JsonPropertyInfo`1.GetMemberAndWriteJson(Object obj, WriteStack& state, Utf8JsonWriter writer)
   at System.Text.Json.Serialization.Converters.ObjectDefaultConverter`1.OnTryWrite(Utf8JsonWriter writer, T value, JsonSerializerOptions options, WriteStack& state)
   at System.Text.Json.Serialization.JsonConverter`1.TryWrite(Utf8JsonWriter writer, T& value, JsonSerializerOptions options, WriteStack& state)
   at System.Text.Json.Serialization.JsonConverter`1.WriteCore(Utf8JsonWriter writer, T& value, JsonSerializerOptions options, WriteStack& state)
   at System.Text.Json.Serialization.Metadata.JsonTypeInfo`1.SerializeAsync(PipeWriter pipeWriter, T rootValue, Int32 flushThreshold, CancellationToken cancellationToken, Object rootValueBoxed)
   at System.Text.Json.Serialization.Metadata.JsonTypeInfo`1.SerializeAsync(PipeWriter pipeWriter, T rootValue, Int32 flushThreshold, CancellationToken cancellationToken, Object rootValueBoxed)
   at System.Text.Json.Serialization.Metadata.JsonTypeInfo`1.SerializeAsync(PipeWriter pipeWriter, T rootValue, Int32 flushThreshold, CancellationToken cancellationToken, Object rootValueBoxed)
   at Microsoft.AspNetCore.Mvc.Formatters.SystemTextJsonOutputFormatter.WriteResponseBodyAsync(OutputFormatterWriteContext context, Encoding selectedEncoding)
   at Microsoft.AspNetCore.Mvc.Infrastructure.ResourceInvoker.<InvokeNextResultFilterAsync>g__Awaited|30_0[TFilter,TFilterAsync](ResourceInvoker invoker, Task lastTask, State next, Scope scope, Object state, Boolean isCompleted)
   at Microsoft.AspNetCore.Mvc.Infrastructure.ResourceInvoker.Rethrow(ResultExecutedContextSealed context)
   at Microsoft.AspNetCore.Mvc.Infrastructure.ResourceInvoker.ResultNext[TFilter,TFilterAsync](State& next, Scope& scope, Object& state, Boolean& isCompleted)
   at Microsoft.AspNetCore.Mvc.Infrastructure.ResourceInvoker.InvokeResultFilters()
--- End of stack trace from previous location ---
   at Microsoft.AspNetCore.Mvc.Infrastructure.ResourceInvoker.<InvokeFilterPipelineAsync>g__Awaited|20_0(ResourceInvoker invoker, Task lastTask, State next, Scope scope, Object state, Boolean isCompleted)
   at Microsoft.AspNetCore.Mvc.Infrastructure.ResourceInvoker.<InvokeAsync>g__Awaited|17_0(ResourceInvoker invoker, Task task, IDisposable scope)
   at Microsoft.AspNetCore.Mvc.Infrastructure.ResourceInvoker.<InvokeAsync>g__Awaited|17_0(ResourceInvoker invoker, Task task, IDisposable scope)
   at Freshwalk.API.Logging.AuditRequestLoggingMiddleware.InvokeAsync(HttpContext context, RequestDelegate next) in D:\Projects\Freshwalk Shoe Cleaning web app\API\Freshwalk.API\Logging\AuditRequestLoggingMiddleware.cs:line 63
   at Freshwalk.API.Logging.AuditRequestLoggingMiddleware.InvokeAsync(HttpContext context, RequestDelegate next) in D:\Projects\Freshwalk Shoe Cleaning web app\API\Freshwalk.API\Logging\AuditRequestLoggingMiddleware.cs:line 91
   at Freshwalk.API.Logging.AuditRequestLoggingMiddleware.InvokeAsync(HttpContext context, RequestDelegate next) in D:\Projects\Freshwalk Shoe Cleaning web app\API\Freshwalk.API\Logging\AuditRequestLoggingMiddleware.cs:line 91
   at Microsoft.AspNetCore.Builder.UseMiddlewareExtensions.InterfaceMiddlewareBinder.<>c__DisplayClass2_0.<<CreateMiddleware>b__0>d.MoveNext()
--- End of stack trace from previous location ---
   at Microsoft.AspNetCore.Authorization.AuthorizationMiddleware.Invoke(HttpContext context)
   at Microsoft.AspNetCore.Authentication.AuthenticationMiddleware.Invoke(HttpContext context)
   at Serilog.AspNetCore.RequestLoggingMiddleware.Invoke(HttpContext httpContext)
2026-03-29 13:17:44.529 +03:00 [ERR] An unhandled exception has occurred while executing the request.
System.Text.Json.JsonException: A possible object cycle was detected. This can either be due to a cycle or if the object depth is larger than the maximum allowed depth of 32. Consider using ReferenceHandler.Preserve on JsonSerializerOptions to support cycles. Path: $.Booking.Customer.Bookings.Customer.Bookings.Customer.Bookings.Customer.Bookings.Customer.Bookings.Customer.Bookings.Customer.Bookings.Customer.Bookings.Customer.Bookings.Customer.Bookings.Id.
   at System.Text.Json.ThrowHelper.ThrowJsonException_SerializerCycleDetected(Int32 maxDepth)
   at System.Text.Json.Serialization.Metadata.JsonPropertyInfo`1.GetMemberAndWriteJson(Object obj, WriteStack& state, Utf8JsonWriter writer)
   at System.Text.Json.Serialization.Converters.ObjectDefaultConverter`1.OnTryWrite(Utf8JsonWriter writer, T value, JsonSerializerOptions options, WriteStack& state)
   at System.Text.Json.Serialization.Converters.IEnumerableDefaultConverter`2.OnWriteResume(Utf8JsonWriter writer, TCollection value, JsonSerializerOptions options, WriteStack& state)
   at System.Text.Json.Serialization.JsonCollectionConverter`2.OnTryWrite(Utf8JsonWriter writer, TCollection value, JsonSerializerOptions options, WriteStack& state)
   at System.Text.Json.Serialization.Metadata.JsonPropertyInfo`1.GetMemberAndWriteJson(Object obj, WriteStack& state, Utf8JsonWriter writer)
   at System.Text.Json.Serialization.Converters.ObjectDefaultConverter`1.OnTryWrite(Utf8JsonWriter writer, T value, JsonSerializerOptions options, WriteStack& state)
   at System.Text.Json.Serialization.Metadata.JsonPropertyInfo`1.GetMemberAndWriteJson(Object obj, WriteStack& state, Utf8JsonWriter writer)
   at System.Text.Json.Serialization.Converters.ObjectDefaultConverter`1.OnTryWrite(Utf8JsonWriter writer, T value, JsonSerializerOptions options, WriteStack& state)
   at System.Text.Json.Serialization.Converters.IEnumerableDefaultConverter`2.OnWriteResume(Utf8JsonWriter writer, TCollection value, JsonSerializerOptions options, WriteStack& state)
   at System.Text.Json.Serialization.JsonCollectionConverter`2.OnTryWrite(Utf8JsonWriter writer, TCollection value, JsonSerializerOptions options, WriteStack& state)
   at System.Text.Json.Serialization.Metadata.JsonPropertyInfo`1.GetMemberAndWriteJson(Object obj, WriteStack& state, Utf8JsonWriter writer)
   at System.Text.Json.Serialization.Converters.ObjectDefaultConverter`1.OnTryWrite(Utf8JsonWriter writer, T value, JsonSerializerOptions options, WriteStack& state)
   at System.Text.Json.Serialization.Metadata.JsonPropertyInfo`1.GetMemberAndWriteJson(Object obj, WriteStack& state, Utf8JsonWriter writer)
   at System.Text.Json.Serialization.Converters.ObjectDefaultConverter`1.OnTryWrite(Utf8JsonWriter writer, T value, JsonSerializerOptions options, WriteStack& state)
   at System.Text.Json.Serialization.Converters.IEnumerableDefaultConverter`2.OnWriteResume(Utf8JsonWriter writer, TCollection value, JsonSerializerOptions options, WriteStack& state)
   at System.Text.Json.Serialization.JsonCollectionConverter`2.OnTryWrite(Utf8JsonWriter writer, TCollection value, JsonSerializerOptions options, WriteStack& state)
   at System.Text.Json.Serialization.Metadata.JsonPropertyInfo`1.GetMemberAndWriteJson(Object obj, WriteStack& state, Utf8JsonWriter writer)
   at System.Text.Json.Serialization.Converters.ObjectDefaultConverter`1.OnTryWrite(Utf8JsonWriter writer, T value, JsonSerializerOptions options, WriteStack& state)
   at System.Text.Json.Serialization.Metadata.JsonPropertyInfo`1.GetMemberAndWriteJson(Object obj, WriteStack& state, Utf8JsonWriter writer)
   at System.Text.Json.Serialization.Converters.ObjectDefaultConverter`1.OnTryWrite(Utf8JsonWriter writer, T value, JsonSerializerOptions options, WriteStack& state)
   at System.Text.Json.Serialization.Converters.IEnumerableDefaultConverter`2.OnWriteResume(Utf8JsonWriter writer, TCollection value, JsonSerializerOptions options, WriteStack& state)
   at System.Text.Json.Serialization.JsonCollectionConverter`2.OnTryWrite(Utf8JsonWriter writer, TCollection value, JsonSerializerOptions options, WriteStack& state)
   at System.Text.Json.Serialization.Metadata.JsonPropertyInfo`1.GetMemberAndWriteJson(Object obj, WriteStack& state, Utf8JsonWriter writer)
   at System.Text.Json.Serialization.Converters.ObjectDefaultConverter`1.OnTryWrite(Utf8JsonWriter writer, T value, JsonSerializerOptions options, WriteStack& state)
   at System.Text.Json.Serialization.Metadata.JsonPropertyInfo`1.GetMemberAndWriteJson(Object obj, WriteStack& state, Utf8JsonWriter writer)
   at System.Text.Json.Serialization.Converters.ObjectDefaultConverter`1.OnTryWrite(Utf8JsonWriter writer, T value, JsonSerializerOptions options, WriteStack& state)
   at System.Text.Json.Serialization.Converters.IEnumerableDefaultConverter`2.OnWriteResume(Utf8JsonWriter writer, TCollection value, JsonSerializerOptions options, WriteStack& state)
   at System.Text.Json.Serialization.JsonCollectionConverter`2.OnTryWrite(Utf8JsonWriter writer, TCollection value, JsonSerializerOptions options, WriteStack& state)
   at System.Text.Json.Serialization.Metadata.JsonPropertyInfo`1.GetMemberAndWriteJson(Object obj, WriteStack& state, Utf8JsonWriter writer)
   at System.Text.Json.Serialization.Converters.ObjectDefaultConverter`1.OnTryWrite(Utf8JsonWriter writer, T value, JsonSerializerOptions options, WriteStack& state)
   at System.Text.Json.Serialization.Metadata.JsonPropertyInfo`1.GetMemberAndWriteJson(Object obj, WriteStack& state, Utf8JsonWriter writer)
   at System.Text.Json.Serialization.Converters.ObjectDefaultConverter`1.OnTryWrite(Utf8JsonWriter writer, T value, JsonSerializerOptions options, WriteStack& state)
   at System.Text.Json.Serialization.Converters.IEnumerableDefaultConverter`2.OnWriteResume(Utf8JsonWriter writer, TCollection value, JsonSerializerOptions options, WriteStack& state)
   at System.Text.Json.Serialization.JsonCollectionConverter`2.OnTryWrite(Utf8JsonWriter writer, TCollection value, JsonSerializerOptions options, WriteStack& state)
   at System.Text.Json.Serialization.Metadata.JsonPropertyInfo`1.GetMemberAndWriteJson(Object obj, WriteStack& state, Utf8JsonWriter writer)
   at System.Text.Json.Serialization.Converters.ObjectDefaultConverter`1.OnTryWrite(Utf8JsonWriter writer, T value, JsonSerializerOptions options, WriteStack& state)
   at System.Text.Json.Serialization.Metadata.JsonPropertyInfo`1.GetMemberAndWriteJson(Object obj, WriteStack& state, Utf8JsonWriter writer)
   at System.Text.Json.Serialization.Converters.ObjectDefaultConverter`1.OnTryWrite(Utf8JsonWriter writer, T value, JsonSerializerOptions options, WriteStack& state)
   at System.Text.Json.Serialization.Converters.IEnumerableDefaultConverter`2.OnWriteResume(Utf8JsonWriter writer, TCollection value, JsonSerializerOptions options, WriteStack& state)
   at System.Text.Json.Serialization.JsonCollectionConverter`2.OnTryWrite(Utf8JsonWriter writer, TCollection value, JsonSerializerOptions options, WriteStack& state)
   at System.Text.Json.Serialization.Metadata.JsonPropertyInfo`1.GetMemberAndWriteJson(Object obj, WriteStack& state, Utf8JsonWriter writer)
   at System.Text.Json.Serialization.Converters.ObjectDefaultConverter`1.OnTryWrite(Utf8JsonWriter writer, T value, JsonSerializerOptions options, WriteStack& state)
   at System.Text.Json.Serialization.Metadata.JsonPropertyInfo`1.GetMemberAndWriteJson(Object obj, WriteStack& state, Utf8JsonWriter writer)
   at System.Text.Json.Serialization.Converters.ObjectDefaultConverter`1.OnTryWrite(Utf8JsonWriter writer, T value, JsonSerializerOptions options, WriteStack& state)
   at System.Text.Json.Serialization.Converters.IEnumerableDefaultConverter`2.OnWriteResume(Utf8JsonWriter writer, TCollection value, JsonSerializerOptions options, WriteStack& state)
   at System.Text.Json.Serialization.JsonCollectionConverter`2.OnTryWrite(Utf8JsonWriter writer, TCollection value, JsonSerializerOptions options, WriteStack& state)
   at System.Text.Json.Serialization.Metadata.JsonPropertyInfo`1.GetMemberAndWriteJson(Object obj, WriteStack& state, Utf8JsonWriter writer)
   at System.Text.Json.Serialization.Converters.ObjectDefaultConverter`1.OnTryWrite(Utf8JsonWriter writer, T value, JsonSerializerOptions options, WriteStack& state)
   at System.Text.Json.Serialization.Metadata.JsonPropertyInfo`1.GetMemberAndWriteJson(Object obj, WriteStack& state, Utf8JsonWriter writer)
   at System.Text.Json.Serialization.Converters.ObjectDefaultConverter`1.OnTryWrite(Utf8JsonWriter writer, T value, JsonSerializerOptions options, WriteStack& state)
   at System.Text.Json.Serialization.Converters.IEnumerableDefaultConverter`2.OnWriteResume(Utf8JsonWriter writer, TCollection value, JsonSerializerOptions options, WriteStack& state)
   at System.Text.Json.Serialization.JsonCollectionConverter`2.OnTryWrite(Utf8JsonWriter writer, TCollection value, JsonSerializerOptions options, WriteStack& state)
   at System.Text.Json.Serialization.Metadata.JsonPropertyInfo`1.GetMemberAndWriteJson(Object obj, WriteStack& state, Utf8JsonWriter writer)
   at System.Text.Json.Serialization.Converters.ObjectDefaultConverter`1.OnTryWrite(Utf8JsonWriter writer, T value, JsonSerializerOptions options, WriteStack& state)
   at System.Text.Json.Serialization.Metadata.JsonPropertyInfo`1.GetMemberAndWriteJson(Object obj, WriteStack& state, Utf8JsonWriter writer)
   at System.Text.Json.Serialization.Converters.ObjectDefaultConverter`1.OnTryWrite(Utf8JsonWriter writer, T value, JsonSerializerOptions options, WriteStack& state)
   at System.Text.Json.Serialization.Converters.IEnumerableDefaultConverter`2.OnWriteResume(Utf8JsonWriter writer, TCollection value, JsonSerializerOptions options, WriteStack& state)
   at System.Text.Json.Serialization.JsonCollectionConverter`2.OnTryWrite(Utf8JsonWriter writer, TCollection value, JsonSerializerOptions options, WriteStack& state)
   at System.Text.Json.Serialization.Metadata.JsonPropertyInfo`1.GetMemberAndWriteJson(Object obj, WriteStack& state, Utf8JsonWriter writer)
   at System.Text.Json.Serialization.Converters.ObjectDefaultConverter`1.OnTryWrite(Utf8JsonWriter writer, T value, JsonSerializerOptions options, WriteStack& state)
   at System.Text.Json.Serialization.Metadata.JsonPropertyInfo`1.GetMemberAndWriteJson(Object obj, WriteStack& state, Utf8JsonWriter writer)
   at System.Text.Json.Serialization.Converters.ObjectDefaultConverter`1.OnTryWrite(Utf8JsonWriter writer, T value, JsonSerializerOptions options, WriteStack& state)
   at System.Text.Json.Serialization.Metadata.JsonPropertyInfo`1.GetMemberAndWriteJson(Object obj, WriteStack& state, Utf8JsonWriter writer)
   at System.Text.Json.Serialization.Converters.ObjectDefaultConverter`1.OnTryWrite(Utf8JsonWriter writer, T value, JsonSerializerOptions options, WriteStack& state)
   at System.Text.Json.Serialization.JsonConverter`1.TryWrite(Utf8JsonWriter writer, T& value, JsonSerializerOptions options, WriteStack& state)
   at System.Text.Json.Serialization.JsonConverter`1.WriteCore(Utf8JsonWriter writer, T& value, JsonSerializerOptions options, WriteStack& state)
   at System.Text.Json.Serialization.Metadata.JsonTypeInfo`1.SerializeAsync(PipeWriter pipeWriter, T rootValue, Int32 flushThreshold, CancellationToken cancellationToken, Object rootValueBoxed)
   at System.Text.Json.Serialization.Metadata.JsonTypeInfo`1.SerializeAsync(PipeWriter pipeWriter, T rootValue, Int32 flushThreshold, CancellationToken cancellationToken, Object rootValueBoxed)
   at System.Text.Json.Serialization.Metadata.JsonTypeInfo`1.SerializeAsync(PipeWriter pipeWriter, T rootValue, Int32 flushThreshold, CancellationToken cancellationToken, Object rootValueBoxed)
   at Microsoft.AspNetCore.Mvc.Formatters.SystemTextJsonOutputFormatter.WriteResponseBodyAsync(OutputFormatterWriteContext context, Encoding selectedEncoding)
   at Microsoft.AspNetCore.Mvc.Infrastructure.ResourceInvoker.<InvokeNextResultFilterAsync>g__Awaited|30_0[TFilter,TFilterAsync](ResourceInvoker invoker, Task lastTask, State next, Scope scope, Object state, Boolean isCompleted)
   at Microsoft.AspNetCore.Mvc.Infrastructure.ResourceInvoker.Rethrow(ResultExecutedContextSealed context)
   at Microsoft.AspNetCore.Mvc.Infrastructure.ResourceInvoker.ResultNext[TFilter,TFilterAsync](State& next, Scope& scope, Object& state, Boolean& isCompleted)
   at Microsoft.AspNetCore.Mvc.Infrastructure.ResourceInvoker.InvokeResultFilters()
--- End of stack trace from previous location ---
   at Microsoft.AspNetCore.Mvc.Infrastructure.ResourceInvoker.<InvokeFilterPipelineAsync>g__Awaited|20_0(ResourceInvoker invoker, Task lastTask, State next, Scope scope, Object state, Boolean isCompleted)
   at Microsoft.AspNetCore.Mvc.Infrastructure.ResourceInvoker.<InvokeAsync>g__Awaited|17_0(ResourceInvoker invoker, Task task, IDisposable scope)
   at Microsoft.AspNetCore.Mvc.Infrastructure.ResourceInvoker.<InvokeAsync>g__Awaited|17_0(ResourceInvoker invoker, Task task, IDisposable scope)
   at Freshwalk.API.Logging.AuditRequestLoggingMiddleware.InvokeAsync(HttpContext context, RequestDelegate next) in D:\Projects\Freshwalk Shoe Cleaning web app\API\Freshwalk.API\Logging\AuditRequestLoggingMiddleware.cs:line 63
   at Freshwalk.API.Logging.AuditRequestLoggingMiddleware.InvokeAsync(HttpContext context, RequestDelegate next) in D:\Projects\Freshwalk Shoe Cleaning web app\API\Freshwalk.API\Logging\AuditRequestLoggingMiddleware.cs:line 91
   at Freshwalk.API.Logging.AuditRequestLoggingMiddleware.InvokeAsync(HttpContext context, RequestDelegate next) in D:\Projects\Freshwalk Shoe Cleaning web app\API\Freshwalk.API\Logging\AuditRequestLoggingMiddleware.cs:line 91
   at Microsoft.AspNetCore.Builder.UseMiddlewareExtensions.InterfaceMiddlewareBinder.<>c__DisplayClass2_0.<<CreateMiddleware>b__0>d.MoveNext()
--- End of stack trace from previous location ---
   at Microsoft.AspNetCore.Authorization.AuthorizationMiddleware.Invoke(HttpContext context)
   at Microsoft.AspNetCore.Authentication.AuthenticationMiddleware.Invoke(HttpContext context)
   at Serilog.AspNetCore.RequestLoggingMiddleware.Invoke(HttpContext httpContext)
   at Swashbuckle.AspNetCore.SwaggerUI.SwaggerUIMiddleware.Invoke(HttpContext httpContext)
   at Swashbuckle.AspNetCore.Swagger.SwaggerMiddleware.Invoke(HttpContext httpContext, ISwaggerProvider swaggerProvider)
   at Microsoft.AspNetCore.Diagnostics.DeveloperExceptionPageMiddlewareImpl.Invoke(HttpContext context)
2026-03-29 13:17:44.597 +03:00 [INF] HTTP OPTIONS /api/agent/riders responded 204 in 0.0281 ms
2026-03-29 13:17:44.597 +03:00 [INF] HTTP OPTIONS /api/agent/bookings/fe84829a-033b-48e4-90ec-be701ca528ca responded 204 in 0.0318 ms
2026-03-29 13:17:44.766 +03:00 [INF] Executed DbCommand (162ms) [Parameters=[@__id_0='?' (DbType = Guid)], CommandType='"Text"', CommandTimeout='30']
SELECT s."Id", s."AddOns", s."BookingReference", s."BundleDiscountPercent", s."CreatedAt", s."CustomerId", s."DiscountAmountKes", s."NubuckLines", s."OfficialLeatherLines", s."PickupAddress", s."PickupLatitude", s."PickupLocationUrl", s."PickupLongitude", s."PriceKes", s."SneakersLines", s."Status", s."SubtotalBeforeDiscountKes", s."SuedeLines", s."TotalPairs", s."Id0", s."AccessFailedCount", s."Address", s."ConcurrencyStamp", s."CreatedAt0", s."CustomerReference", s."Email", s."EmailConfirmed", s."FullName", s."IsActive", s."LockoutEnabled", s."LockoutEnd", s."NormalizedEmail", s."NormalizedUserName", s."PasswordHash", s."PhoneNumber", s."PhoneNumberConfirmed", s."SecurityStamp", s."TwoFactorEnabled", s."UserName", s."Id1", s."Amount", s."BookingId", s."CreatedAt1", s."MpesaCheckoutRequestId", s."MpesaMerchantRequestId", s."MpesaReceipt", s."PayerPhoneNumber", s."PaymentReference", s."Status0", s."Id2", s."AgentId", s."BookingId0", s."CleaningCompletedAt", s."CleaningStartedAt", s."CustomerId0", s."DeliveredAt", s."DeliveryOtp", s."DeliveryOtpExpiresAt", s."DeliveryOtpVerifiedAt", s."OrderReference", s."PickedUpAt", s."PickupOtp", s."PickupOtpExpiresAt", s."PickupOtpVerifiedAt", s."Status1", s0."Id", s0."AssignedAt", s0."AssignmentReference", s0."AssignmentType", s0."CompletedAt", s0."Notes", s0."OrderId", s0."RiderId", s0."Status", s0."Id0", s0."AccessFailedCount", s0."Address", s0."ConcurrencyStamp", s0."CreatedAt", s0."CustomerReference", s0."Email", s0."EmailConfirmed", s0."FullName", s0."IsActive", s0."LockoutEnabled", s0."LockoutEnd", s0."NormalizedEmail", s0."NormalizedUserName", s0."PasswordHash", s0."PhoneNumber", s0."PhoneNumberConfirmed", s0."SecurityStamp", s0."TwoFactorEnabled", s0."UserName"
FROM (
    SELECT b."Id", b."AddOns", b."BookingReference", b."BundleDiscountPercent", b."CreatedAt", b."CustomerId", b."DiscountAmountKes", b."NubuckLines", b."OfficialLeatherLines", b."PickupAddress", b."PickupLatitude", b."PickupLocationUrl", b."PickupLongitude", b."PriceKes", b."SneakersLines", b."Status", b."SubtotalBeforeDiscountKes", b."SuedeLines", b."TotalPairs", f."Id" AS "Id0", f."AccessFailedCount", f."Address", f."ConcurrencyStamp", f."CreatedAt" AS "CreatedAt0", f."CustomerReference", f."Email", f."EmailConfirmed", f."FullName", f."IsActive", f."LockoutEnabled", f."LockoutEnd", f."NormalizedEmail", f."NormalizedUserName", f."PasswordHash", f."PhoneNumber", f."PhoneNumberConfirmed", f."SecurityStamp", f."TwoFactorEnabled", f."UserName", p."Id" AS "Id1", p."Amount", p."BookingId", p."CreatedAt" AS "CreatedAt1", p."MpesaCheckoutRequestId", p."MpesaMerchantRequestId", p."MpesaReceipt", p."PayerPhoneNumber", p."PaymentReference", p."Status" AS "Status0", o."Id" AS "Id2", o."AgentId", o."BookingId" AS "BookingId0", o."CleaningCompletedAt", o."CleaningStartedAt", o."CustomerId" AS "CustomerId0", o."DeliveredAt", o."DeliveryOtp", o."DeliveryOtpExpiresAt", o."DeliveryOtpVerifiedAt", o."OrderReference", o."PickedUpAt", o."PickupOtp", o."PickupOtpExpiresAt", o."PickupOtpVerifiedAt", o."Status" AS "Status1"
    FROM "Bookings" AS b
    INNER JOIN "FreshwalkUsers" AS f ON b."CustomerId" = f."Id"
    LEFT JOIN "Payments" AS p ON b."Id" = p."BookingId"
    LEFT JOIN "Orders" AS o ON b."Id" = o."BookingId"
    WHERE b."Id" = @__id_0
    LIMIT 1
) AS s
LEFT JOIN (
    SELECT o0."Id", o0."AssignedAt", o0."AssignmentReference", o0."AssignmentType", o0."CompletedAt", o0."Notes", o0."OrderId", o0."RiderId", o0."Status", f0."Id" AS "Id0", f0."AccessFailedCount", f0."Address", f0."ConcurrencyStamp", f0."CreatedAt", f0."CustomerReference", f0."Email", f0."EmailConfirmed", f0."FullName", f0."IsActive", f0."LockoutEnabled", f0."LockoutEnd", f0."NormalizedEmail", f0."NormalizedUserName", f0."PasswordHash", f0."PhoneNumber", f0."PhoneNumberConfirmed", f0."SecurityStamp", f0."TwoFactorEnabled", f0."UserName"
    FROM "OrderRiderAssignments" AS o0
    INNER JOIN "FreshwalkUsers" AS f0 ON o0."RiderId" = f0."Id"
) AS s0 ON s."Id2" = s0."OrderId"
ORDER BY s."Id", s."Id0", s."Id1", s."Id2", s0."Id"
2026-03-29 13:17:44.826 +03:00 [INF] Executed DbCommand (224ms) [Parameters=[@__normalizedRoleName_0='?'], CommandType='"Text"', CommandTimeout='30']
SELECT f."Id", f."ConcurrencyStamp", f."Name", f."NormalizedName"
FROM "FreshwalkRoles" AS f
WHERE f."NormalizedName" = @__normalizedRoleName_0
LIMIT 2
2026-03-29 13:17:44.987 +03:00 [INF] Executed DbCommand (156ms) [Parameters=[@__role_Id_0='?' (DbType = Guid)], CommandType='"Text"', CommandTimeout='30']
SELECT f0."Id", f0."AccessFailedCount", f0."Address", f0."ConcurrencyStamp", f0."CreatedAt", f0."CustomerReference", f0."Email", f0."EmailConfirmed", f0."FullName", f0."IsActive", f0."LockoutEnabled", f0."LockoutEnd", f0."NormalizedEmail", f0."NormalizedUserName", f0."PasswordHash", f0."PhoneNumber", f0."PhoneNumberConfirmed", f0."SecurityStamp", f0."TwoFactorEnabled", f0."UserName"
FROM "FreshwalkUserRoles" AS f
INNER JOIN "FreshwalkUsers" AS f0 ON f."UserId" = f0."Id"
WHERE f."RoleId" = @__role_Id_0
2026-03-29 13:17:44.996 +03:00 [INF] Executed DbCommand (219ms) [Parameters=[@__p_0='?' (DbType = Guid)], CommandType='"Text"', CommandTimeout='30']
SELECT f."Id", f."AccessFailedCount", f."Address", f."ConcurrencyStamp", f."CreatedAt", f."CustomerReference", f."Email", f."EmailConfirmed", f."FullName", f."IsActive", f."LockoutEnabled", f."LockoutEnd", f."NormalizedEmail", f."NormalizedUserName", f."PasswordHash", f."PhoneNumber", f."PhoneNumberConfirmed", f."SecurityStamp", f."TwoFactorEnabled", f."UserName"
FROM "FreshwalkUsers" AS f
WHERE f."Id" = @__p_0
LIMIT 1
2026-03-29 13:17:45.002 +03:00 [INF] HTTP GET /api/agent/bookings/fe84829a-033b-48e4-90ec-be701ca528ca responded 200 in 399.2449 ms
2026-03-29 13:17:45.214 +03:00 [INF] Executed DbCommand (220ms) [Parameters=[], CommandType='"Text"', CommandTimeout='30']
SELECT r."Id", r."BikeRegistration", r."IsAvailable", r."UserId"
FROM "RiderProfiles" AS r
2026-03-29 13:17:45.452 +03:00 [INF] Executed DbCommand (233ms) [Parameters=[@__p_0='?' (DbType = Guid)], CommandType='"Text"', CommandTimeout='30']
SELECT f."Id", f."AccessFailedCount", f."Address", f."ConcurrencyStamp", f."CreatedAt", f."CustomerReference", f."Email", f."EmailConfirmed", f."FullName", f."IsActive", f."LockoutEnabled", f."LockoutEnd", f."NormalizedEmail", f."NormalizedUserName", f."PasswordHash", f."PhoneNumber", f."PhoneNumberConfirmed", f."SecurityStamp", f."TwoFactorEnabled", f."UserName"
FROM "FreshwalkUsers" AS f
WHERE f."Id" = @__p_0
LIMIT 1
2026-03-29 13:17:45.459 +03:00 [INF] HTTP GET /api/agent/riders responded 200 in 857.8667 ms
2026-03-29 13:17:45.761 +03:00 [INF] Executed DbCommand (291ms) [Parameters=[@__id_0='?' (DbType = Guid)], CommandType='"Text"', CommandTimeout='30']
SELECT s."Id", s."AgentId", s."BookingId", s."CleaningCompletedAt", s."CleaningStartedAt", s."CustomerId", s."DeliveredAt", s."DeliveryOtp", s."DeliveryOtpExpiresAt", s."DeliveryOtpVerifiedAt", s."OrderReference", s."PickedUpAt", s."PickupOtp", s."PickupOtpExpiresAt", s."PickupOtpVerifiedAt", s."Status", s."Id0", s."AddOns", s."BookingReference", s."BundleDiscountPercent", s."CreatedAt", s."CustomerId0", s."DiscountAmountKes", s."NubuckLines", s."OfficialLeatherLines", s."PickupAddress", s."PickupLatitude", s."PickupLocationUrl", s."PickupLongitude", s."PriceKes", s."SneakersLines", s."Status0", s."SubtotalBeforeDiscountKes", s."SuedeLines", s."TotalPairs", s."Id1", s."AccessFailedCount", s."Address", s."ConcurrencyStamp", s."CreatedAt0", s."CustomerReference", s."Email", s."EmailConfirmed", s."FullName", s."IsActive", s."LockoutEnabled", s."LockoutEnd", s."NormalizedEmail", s."NormalizedUserName", s."PasswordHash", s."PhoneNumber", s."PhoneNumberConfirmed", s."SecurityStamp", s."TwoFactorEnabled", s."UserName", s."Id2", s."Amount", s."BookingId0", s."CreatedAt1", s."MpesaCheckoutRequestId", s."MpesaMerchantRequestId", s."MpesaReceipt", s."PayerPhoneNumber", s."PaymentReference", s."Status1", s0."Id", s0."AssignedAt", s0."AssignmentReference", s0."AssignmentType", s0."CompletedAt", s0."Notes", s0."OrderId", s0."RiderId", s0."Status", s0."Id0", s0."AccessFailedCount", s0."Address", s0."ConcurrencyStamp", s0."CreatedAt", s0."CustomerReference", s0."Email", s0."EmailConfirmed", s0."FullName", s0."IsActive", s0."LockoutEnabled", s0."LockoutEnd", s0."NormalizedEmail", s0."NormalizedUserName", s0."PasswordHash", s0."PhoneNumber", s0."PhoneNumberConfirmed", s0."SecurityStamp", s0."TwoFactorEnabled", s0."UserName"
FROM (
    SELECT o."Id", o."AgentId", o."BookingId", o."CleaningCompletedAt", o."CleaningStartedAt", o."CustomerId", o."DeliveredAt", o."DeliveryOtp", o."DeliveryOtpExpiresAt", o."DeliveryOtpVerifiedAt", o."OrderReference", o."PickedUpAt", o."PickupOtp", o."PickupOtpExpiresAt", o."PickupOtpVerifiedAt", o."Status", b."Id" AS "Id0", b."AddOns", b."BookingReference", b."BundleDiscountPercent", b."CreatedAt", b."CustomerId" AS "CustomerId0", b."DiscountAmountKes", b."NubuckLines", b."OfficialLeatherLines", b."PickupAddress", b."PickupLatitude", b."PickupLocationUrl", b."PickupLongitude", b."PriceKes", b."SneakersLines", b."Status" AS "Status0", b."SubtotalBeforeDiscountKes", b."SuedeLines", b."TotalPairs", f."Id" AS "Id1", f."AccessFailedCount", f."Address", f."ConcurrencyStamp", f."CreatedAt" AS "CreatedAt0", f."CustomerReference", f."Email", f."EmailConfirmed", f."FullName", f."IsActive", f."LockoutEnabled", f."LockoutEnd", f."NormalizedEmail", f."NormalizedUserName", f."PasswordHash", f."PhoneNumber", f."PhoneNumberConfirmed", f."SecurityStamp", f."TwoFactorEnabled", f."UserName", p."Id" AS "Id2", p."Amount", p."BookingId" AS "BookingId0", p."CreatedAt" AS "CreatedAt1", p."MpesaCheckoutRequestId", p."MpesaMerchantRequestId", p."MpesaReceipt", p."PayerPhoneNumber", p."PaymentReference", p."Status" AS "Status1"
    FROM "Orders" AS o
    INNER JOIN "Bookings" AS b ON o."BookingId" = b."Id"
    INNER JOIN "FreshwalkUsers" AS f ON b."CustomerId" = f."Id"
    LEFT JOIN "Payments" AS p ON b."Id" = p."BookingId"
    WHERE o."Id" = @__id_0
    LIMIT 1
) AS s
LEFT JOIN (
    SELECT o0."Id", o0."AssignedAt", o0."AssignmentReference", o0."AssignmentType", o0."CompletedAt", o0."Notes", o0."OrderId", o0."RiderId", o0."Status", f0."Id" AS "Id0", f0."AccessFailedCount", f0."Address", f0."ConcurrencyStamp", f0."CreatedAt", f0."CustomerReference", f0."Email", f0."EmailConfirmed", f0."FullName", f0."IsActive", f0."LockoutEnabled", f0."LockoutEnd", f0."NormalizedEmail", f0."NormalizedUserName", f0."PasswordHash", f0."PhoneNumber", f0."PhoneNumberConfirmed", f0."SecurityStamp", f0."TwoFactorEnabled", f0."UserName"
    FROM "OrderRiderAssignments" AS o0
    INNER JOIN "FreshwalkUsers" AS f0 ON o0."RiderId" = f0."Id"
) AS s0 ON s."Id" = s0."OrderId"
ORDER BY s."Id", s."Id0", s."Id1", s."Id2", s0."Id"
2026-03-29 13:17:46.068 +03:00 [INF] Executed DbCommand (293ms) [Parameters=[@__p_0='?' (DbType = Guid)], CommandType='"Text"', CommandTimeout='30']
SELECT f."Id", f."AccessFailedCount", f."Address", f."ConcurrencyStamp", f."CreatedAt", f."CustomerReference", f."Email", f."EmailConfirmed", f."FullName", f."IsActive", f."LockoutEnabled", f."LockoutEnd", f."NormalizedEmail", f."NormalizedUserName", f."PasswordHash", f."PhoneNumber", f."PhoneNumberConfirmed", f."SecurityStamp", f."TwoFactorEnabled", f."UserName"
FROM "FreshwalkUsers" AS f
WHERE f."Id" = @__p_0
LIMIT 1
2026-03-29 13:17:46.077 +03:00 [ERR] HTTP GET /api/orders/21381961-9ec7-45ff-887a-288a0e1ea182 responded 500 in 609.3646 ms
System.Text.Json.JsonException: A possible object cycle was detected. This can either be due to a cycle or if the object depth is larger than the maximum allowed depth of 32. Consider using ReferenceHandler.Preserve on JsonSerializerOptions to support cycles. Path: $.Booking.Customer.Bookings.Customer.Bookings.Customer.Bookings.Customer.Bookings.Customer.Bookings.Customer.Bookings.Customer.Bookings.Customer.Bookings.Customer.Bookings.Customer.Bookings.Id.
   at System.Text.Json.ThrowHelper.ThrowJsonException_SerializerCycleDetected(Int32 maxDepth)
   at System.Text.Json.Serialization.Metadata.JsonPropertyInfo`1.GetMemberAndWriteJson(Object obj, WriteStack& state, Utf8JsonWriter writer)
   at System.Text.Json.Serialization.Converters.ObjectDefaultConverter`1.OnTryWrite(Utf8JsonWriter writer, T value, JsonSerializerOptions options, WriteStack& state)
   at System.Text.Json.Serialization.Converters.IEnumerableDefaultConverter`2.OnWriteResume(Utf8JsonWriter writer, TCollection value, JsonSerializerOptions options, WriteStack& state)
   at System.Text.Json.Serialization.JsonCollectionConverter`2.OnTryWrite(Utf8JsonWriter writer, TCollection value, JsonSerializerOptions options, WriteStack& state)
   at System.Text.Json.Serialization.Metadata.JsonPropertyInfo`1.GetMemberAndWriteJson(Object obj, WriteStack& state, Utf8JsonWriter writer)
   at System.Text.Json.Serialization.Converters.ObjectDefaultConverter`1.OnTryWrite(Utf8JsonWriter writer, T value, JsonSerializerOptions options, WriteStack& state)
   at System.Text.Json.Serialization.Metadata.JsonPropertyInfo`1.GetMemberAndWriteJson(Object obj, WriteStack& state, Utf8JsonWriter writer)
   at System.Text.Json.Serialization.Converters.ObjectDefaultConverter`1.OnTryWrite(Utf8JsonWriter writer, T value, JsonSerializerOptions options, WriteStack& state)
   at System.Text.Json.Serialization.Converters.IEnumerableDefaultConverter`2.OnWriteResume(Utf8JsonWriter writer, TCollection value, JsonSerializerOptions options, WriteStack& state)
   at System.Text.Json.Serialization.JsonCollectionConverter`2.OnTryWrite(Utf8JsonWriter writer, TCollection value, JsonSerializerOptions options, WriteStack& state)
   at System.Text.Json.Serialization.Metadata.JsonPropertyInfo`1.GetMemberAndWriteJson(Object obj, WriteStack& state, Utf8JsonWriter writer)
   at System.Text.Json.Serialization.Converters.ObjectDefaultConverter`1.OnTryWrite(Utf8JsonWriter writer, T value, JsonSerializerOptions options, WriteStack& state)
   at System.Text.Json.Serialization.Metadata.JsonPropertyInfo`1.GetMemberAndWriteJson(Object obj, WriteStack& state, Utf8JsonWriter writer)
   at System.Text.Json.Serialization.Converters.ObjectDefaultConverter`1.OnTryWrite(Utf8JsonWriter writer, T value, JsonSerializerOptions options, WriteStack& state)
   at System.Text.Json.Serialization.Converters.IEnumerableDefaultConverter`2.OnWriteResume(Utf8JsonWriter writer, TCollection value, JsonSerializerOptions options, WriteStack& state)
   at System.Text.Json.Serialization.JsonCollectionConverter`2.OnTryWrite(Utf8JsonWriter writer, TCollection value, JsonSerializerOptions options, WriteStack& state)
   at System.Text.Json.Serialization.Metadata.JsonPropertyInfo`1.GetMemberAndWriteJson(Object obj, WriteStack& state, Utf8JsonWriter writer)
   at System.Text.Json.Serialization.Converters.ObjectDefaultConverter`1.OnTryWrite(Utf8JsonWriter writer, T value, JsonSerializerOptions options, WriteStack& state)
   at System.Text.Json.Serialization.Metadata.JsonPropertyInfo`1.GetMemberAndWriteJson(Object obj, WriteStack& state, Utf8JsonWriter writer)
   at System.Text.Json.Serialization.Converters.ObjectDefaultConverter`1.OnTryWrite(Utf8JsonWriter writer, T value, JsonSerializerOptions options, WriteStack& state)
   at System.Text.Json.Serialization.Converters.IEnumerableDefaultConverter`2.OnWriteResume(Utf8JsonWriter writer, TCollection value, JsonSerializerOptions options, WriteStack& state)
   at System.Text.Json.Serialization.JsonCollectionConverter`2.OnTryWrite(Utf8JsonWriter writer, TCollection value, JsonSerializerOptions options, WriteStack& state)
   at System.Text.Json.Serialization.Metadata.JsonPropertyInfo`1.GetMemberAndWriteJson(Object obj, WriteStack& state, Utf8JsonWriter writer)
   at System.Text.Json.Serialization.Converters.ObjectDefaultConverter`1.OnTryWrite(Utf8JsonWriter writer, T value, JsonSerializerOptions options, WriteStack& state)
   at System.Text.Json.Serialization.Metadata.JsonPropertyInfo`1.GetMemberAndWriteJson(Object obj, WriteStack& state, Utf8JsonWriter writer)
   at System.Text.Json.Serialization.Converters.ObjectDefaultConverter`1.OnTryWrite(Utf8JsonWriter writer, T value, JsonSerializerOptions options, WriteStack& state)
   at System.Text.Json.Serialization.Converters.IEnumerableDefaultConverter`2.OnWriteResume(Utf8JsonWriter writer, TCollection value, JsonSerializerOptions options, WriteStack& state)
   at System.Text.Json.Serialization.JsonCollectionConverter`2.OnTryWrite(Utf8JsonWriter writer, TCollection value, JsonSerializerOptions options, WriteStack& state)
   at System.Text.Json.Serialization.Metadata.JsonPropertyInfo`1.GetMemberAndWriteJson(Object obj, WriteStack& state, Utf8JsonWriter writer)
   at System.Text.Json.Serialization.Converters.ObjectDefaultConverter`1.OnTryWrite(Utf8JsonWriter writer, T value, JsonSerializerOptions options, WriteStack& state)
   at System.Text.Json.Serialization.Metadata.JsonPropertyInfo`1.GetMemberAndWriteJson(Object obj, WriteStack& state, Utf8JsonWriter writer)
   at System.Text.Json.Serialization.Converters.ObjectDefaultConverter`1.OnTryWrite(Utf8JsonWriter writer, T value, JsonSerializerOptions options, WriteStack& state)
   at System.Text.Json.Serialization.Converters.IEnumerableDefaultConverter`2.OnWriteResume(Utf8JsonWriter writer, TCollection value, JsonSerializerOptions options, WriteStack& state)
   at System.Text.Json.Serialization.JsonCollectionConverter`2.OnTryWrite(Utf8JsonWriter writer, TCollection value, JsonSerializerOptions options, WriteStack& state)
   at System.Text.Json.Serialization.Metadata.JsonPropertyInfo`1.GetMemberAndWriteJson(Object obj, WriteStack& state, Utf8JsonWriter writer)
   at System.Text.Json.Serialization.Converters.ObjectDefaultConverter`1.OnTryWrite(Utf8JsonWriter writer, T value, JsonSerializerOptions options, WriteStack& state)
   at System.Text.Json.Serialization.Metadata.JsonPropertyInfo`1.GetMemberAndWriteJson(Object obj, WriteStack& state, Utf8JsonWriter writer)
   at System.Text.Json.Serialization.Converters.ObjectDefaultConverter`1.OnTryWrite(Utf8JsonWriter writer, T value, JsonSerializerOptions options, WriteStack& state)
   at System.Text.Json.Serialization.Converters.IEnumerableDefaultConverter`2.OnWriteResume(Utf8JsonWriter writer, TCollection value, JsonSerializerOptions options, WriteStack& state)
   at System.Text.Json.Serialization.JsonCollectionConverter`2.OnTryWrite(Utf8JsonWriter writer, TCollection value, JsonSerializerOptions options, WriteStack& state)
   at System.Text.Json.Serialization.Metadata.JsonPropertyInfo`1.GetMemberAndWriteJson(Object obj, WriteStack& state, Utf8JsonWriter writer)
   at System.Text.Json.Serialization.Converters.ObjectDefaultConverter`1.OnTryWrite(Utf8JsonWriter writer, T value, JsonSerializerOptions options, WriteStack& state)
   at System.Text.Json.Serialization.Metadata.JsonPropertyInfo`1.GetMemberAndWriteJson(Object obj, WriteStack& state, Utf8JsonWriter writer)
   at System.Text.Json.Serialization.Converters.ObjectDefaultConverter`1.OnTryWrite(Utf8JsonWriter writer, T value, JsonSerializerOptions options, WriteStack& state)
   at System.Text.Json.Serialization.Converters.IEnumerableDefaultConverter`2.OnWriteResume(Utf8JsonWriter writer, TCollection value, JsonSerializerOptions options, WriteStack& state)
   at System.Text.Json.Serialization.JsonCollectionConverter`2.OnTryWrite(Utf8JsonWriter writer, TCollection value, JsonSerializerOptions options, WriteStack& state)
   at System.Text.Json.Serialization.Metadata.JsonPropertyInfo`1.GetMemberAndWriteJson(Object obj, WriteStack& state, Utf8JsonWriter writer)
   at System.Text.Json.Serialization.Converters.ObjectDefaultConverter`1.OnTryWrite(Utf8JsonWriter writer, T value, JsonSerializerOptions options, WriteStack& state)
   at System.Text.Json.Serialization.Metadata.JsonPropertyInfo`1.GetMemberAndWriteJson(Object obj, WriteStack& state, Utf8JsonWriter writer)
   at System.Text.Json.Serialization.Converters.ObjectDefaultConverter`1.OnTryWrite(Utf8JsonWriter writer, T value, JsonSerializerOptions options, WriteStack& state)
   at System.Text.Json.Serialization.Converters.IEnumerableDefaultConverter`2.OnWriteResume(Utf8JsonWriter writer, TCollection value, JsonSerializerOptions options, WriteStack& state)
   at System.Text.Json.Serialization.JsonCollectionConverter`2.OnTryWrite(Utf8JsonWriter writer, TCollection value, JsonSerializerOptions options, WriteStack& state)
   at System.Text.Json.Serialization.Metadata.JsonPropertyInfo`1.GetMemberAndWriteJson(Object obj, WriteStack& state, Utf8JsonWriter writer)
   at System.Text.Json.Serialization.Converters.ObjectDefaultConverter`1.OnTryWrite(Utf8JsonWriter writer, T value, JsonSerializerOptions options, WriteStack& state)
   at System.Text.Json.Serialization.Metadata.JsonPropertyInfo`1.GetMemberAndWriteJson(Object obj, WriteStack& state, Utf8JsonWriter writer)
   at System.Text.Json.Serialization.Converters.ObjectDefaultConverter`1.OnTryWrite(Utf8JsonWriter writer, T value, JsonSerializerOptions options, WriteStack& state)
   at System.Text.Json.Serialization.Converters.IEnumerableDefaultConverter`2.OnWriteResume(Utf8JsonWriter writer, TCollection value, JsonSerializerOptions options, WriteStack& state)
   at System.Text.Json.Serialization.JsonCollectionConverter`2.OnTryWrite(Utf8JsonWriter writer, TCollection value, JsonSerializerOptions options, WriteStack& state)
   at System.Text.Json.Serialization.Metadata.JsonPropertyInfo`1.GetMemberAndWriteJson(Object obj, WriteStack& state, Utf8JsonWriter writer)
   at System.Text.Json.Serialization.Converters.ObjectDefaultConverter`1.OnTryWrite(Utf8JsonWriter writer, T value, JsonSerializerOptions options, WriteStack& state)
   at System.Text.Json.Serialization.Metadata.JsonPropertyInfo`1.GetMemberAndWriteJson(Object obj, WriteStack& state, Utf8JsonWriter writer)
   at System.Text.Json.Serialization.Converters.ObjectDefaultConverter`1.OnTryWrite(Utf8JsonWriter writer, T value, JsonSerializerOptions options, WriteStack& state)
   at System.Text.Json.Serialization.Metadata.JsonPropertyInfo`1.GetMemberAndWriteJson(Object obj, WriteStack& state, Utf8JsonWriter writer)
   at System.Text.Json.Serialization.Converters.ObjectDefaultConverter`1.OnTryWrite(Utf8JsonWriter writer, T value, JsonSerializerOptions options, WriteStack& state)
   at System.Text.Json.Serialization.JsonConverter`1.WriteCore(Utf8JsonWriter writer, T& value, JsonSerializerOptions options, WriteStack& state)
   at System.Text.Json.Serialization.Metadata.JsonTypeInfo`1.SerializeAsync(PipeWriter pipeWriter, T rootValue, Int32 flushThreshold, CancellationToken cancellationToken, Object rootValueBoxed)
   at System.Text.Json.Serialization.Metadata.JsonTypeInfo`1.SerializeAsync(PipeWriter pipeWriter, T rootValue, Int32 flushThreshold, CancellationToken cancellationToken, Object rootValueBoxed)
   at System.Text.Json.Serialization.Metadata.JsonTypeInfo`1.SerializeAsync(PipeWriter pipeWriter, T rootValue, Int32 flushThreshold, CancellationToken cancellationToken, Object rootValueBoxed)
   at Microsoft.AspNetCore.Mvc.Formatters.SystemTextJsonOutputFormatter.WriteResponseBodyAsync(OutputFormatterWriteContext context, Encoding selectedEncoding)
   at Microsoft.AspNetCore.Mvc.Infrastructure.ResourceInvoker.<InvokeNextResultFilterAsync>g__Awaited|30_0[TFilter,TFilterAsync](ResourceInvoker invoker, Task lastTask, State next, Scope scope, Object state, Boolean isCompleted)
   at Microsoft.AspNetCore.Mvc.Infrastructure.ResourceInvoker.Rethrow(ResultExecutedContextSealed context)
   at Microsoft.AspNetCore.Mvc.Infrastructure.ResourceInvoker.ResultNext[TFilter,TFilterAsync](State& next, Scope& scope, Object& state, Boolean& isCompleted)
   at Microsoft.AspNetCore.Mvc.Infrastructure.ResourceInvoker.InvokeResultFilters()
--- End of stack trace from previous location ---
   at Microsoft.AspNetCore.Mvc.Infrastructure.ResourceInvoker.<InvokeFilterPipelineAsync>g__Awaited|20_0(ResourceInvoker invoker, Task lastTask, State next, Scope scope, Object state, Boolean isCompleted)
   at Microsoft.AspNetCore.Mvc.Infrastructure.ResourceInvoker.<InvokeAsync>g__Awaited|17_0(ResourceInvoker invoker, Task task, IDisposable scope)
   at Microsoft.AspNetCore.Mvc.Infrastructure.ResourceInvoker.<InvokeAsync>g__Awaited|17_0(ResourceInvoker invoker, Task task, IDisposable scope)
   at Freshwalk.API.Logging.AuditRequestLoggingMiddleware.InvokeAsync(HttpContext context, RequestDelegate next) in D:\Projects\Freshwalk Shoe Cleaning web app\API\Freshwalk.API\Logging\AuditRequestLoggingMiddleware.cs:line 63
   at Freshwalk.API.Logging.AuditRequestLoggingMiddleware.InvokeAsync(HttpContext context, RequestDelegate next) in D:\Projects\Freshwalk Shoe Cleaning web app\API\Freshwalk.API\Logging\AuditRequestLoggingMiddleware.cs:line 91
   at Freshwalk.API.Logging.AuditRequestLoggingMiddleware.InvokeAsync(HttpContext context, RequestDelegate next) in D:\Projects\Freshwalk Shoe Cleaning web app\API\Freshwalk.API\Logging\AuditRequestLoggingMiddleware.cs:line 91
   at Microsoft.AspNetCore.Builder.UseMiddlewareExtensions.InterfaceMiddlewareBinder.<>c__DisplayClass2_0.<<CreateMiddleware>b__0>d.MoveNext()
--- End of stack trace from previous location ---
   at Microsoft.AspNetCore.Authorization.AuthorizationMiddleware.Invoke(HttpContext context)
   at Microsoft.AspNetCore.Authentication.AuthenticationMiddleware.Invoke(HttpContext context)
   at Serilog.AspNetCore.RequestLoggingMiddleware.Invoke(HttpContext httpContext)
2026-03-29 13:17:46.125 +03:00 [ERR] An unhandled exception has occurred while executing the request.
System.Text.Json.JsonException: A possible object cycle was detected. This can either be due to a cycle or if the object depth is larger than the maximum allowed depth of 32. Consider using ReferenceHandler.Preserve on JsonSerializerOptions to support cycles. Path: $.Booking.Customer.Bookings.Customer.Bookings.Customer.Bookings.Customer.Bookings.Customer.Bookings.Customer.Bookings.Customer.Bookings.Customer.Bookings.Customer.Bookings.Customer.Bookings.Id.
   at System.Text.Json.ThrowHelper.ThrowJsonException_SerializerCycleDetected(Int32 maxDepth)
   at System.Text.Json.Serialization.Metadata.JsonPropertyInfo`1.GetMemberAndWriteJson(Object obj, WriteStack& state, Utf8JsonWriter writer)
   at System.Text.Json.Serialization.Converters.ObjectDefaultConverter`1.OnTryWrite(Utf8JsonWriter writer, T value, JsonSerializerOptions options, WriteStack& state)
   at System.Text.Json.Serialization.Converters.IEnumerableDefaultConverter`2.OnWriteResume(Utf8JsonWriter writer, TCollection value, JsonSerializerOptions options, WriteStack& state)
   at System.Text.Json.Serialization.JsonCollectionConverter`2.OnTryWrite(Utf8JsonWriter writer, TCollection value, JsonSerializerOptions options, WriteStack& state)
   at System.Text.Json.Serialization.Metadata.JsonPropertyInfo`1.GetMemberAndWriteJson(Object obj, WriteStack& state, Utf8JsonWriter writer)
   at System.Text.Json.Serialization.Converters.ObjectDefaultConverter`1.OnTryWrite(Utf8JsonWriter writer, T value, JsonSerializerOptions options, WriteStack& state)
   at System.Text.Json.Serialization.Metadata.JsonPropertyInfo`1.GetMemberAndWriteJson(Object obj, WriteStack& state, Utf8JsonWriter writer)
   at System.Text.Json.Serialization.Converters.ObjectDefaultConverter`1.OnTryWrite(Utf8JsonWriter writer, T value, JsonSerializerOptions options, WriteStack& state)
   at System.Text.Json.Serialization.Converters.IEnumerableDefaultConverter`2.OnWriteResume(Utf8JsonWriter writer, TCollection value, JsonSerializerOptions options, WriteStack& state)
   at System.Text.Json.Serialization.JsonCollectionConverter`2.OnTryWrite(Utf8JsonWriter writer, TCollection value, JsonSerializerOptions options, WriteStack& state)
   at System.Text.Json.Serialization.Metadata.JsonPropertyInfo`1.GetMemberAndWriteJson(Object obj, WriteStack& state, Utf8JsonWriter writer)
   at System.Text.Json.Serialization.Converters.ObjectDefaultConverter`1.OnTryWrite(Utf8JsonWriter writer, T value, JsonSerializerOptions options, WriteStack& state)
   at System.Text.Json.Serialization.Metadata.JsonPropertyInfo`1.GetMemberAndWriteJson(Object obj, WriteStack& state, Utf8JsonWriter writer)
   at System.Text.Json.Serialization.Converters.ObjectDefaultConverter`1.OnTryWrite(Utf8JsonWriter writer, T value, JsonSerializerOptions options, WriteStack& state)
   at System.Text.Json.Serialization.Converters.IEnumerableDefaultConverter`2.OnWriteResume(Utf8JsonWriter writer, TCollection value, JsonSerializerOptions options, WriteStack& state)
   at System.Text.Json.Serialization.JsonCollectionConverter`2.OnTryWrite(Utf8JsonWriter writer, TCollection value, JsonSerializerOptions options, WriteStack& state)
   at System.Text.Json.Serialization.Metadata.JsonPropertyInfo`1.GetMemberAndWriteJson(Object obj, WriteStack& state, Utf8JsonWriter writer)
   at System.Text.Json.Serialization.Converters.ObjectDefaultConverter`1.OnTryWrite(Utf8JsonWriter writer, T value, JsonSerializerOptions options, WriteStack& state)
   at System.Text.Json.Serialization.Metadata.JsonPropertyInfo`1.GetMemberAndWriteJson(Object obj, WriteStack& state, Utf8JsonWriter writer)
   at System.Text.Json.Serialization.Converters.ObjectDefaultConverter`1.OnTryWrite(Utf8JsonWriter writer, T value, JsonSerializerOptions options, WriteStack& state)
   at System.Text.Json.Serialization.Converters.IEnumerableDefaultConverter`2.OnWriteResume(Utf8JsonWriter writer, TCollection value, JsonSerializerOptions options, WriteStack& state)
   at System.Text.Json.Serialization.JsonCollectionConverter`2.OnTryWrite(Utf8JsonWriter writer, TCollection value, JsonSerializerOptions options, WriteStack& state)
   at System.Text.Json.Serialization.Metadata.JsonPropertyInfo`1.GetMemberAndWriteJson(Object obj, WriteStack& state, Utf8JsonWriter writer)
   at System.Text.Json.Serialization.Converters.ObjectDefaultConverter`1.OnTryWrite(Utf8JsonWriter writer, T value, JsonSerializerOptions options, WriteStack& state)
   at System.Text.Json.Serialization.Metadata.JsonPropertyInfo`1.GetMemberAndWriteJson(Object obj, WriteStack& state, Utf8JsonWriter writer)
   at System.Text.Json.Serialization.Converters.ObjectDefaultConverter`1.OnTryWrite(Utf8JsonWriter writer, T value, JsonSerializerOptions options, WriteStack& state)
   at System.Text.Json.Serialization.Converters.IEnumerableDefaultConverter`2.OnWriteResume(Utf8JsonWriter writer, TCollection value, JsonSerializerOptions options, WriteStack& state)
   at System.Text.Json.Serialization.JsonCollectionConverter`2.OnTryWrite(Utf8JsonWriter writer, TCollection value, JsonSerializerOptions options, WriteStack& state)
   at System.Text.Json.Serialization.Metadata.JsonPropertyInfo`1.GetMemberAndWriteJson(Object obj, WriteStack& state, Utf8JsonWriter writer)
   at System.Text.Json.Serialization.Converters.ObjectDefaultConverter`1.OnTryWrite(Utf8JsonWriter writer, T value, JsonSerializerOptions options, WriteStack& state)
   at System.Text.Json.Serialization.Metadata.JsonPropertyInfo`1.GetMemberAndWriteJson(Object obj, WriteStack& state, Utf8JsonWriter writer)
   at System.Text.Json.Serialization.Converters.ObjectDefaultConverter`1.OnTryWrite(Utf8JsonWriter writer, T value, JsonSerializerOptions options, WriteStack& state)
   at System.Text.Json.Serialization.Converters.IEnumerableDefaultConverter`2.OnWriteResume(Utf8JsonWriter writer, TCollection value, JsonSerializerOptions options, WriteStack& state)
   at System.Text.Json.Serialization.JsonCollectionConverter`2.OnTryWrite(Utf8JsonWriter writer, TCollection value, JsonSerializerOptions options, WriteStack& state)
   at System.Text.Json.Serialization.Metadata.JsonPropertyInfo`1.GetMemberAndWriteJson(Object obj, WriteStack& state, Utf8JsonWriter writer)
   at System.Text.Json.Serialization.Converters.ObjectDefaultConverter`1.OnTryWrite(Utf8JsonWriter writer, T value, JsonSerializerOptions options, WriteStack& state)
   at System.Text.Json.Serialization.Metadata.JsonPropertyInfo`1.GetMemberAndWriteJson(Object obj, WriteStack& state, Utf8JsonWriter writer)
   at System.Text.Json.Serialization.Converters.ObjectDefaultConverter`1.OnTryWrite(Utf8JsonWriter writer, T value, JsonSerializerOptions options, WriteStack& state)
   at System.Text.Json.Serialization.Converters.IEnumerableDefaultConverter`2.OnWriteResume(Utf8JsonWriter writer, TCollection value, JsonSerializerOptions options, WriteStack& state)
   at System.Text.Json.Serialization.JsonCollectionConverter`2.OnTryWrite(Utf8JsonWriter writer, TCollection value, JsonSerializerOptions options, WriteStack& state)
   at System.Text.Json.Serialization.Metadata.JsonPropertyInfo`1.GetMemberAndWriteJson(Object obj, WriteStack& state, Utf8JsonWriter writer)
   at System.Text.Json.Serialization.Converters.ObjectDefaultConverter`1.OnTryWrite(Utf8JsonWriter writer, T value, JsonSerializerOptions options, WriteStack& state)
   at System.Text.Json.Serialization.Metadata.JsonPropertyInfo`1.GetMemberAndWriteJson(Object obj, WriteStack& state, Utf8JsonWriter writer)
   at System.Text.Json.Serialization.Converters.ObjectDefaultConverter`1.OnTryWrite(Utf8JsonWriter writer, T value, JsonSerializerOptions options, WriteStack& state)
   at System.Text.Json.Serialization.Converters.IEnumerableDefaultConverter`2.OnWriteResume(Utf8JsonWriter writer, TCollection value, JsonSerializerOptions options, WriteStack& state)
   at System.Text.Json.Serialization.JsonCollectionConverter`2.OnTryWrite(Utf8JsonWriter writer, TCollection value, JsonSerializerOptions options, WriteStack& state)
   at System.Text.Json.Serialization.Metadata.JsonPropertyInfo`1.GetMemberAndWriteJson(Object obj, WriteStack& state, Utf8JsonWriter writer)
   at System.Text.Json.Serialization.Converters.ObjectDefaultConverter`1.OnTryWrite(Utf8JsonWriter writer, T value, JsonSerializerOptions options, WriteStack& state)
   at System.Text.Json.Serialization.Metadata.JsonPropertyInfo`1.GetMemberAndWriteJson(Object obj, WriteStack& state, Utf8JsonWriter writer)
   at System.Text.Json.Serialization.Converters.ObjectDefaultConverter`1.OnTryWrite(Utf8JsonWriter writer, T value, JsonSerializerOptions options, WriteStack& state)
   at System.Text.Json.Serialization.Converters.IEnumerableDefaultConverter`2.OnWriteResume(Utf8JsonWriter writer, TCollection value, JsonSerializerOptions options, WriteStack& state)
   at System.Text.Json.Serialization.JsonCollectionConverter`2.OnTryWrite(Utf8JsonWriter writer, TCollection value, JsonSerializerOptions options, WriteStack& state)
   at System.Text.Json.Serialization.Metadata.JsonPropertyInfo`1.GetMemberAndWriteJson(Object obj, WriteStack& state, Utf8JsonWriter writer)
   at System.Text.Json.Serialization.Converters.ObjectDefaultConverter`1.OnTryWrite(Utf8JsonWriter writer, T value, JsonSerializerOptions options, WriteStack& state)
   at System.Text.Json.Serialization.Metadata.JsonPropertyInfo`1.GetMemberAndWriteJson(Object obj, WriteStack& state, Utf8JsonWriter writer)
   at System.Text.Json.Serialization.Converters.ObjectDefaultConverter`1.OnTryWrite(Utf8JsonWriter writer, T value, JsonSerializerOptions options, WriteStack& state)
   at System.Text.Json.Serialization.Converters.IEnumerableDefaultConverter`2.OnWriteResume(Utf8JsonWriter writer, TCollection value, JsonSerializerOptions options, WriteStack& state)
   at System.Text.Json.Serialization.JsonCollectionConverter`2.OnTryWrite(Utf8JsonWriter writer, TCollection value, JsonSerializerOptions options, WriteStack& state)
   at System.Text.Json.Serialization.Metadata.JsonPropertyInfo`1.GetMemberAndWriteJson(Object obj, WriteStack& state, Utf8JsonWriter writer)
   at System.Text.Json.Serialization.Converters.ObjectDefaultConverter`1.OnTryWrite(Utf8JsonWriter writer, T value, JsonSerializerOptions options, WriteStack& state)
   at System.Text.Json.Serialization.Metadata.JsonPropertyInfo`1.GetMemberAndWriteJson(Object obj, WriteStack& state, Utf8JsonWriter writer)
   at System.Text.Json.Serialization.Converters.ObjectDefaultConverter`1.OnTryWrite(Utf8JsonWriter writer, T value, JsonSerializerOptions options, WriteStack& state)
   at System.Text.Json.Serialization.Metadata.JsonPropertyInfo`1.GetMemberAndWriteJson(Object obj, WriteStack& state, Utf8JsonWriter writer)
   at System.Text.Json.Serialization.Converters.ObjectDefaultConverter`1.OnTryWrite(Utf8JsonWriter writer, T value, JsonSerializerOptions options, WriteStack& state)
   at System.Text.Json.Serialization.JsonConverter`1.WriteCore(Utf8JsonWriter writer, T& value, JsonSerializerOptions options, WriteStack& state)
   at System.Text.Json.Serialization.Metadata.JsonTypeInfo`1.SerializeAsync(PipeWriter pipeWriter, T rootValue, Int32 flushThreshold, CancellationToken cancellationToken, Object rootValueBoxed)
   at System.Text.Json.Serialization.Metadata.JsonTypeInfo`1.SerializeAsync(PipeWriter pipeWriter, T rootValue, Int32 flushThreshold, CancellationToken cancellationToken, Object rootValueBoxed)
   at System.Text.Json.Serialization.Metadata.JsonTypeInfo`1.SerializeAsync(PipeWriter pipeWriter, T rootValue, Int32 flushThreshold, CancellationToken cancellationToken, Object rootValueBoxed)
   at Microsoft.AspNetCore.Mvc.Formatters.SystemTextJsonOutputFormatter.WriteResponseBodyAsync(OutputFormatterWriteContext context, Encoding selectedEncoding)
   at Microsoft.AspNetCore.Mvc.Infrastructure.ResourceInvoker.<InvokeNextResultFilterAsync>g__Awaited|30_0[TFilter,TFilterAsync](ResourceInvoker invoker, Task lastTask, State next, Scope scope, Object state, Boolean isCompleted)
   at Microsoft.AspNetCore.Mvc.Infrastructure.ResourceInvoker.Rethrow(ResultExecutedContextSealed context)
   at Microsoft.AspNetCore.Mvc.Infrastructure.ResourceInvoker.ResultNext[TFilter,TFilterAsync](State& next, Scope& scope, Object& state, Boolean& isCompleted)
   at Microsoft.AspNetCore.Mvc.Infrastructure.ResourceInvoker.InvokeResultFilters()
--- End of stack trace from previous location ---
   at Microsoft.AspNetCore.Mvc.Infrastructure.ResourceInvoker.<InvokeFilterPipelineAsync>g__Awaited|20_0(ResourceInvoker invoker, Task lastTask, State next, Scope scope, Object state, Boolean isCompleted)
   at Microsoft.AspNetCore.Mvc.Infrastructure.ResourceInvoker.<InvokeAsync>g__Awaited|17_0(ResourceInvoker invoker, Task task, IDisposable scope)
   at Microsoft.AspNetCore.Mvc.Infrastructure.ResourceInvoker.<InvokeAsync>g__Awaited|17_0(ResourceInvoker invoker, Task task, IDisposable scope)
   at Freshwalk.API.Logging.AuditRequestLoggingMiddleware.InvokeAsync(HttpContext context, RequestDelegate next) in D:\Projects\Freshwalk Shoe Cleaning web app\API\Freshwalk.API\Logging\AuditRequestLoggingMiddleware.cs:line 63
   at Freshwalk.API.Logging.AuditRequestLoggingMiddleware.InvokeAsync(HttpContext context, RequestDelegate next) in D:\Projects\Freshwalk Shoe Cleaning web app\API\Freshwalk.API\Logging\AuditRequestLoggingMiddleware.cs:line 91
   at Freshwalk.API.Logging.AuditRequestLoggingMiddleware.InvokeAsync(HttpContext context, RequestDelegate next) in D:\Projects\Freshwalk Shoe Cleaning web app\API\Freshwalk.API\Logging\AuditRequestLoggingMiddleware.cs:line 91
   at Microsoft.AspNetCore.Builder.UseMiddlewareExtensions.InterfaceMiddlewareBinder.<>c__DisplayClass2_0.<<CreateMiddleware>b__0>d.MoveNext()
--- End of stack trace from previous location ---
   at Microsoft.AspNetCore.Authorization.AuthorizationMiddleware.Invoke(HttpContext context)
   at Microsoft.AspNetCore.Authentication.AuthenticationMiddleware.Invoke(HttpContext context)
   at Serilog.AspNetCore.RequestLoggingMiddleware.Invoke(HttpContext httpContext)
   at Swashbuckle.AspNetCore.SwaggerUI.SwaggerUIMiddleware.Invoke(HttpContext httpContext)
   at Swashbuckle.AspNetCore.Swagger.SwaggerMiddleware.Invoke(HttpContext httpContext, ISwaggerProvider swaggerProvider)
   at Microsoft.AspNetCore.Diagnostics.DeveloperExceptionPageMiddlewareImpl.Invoke(HttpContext context)
2026-03-29 13:18:00.614 +03:00 [INF] HTTP OPTIONS /api/orders/21381961-9ec7-45ff-887a-288a0e1ea182/complete-cleaning responded 204 in 0.0357 ms
2026-03-29 13:18:00.811 +03:00 [INF] Executed DbCommand (184ms) [Parameters=[@__id_0='?' (DbType = Guid)], CommandType='"Text"', CommandTimeout='30']
SELECT o."Id", o."AgentId", o."BookingId", o."CleaningCompletedAt", o."CleaningStartedAt", o."CustomerId", o."DeliveredAt", o."DeliveryOtp", o."DeliveryOtpExpiresAt", o."DeliveryOtpVerifiedAt", o."OrderReference", o."PickedUpAt", o."PickupOtp", o."PickupOtpExpiresAt", o."PickupOtpVerifiedAt", o."Status"
FROM "Orders" AS o
WHERE o."Id" = @__id_0
LIMIT 1
2026-03-29 13:18:01.120 +03:00 [INF] Executed DbCommand (302ms) [Parameters=[@p2='?' (DbType = Guid), @p0='?' (DbType = DateTime), @p1='?'], CommandType='"Text"', CommandTimeout='30']
UPDATE "Orders" SET "CleaningCompletedAt" = @p0, "Status" = @p1
WHERE "Id" = @p2;
2026-03-29 13:18:01.368 +03:00 [INF] Executed DbCommand (240ms) [Parameters=[@__p_0='?' (DbType = Guid)], CommandType='"Text"', CommandTimeout='30']
SELECT f."Id", f."AccessFailedCount", f."Address", f."ConcurrencyStamp", f."CreatedAt", f."CustomerReference", f."Email", f."EmailConfirmed", f."FullName", f."IsActive", f."LockoutEnabled", f."LockoutEnd", f."NormalizedEmail", f."NormalizedUserName", f."PasswordHash", f."PhoneNumber", f."PhoneNumberConfirmed", f."SecurityStamp", f."TwoFactorEnabled", f."UserName"
FROM "FreshwalkUsers" AS f
WHERE f."Id" = @__p_0
LIMIT 1
2026-03-29 13:18:01.375 +03:00 [INF] HTTP POST /api/orders/21381961-9ec7-45ff-887a-288a0e1ea182/complete-cleaning responded 200 in 755.4065 ms
2026-03-29 13:18:01.382 +03:00 [INF] HTTP OPTIONS /api/orders/21381961-9ec7-45ff-887a-288a0e1ea182 responded 204 in 0.0301 ms
2026-03-29 13:18:01.632 +03:00 [INF] Executed DbCommand (246ms) [Parameters=[@__id_0='?' (DbType = Guid)], CommandType='"Text"', CommandTimeout='30']
SELECT s."Id", s."AgentId", s."BookingId", s."CleaningCompletedAt", s."CleaningStartedAt", s."CustomerId", s."DeliveredAt", s."DeliveryOtp", s."DeliveryOtpExpiresAt", s."DeliveryOtpVerifiedAt", s."OrderReference", s."PickedUpAt", s."PickupOtp", s."PickupOtpExpiresAt", s."PickupOtpVerifiedAt", s."Status", s."Id0", s."AddOns", s."BookingReference", s."BundleDiscountPercent", s."CreatedAt", s."CustomerId0", s."DiscountAmountKes", s."NubuckLines", s."OfficialLeatherLines", s."PickupAddress", s."PickupLatitude", s."PickupLocationUrl", s."PickupLongitude", s."PriceKes", s."SneakersLines", s."Status0", s."SubtotalBeforeDiscountKes", s."SuedeLines", s."TotalPairs", s."Id1", s."AccessFailedCount", s."Address", s."ConcurrencyStamp", s."CreatedAt0", s."CustomerReference", s."Email", s."EmailConfirmed", s."FullName", s."IsActive", s."LockoutEnabled", s."LockoutEnd", s."NormalizedEmail", s."NormalizedUserName", s."PasswordHash", s."PhoneNumber", s."PhoneNumberConfirmed", s."SecurityStamp", s."TwoFactorEnabled", s."UserName", s."Id2", s."Amount", s."BookingId0", s."CreatedAt1", s."MpesaCheckoutRequestId", s."MpesaMerchantRequestId", s."MpesaReceipt", s."PayerPhoneNumber", s."PaymentReference", s."Status1", s0."Id", s0."AssignedAt", s0."AssignmentReference", s0."AssignmentType", s0."CompletedAt", s0."Notes", s0."OrderId", s0."RiderId", s0."Status", s0."Id0", s0."AccessFailedCount", s0."Address", s0."ConcurrencyStamp", s0."CreatedAt", s0."CustomerReference", s0."Email", s0."EmailConfirmed", s0."FullName", s0."IsActive", s0."LockoutEnabled", s0."LockoutEnd", s0."NormalizedEmail", s0."NormalizedUserName", s0."PasswordHash", s0."PhoneNumber", s0."PhoneNumberConfirmed", s0."SecurityStamp", s0."TwoFactorEnabled", s0."UserName"
FROM (
    SELECT o."Id", o."AgentId", o."BookingId", o."CleaningCompletedAt", o."CleaningStartedAt", o."CustomerId", o."DeliveredAt", o."DeliveryOtp", o."DeliveryOtpExpiresAt", o."DeliveryOtpVerifiedAt", o."OrderReference", o."PickedUpAt", o."PickupOtp", o."PickupOtpExpiresAt", o."PickupOtpVerifiedAt", o."Status", b."Id" AS "Id0", b."AddOns", b."BookingReference", b."BundleDiscountPercent", b."CreatedAt", b."CustomerId" AS "CustomerId0", b."DiscountAmountKes", b."NubuckLines", b."OfficialLeatherLines", b."PickupAddress", b."PickupLatitude", b."PickupLocationUrl", b."PickupLongitude", b."PriceKes", b."SneakersLines", b."Status" AS "Status0", b."SubtotalBeforeDiscountKes", b."SuedeLines", b."TotalPairs", f."Id" AS "Id1", f."AccessFailedCount", f."Address", f."ConcurrencyStamp", f."CreatedAt" AS "CreatedAt0", f."CustomerReference", f."Email", f."EmailConfirmed", f."FullName", f."IsActive", f."LockoutEnabled", f."LockoutEnd", f."NormalizedEmail", f."NormalizedUserName", f."PasswordHash", f."PhoneNumber", f."PhoneNumberConfirmed", f."SecurityStamp", f."TwoFactorEnabled", f."UserName", p."Id" AS "Id2", p."Amount", p."BookingId" AS "BookingId0", p."CreatedAt" AS "CreatedAt1", p."MpesaCheckoutRequestId", p."MpesaMerchantRequestId", p."MpesaReceipt", p."PayerPhoneNumber", p."PaymentReference", p."Status" AS "Status1"
    FROM "Orders" AS o
    INNER JOIN "Bookings" AS b ON o."BookingId" = b."Id"
    INNER JOIN "FreshwalkUsers" AS f ON b."CustomerId" = f."Id"
    LEFT JOIN "Payments" AS p ON b."Id" = p."BookingId"
    WHERE o."Id" = @__id_0
    LIMIT 1
) AS s
LEFT JOIN (
    SELECT o0."Id", o0."AssignedAt", o0."AssignmentReference", o0."AssignmentType", o0."CompletedAt", o0."Notes", o0."OrderId", o0."RiderId", o0."Status", f0."Id" AS "Id0", f0."AccessFailedCount", f0."Address", f0."ConcurrencyStamp", f0."CreatedAt", f0."CustomerReference", f0."Email", f0."EmailConfirmed", f0."FullName", f0."IsActive", f0."LockoutEnabled", f0."LockoutEnd", f0."NormalizedEmail", f0."NormalizedUserName", f0."PasswordHash", f0."PhoneNumber", f0."PhoneNumberConfirmed", f0."SecurityStamp", f0."TwoFactorEnabled", f0."UserName"
    FROM "OrderRiderAssignments" AS o0
    INNER JOIN "FreshwalkUsers" AS f0 ON o0."RiderId" = f0."Id"
) AS s0 ON s."Id" = s0."OrderId"
ORDER BY s."Id", s."Id0", s."Id1", s."Id2", s0."Id"
2026-03-29 13:18:01.870 +03:00 [INF] Executed DbCommand (225ms) [Parameters=[@__p_0='?' (DbType = Guid)], CommandType='"Text"', CommandTimeout='30']
SELECT f."Id", f."AccessFailedCount", f."Address", f."ConcurrencyStamp", f."CreatedAt", f."CustomerReference", f."Email", f."EmailConfirmed", f."FullName", f."IsActive", f."LockoutEnabled", f."LockoutEnd", f."NormalizedEmail", f."NormalizedUserName", f."PasswordHash", f."PhoneNumber", f."PhoneNumberConfirmed", f."SecurityStamp", f."TwoFactorEnabled", f."UserName"
FROM "FreshwalkUsers" AS f
WHERE f."Id" = @__p_0
LIMIT 1
2026-03-29 13:18:01.879 +03:00 [ERR] HTTP GET /api/orders/21381961-9ec7-45ff-887a-288a0e1ea182 responded 500 in 493.6868 ms
System.Text.Json.JsonException: A possible object cycle was detected. This can either be due to a cycle or if the object depth is larger than the maximum allowed depth of 32. Consider using ReferenceHandler.Preserve on JsonSerializerOptions to support cycles. Path: $.Booking.Customer.Bookings.Customer.Bookings.Customer.Bookings.Customer.Bookings.Customer.Bookings.Customer.Bookings.Customer.Bookings.Customer.Bookings.Customer.Bookings.Customer.Bookings.Id.
   at System.Text.Json.ThrowHelper.ThrowJsonException_SerializerCycleDetected(Int32 maxDepth)
   at System.Text.Json.Serialization.Metadata.JsonPropertyInfo`1.GetMemberAndWriteJson(Object obj, WriteStack& state, Utf8JsonWriter writer)
   at System.Text.Json.Serialization.Converters.ObjectDefaultConverter`1.OnTryWrite(Utf8JsonWriter writer, T value, JsonSerializerOptions options, WriteStack& state)
   at System.Text.Json.Serialization.Converters.IEnumerableDefaultConverter`2.OnWriteResume(Utf8JsonWriter writer, TCollection value, JsonSerializerOptions options, WriteStack& state)
   at System.Text.Json.Serialization.JsonCollectionConverter`2.OnTryWrite(Utf8JsonWriter writer, TCollection value, JsonSerializerOptions options, WriteStack& state)
   at System.Text.Json.Serialization.Metadata.JsonPropertyInfo`1.GetMemberAndWriteJson(Object obj, WriteStack& state, Utf8JsonWriter writer)
   at System.Text.Json.Serialization.Converters.ObjectDefaultConverter`1.OnTryWrite(Utf8JsonWriter writer, T value, JsonSerializerOptions options, WriteStack& state)
   at System.Text.Json.Serialization.Metadata.JsonPropertyInfo`1.GetMemberAndWriteJson(Object obj, WriteStack& state, Utf8JsonWriter writer)
   at System.Text.Json.Serialization.Converters.ObjectDefaultConverter`1.OnTryWrite(Utf8JsonWriter writer, T value, JsonSerializerOptions options, WriteStack& state)
   at System.Text.Json.Serialization.Converters.IEnumerableDefaultConverter`2.OnWriteResume(Utf8JsonWriter writer, TCollection value, JsonSerializerOptions options, WriteStack& state)
   at System.Text.Json.Serialization.JsonCollectionConverter`2.OnTryWrite(Utf8JsonWriter writer, TCollection value, JsonSerializerOptions options, WriteStack& state)
   at System.Text.Json.Serialization.Metadata.JsonPropertyInfo`1.GetMemberAndWriteJson(Object obj, WriteStack& state, Utf8JsonWriter writer)
   at System.Text.Json.Serialization.Converters.ObjectDefaultConverter`1.OnTryWrite(Utf8JsonWriter writer, T value, JsonSerializerOptions options, WriteStack& state)
   at System.Text.Json.Serialization.Metadata.JsonPropertyInfo`1.GetMemberAndWriteJson(Object obj, WriteStack& state, Utf8JsonWriter writer)
   at System.Text.Json.Serialization.Converters.ObjectDefaultConverter`1.OnTryWrite(Utf8JsonWriter writer, T value, JsonSerializerOptions options, WriteStack& state)
   at System.Text.Json.Serialization.Converters.IEnumerableDefaultConverter`2.OnWriteResume(Utf8JsonWriter writer, TCollection value, JsonSerializerOptions options, WriteStack& state)
   at System.Text.Json.Serialization.JsonCollectionConverter`2.OnTryWrite(Utf8JsonWriter writer, TCollection value, JsonSerializerOptions options, WriteStack& state)
   at System.Text.Json.Serialization.Metadata.JsonPropertyInfo`1.GetMemberAndWriteJson(Object obj, WriteStack& state, Utf8JsonWriter writer)
   at System.Text.Json.Serialization.Converters.ObjectDefaultConverter`1.OnTryWrite(Utf8JsonWriter writer, T value, JsonSerializerOptions options, WriteStack& state)
   at System.Text.Json.Serialization.Metadata.JsonPropertyInfo`1.GetMemberAndWriteJson(Object obj, WriteStack& state, Utf8JsonWriter writer)
   at System.Text.Json.Serialization.Converters.ObjectDefaultConverter`1.OnTryWrite(Utf8JsonWriter writer, T value, JsonSerializerOptions options, WriteStack& state)
   at System.Text.Json.Serialization.Converters.IEnumerableDefaultConverter`2.OnWriteResume(Utf8JsonWriter writer, TCollection value, JsonSerializerOptions options, WriteStack& state)
   at System.Text.Json.Serialization.JsonCollectionConverter`2.OnTryWrite(Utf8JsonWriter writer, TCollection value, JsonSerializerOptions options, WriteStack& state)
   at System.Text.Json.Serialization.Metadata.JsonPropertyInfo`1.GetMemberAndWriteJson(Object obj, WriteStack& state, Utf8JsonWriter writer)
   at System.Text.Json.Serialization.Converters.ObjectDefaultConverter`1.OnTryWrite(Utf8JsonWriter writer, T value, JsonSerializerOptions options, WriteStack& state)
   at System.Text.Json.Serialization.Metadata.JsonPropertyInfo`1.GetMemberAndWriteJson(Object obj, WriteStack& state, Utf8JsonWriter writer)
   at System.Text.Json.Serialization.Converters.ObjectDefaultConverter`1.OnTryWrite(Utf8JsonWriter writer, T value, JsonSerializerOptions options, WriteStack& state)
   at System.Text.Json.Serialization.Converters.IEnumerableDefaultConverter`2.OnWriteResume(Utf8JsonWriter writer, TCollection value, JsonSerializerOptions options, WriteStack& state)
   at System.Text.Json.Serialization.JsonCollectionConverter`2.OnTryWrite(Utf8JsonWriter writer, TCollection value, JsonSerializerOptions options, WriteStack& state)
   at System.Text.Json.Serialization.Metadata.JsonPropertyInfo`1.GetMemberAndWriteJson(Object obj, WriteStack& state, Utf8JsonWriter writer)
   at System.Text.Json.Serialization.Converters.ObjectDefaultConverter`1.OnTryWrite(Utf8JsonWriter writer, T value, JsonSerializerOptions options, WriteStack& state)
   at System.Text.Json.Serialization.Metadata.JsonPropertyInfo`1.GetMemberAndWriteJson(Object obj, WriteStack& state, Utf8JsonWriter writer)
   at System.Text.Json.Serialization.Converters.ObjectDefaultConverter`1.OnTryWrite(Utf8JsonWriter writer, T value, JsonSerializerOptions options, WriteStack& state)
   at System.Text.Json.Serialization.Converters.IEnumerableDefaultConverter`2.OnWriteResume(Utf8JsonWriter writer, TCollection value, JsonSerializerOptions options, WriteStack& state)
   at System.Text.Json.Serialization.JsonCollectionConverter`2.OnTryWrite(Utf8JsonWriter writer, TCollection value, JsonSerializerOptions options, WriteStack& state)
   at System.Text.Json.Serialization.Metadata.JsonPropertyInfo`1.GetMemberAndWriteJson(Object obj, WriteStack& state, Utf8JsonWriter writer)
   at System.Text.Json.Serialization.Converters.ObjectDefaultConverter`1.OnTryWrite(Utf8JsonWriter writer, T value, JsonSerializerOptions options, WriteStack& state)
   at System.Text.Json.Serialization.Metadata.JsonPropertyInfo`1.GetMemberAndWriteJson(Object obj, WriteStack& state, Utf8JsonWriter writer)
   at System.Text.Json.Serialization.Converters.ObjectDefaultConverter`1.OnTryWrite(Utf8JsonWriter writer, T value, JsonSerializerOptions options, WriteStack& state)
   at System.Text.Json.Serialization.Converters.IEnumerableDefaultConverter`2.OnWriteResume(Utf8JsonWriter writer, TCollection value, JsonSerializerOptions options, WriteStack& state)
   at System.Text.Json.Serialization.JsonCollectionConverter`2.OnTryWrite(Utf8JsonWriter writer, TCollection value, JsonSerializerOptions options, WriteStack& state)
   at System.Text.Json.Serialization.Metadata.JsonPropertyInfo`1.GetMemberAndWriteJson(Object obj, WriteStack& state, Utf8JsonWriter writer)
   at System.Text.Json.Serialization.Converters.ObjectDefaultConverter`1.OnTryWrite(Utf8JsonWriter writer, T value, JsonSerializerOptions options, WriteStack& state)
   at System.Text.Json.Serialization.Metadata.JsonPropertyInfo`1.GetMemberAndWriteJson(Object obj, WriteStack& state, Utf8JsonWriter writer)
   at System.Text.Json.Serialization.Converters.ObjectDefaultConverter`1.OnTryWrite(Utf8JsonWriter writer, T value, JsonSerializerOptions options, WriteStack& state)
   at System.Text.Json.Serialization.Converters.IEnumerableDefaultConverter`2.OnWriteResume(Utf8JsonWriter writer, TCollection value, JsonSerializerOptions options, WriteStack& state)
   at System.Text.Json.Serialization.JsonCollectionConverter`2.OnTryWrite(Utf8JsonWriter writer, TCollection value, JsonSerializerOptions options, WriteStack& state)
   at System.Text.Json.Serialization.Metadata.JsonPropertyInfo`1.GetMemberAndWriteJson(Object obj, WriteStack& state, Utf8JsonWriter writer)
   at System.Text.Json.Serialization.Converters.ObjectDefaultConverter`1.OnTryWrite(Utf8JsonWriter writer, T value, JsonSerializerOptions options, WriteStack& state)
   at System.Text.Json.Serialization.Metadata.JsonPropertyInfo`1.GetMemberAndWriteJson(Object obj, WriteStack& state, Utf8JsonWriter writer)
   at System.Text.Json.Serialization.Converters.ObjectDefaultConverter`1.OnTryWrite(Utf8JsonWriter writer, T value, JsonSerializerOptions options, WriteStack& state)
   at System.Text.Json.Serialization.Converters.IEnumerableDefaultConverter`2.OnWriteResume(Utf8JsonWriter writer, TCollection value, JsonSerializerOptions options, WriteStack& state)
   at System.Text.Json.Serialization.JsonCollectionConverter`2.OnTryWrite(Utf8JsonWriter writer, TCollection value, JsonSerializerOptions options, WriteStack& state)
   at System.Text.Json.Serialization.Metadata.JsonPropertyInfo`1.GetMemberAndWriteJson(Object obj, WriteStack& state, Utf8JsonWriter writer)
   at System.Text.Json.Serialization.Converters.ObjectDefaultConverter`1.OnTryWrite(Utf8JsonWriter writer, T value, JsonSerializerOptions options, WriteStack& state)
   at System.Text.Json.Serialization.Metadata.JsonPropertyInfo`1.GetMemberAndWriteJson(Object obj, WriteStack& state, Utf8JsonWriter writer)
   at System.Text.Json.Serialization.Converters.ObjectDefaultConverter`1.OnTryWrite(Utf8JsonWriter writer, T value, JsonSerializerOptions options, WriteStack& state)
   at System.Text.Json.Serialization.Converters.IEnumerableDefaultConverter`2.OnWriteResume(Utf8JsonWriter writer, TCollection value, JsonSerializerOptions options, WriteStack& state)
   at System.Text.Json.Serialization.JsonCollectionConverter`2.OnTryWrite(Utf8JsonWriter writer, TCollection value, JsonSerializerOptions options, WriteStack& state)
   at System.Text.Json.Serialization.Metadata.JsonPropertyInfo`1.GetMemberAndWriteJson(Object obj, WriteStack& state, Utf8JsonWriter writer)
   at System.Text.Json.Serialization.Converters.ObjectDefaultConverter`1.OnTryWrite(Utf8JsonWriter writer, T value, JsonSerializerOptions options, WriteStack& state)
   at System.Text.Json.Serialization.Metadata.JsonPropertyInfo`1.GetMemberAndWriteJson(Object obj, WriteStack& state, Utf8JsonWriter writer)
   at System.Text.Json.Serialization.Converters.ObjectDefaultConverter`1.OnTryWrite(Utf8JsonWriter writer, T value, JsonSerializerOptions options, WriteStack& state)
   at System.Text.Json.Serialization.Metadata.JsonPropertyInfo`1.GetMemberAndWriteJson(Object obj, WriteStack& state, Utf8JsonWriter writer)
   at System.Text.Json.Serialization.Converters.ObjectDefaultConverter`1.OnTryWrite(Utf8JsonWriter writer, T value, JsonSerializerOptions options, WriteStack& state)
   at System.Text.Json.Serialization.JsonConverter`1.WriteCore(Utf8JsonWriter writer, T& value, JsonSerializerOptions options, WriteStack& state)
   at System.Text.Json.Serialization.Metadata.JsonTypeInfo`1.SerializeAsync(PipeWriter pipeWriter, T rootValue, Int32 flushThreshold, CancellationToken cancellationToken, Object rootValueBoxed)
   at System.Text.Json.Serialization.Metadata.JsonTypeInfo`1.SerializeAsync(PipeWriter pipeWriter, T rootValue, Int32 flushThreshold, CancellationToken cancellationToken, Object rootValueBoxed)
   at System.Text.Json.Serialization.Metadata.JsonTypeInfo`1.SerializeAsync(PipeWriter pipeWriter, T rootValue, Int32 flushThreshold, CancellationToken cancellationToken, Object rootValueBoxed)
   at Microsoft.AspNetCore.Mvc.Formatters.SystemTextJsonOutputFormatter.WriteResponseBodyAsync(OutputFormatterWriteContext context, Encoding selectedEncoding)
   at Microsoft.AspNetCore.Mvc.Infrastructure.ResourceInvoker.<InvokeNextResultFilterAsync>g__Awaited|30_0[TFilter,TFilterAsync](ResourceInvoker invoker, Task lastTask, State next, Scope scope, Object state, Boolean isCompleted)
   at Microsoft.AspNetCore.Mvc.Infrastructure.ResourceInvoker.Rethrow(ResultExecutedContextSealed context)
   at Microsoft.AspNetCore.Mvc.Infrastructure.ResourceInvoker.ResultNext[TFilter,TFilterAsync](State& next, Scope& scope, Object& state, Boolean& isCompleted)
   at Microsoft.AspNetCore.Mvc.Infrastructure.ResourceInvoker.InvokeResultFilters()
--- End of stack trace from previous location ---
   at Microsoft.AspNetCore.Mvc.Infrastructure.ResourceInvoker.<InvokeFilterPipelineAsync>g__Awaited|20_0(ResourceInvoker invoker, Task lastTask, State next, Scope scope, Object state, Boolean isCompleted)
   at Microsoft.AspNetCore.Mvc.Infrastructure.ResourceInvoker.<InvokeAsync>g__Awaited|17_0(ResourceInvoker invoker, Task task, IDisposable scope)
   at Microsoft.AspNetCore.Mvc.Infrastructure.ResourceInvoker.<InvokeAsync>g__Awaited|17_0(ResourceInvoker invoker, Task task, IDisposable scope)
   at Freshwalk.API.Logging.AuditRequestLoggingMiddleware.InvokeAsync(HttpContext context, RequestDelegate next) in D:\Projects\Freshwalk Shoe Cleaning web app\API\Freshwalk.API\Logging\AuditRequestLoggingMiddleware.cs:line 63
   at Freshwalk.API.Logging.AuditRequestLoggingMiddleware.InvokeAsync(HttpContext context, RequestDelegate next) in D:\Projects\Freshwalk Shoe Cleaning web app\API\Freshwalk.API\Logging\AuditRequestLoggingMiddleware.cs:line 91
   at Freshwalk.API.Logging.AuditRequestLoggingMiddleware.InvokeAsync(HttpContext context, RequestDelegate next) in D:\Projects\Freshwalk Shoe Cleaning web app\API\Freshwalk.API\Logging\AuditRequestLoggingMiddleware.cs:line 91
   at Microsoft.AspNetCore.Builder.UseMiddlewareExtensions.InterfaceMiddlewareBinder.<>c__DisplayClass2_0.<<CreateMiddleware>b__0>d.MoveNext()
--- End of stack trace from previous location ---
   at Microsoft.AspNetCore.Authorization.AuthorizationMiddleware.Invoke(HttpContext context)
   at Microsoft.AspNetCore.Authentication.AuthenticationMiddleware.Invoke(HttpContext context)
   at Serilog.AspNetCore.RequestLoggingMiddleware.Invoke(HttpContext httpContext)
2026-03-29 13:18:01.933 +03:00 [ERR] An unhandled exception has occurred while executing the request.
System.Text.Json.JsonException: A possible object cycle was detected. This can either be due to a cycle or if the object depth is larger than the maximum allowed depth of 32. Consider using ReferenceHandler.Preserve on JsonSerializerOptions to support cycles. Path: $.Booking.Customer.Bookings.Customer.Bookings.Customer.Bookings.Customer.Bookings.Customer.Bookings.Customer.Bookings.Customer.Bookings.Customer.Bookings.Customer.Bookings.Customer.Bookings.Id.
   at System.Text.Json.ThrowHelper.ThrowJsonException_SerializerCycleDetected(Int32 maxDepth)
   at System.Text.Json.Serialization.Metadata.JsonPropertyInfo`1.GetMemberAndWriteJson(Object obj, WriteStack& state, Utf8JsonWriter writer)
   at System.Text.Json.Serialization.Converters.ObjectDefaultConverter`1.OnTryWrite(Utf8JsonWriter writer, T value, JsonSerializerOptions options, WriteStack& state)
   at System.Text.Json.Serialization.Converters.IEnumerableDefaultConverter`2.OnWriteResume(Utf8JsonWriter writer, TCollection value, JsonSerializerOptions options, WriteStack& state)
   at System.Text.Json.Serialization.JsonCollectionConverter`2.OnTryWrite(Utf8JsonWriter writer, TCollection value, JsonSerializerOptions options, WriteStack& state)
   at System.Text.Json.Serialization.Metadata.JsonPropertyInfo`1.GetMemberAndWriteJson(Object obj, WriteStack& state, Utf8JsonWriter writer)
   at System.Text.Json.Serialization.Converters.ObjectDefaultConverter`1.OnTryWrite(Utf8JsonWriter writer, T value, JsonSerializerOptions options, WriteStack& state)
   at System.Text.Json.Serialization.Metadata.JsonPropertyInfo`1.GetMemberAndWriteJson(Object obj, WriteStack& state, Utf8JsonWriter writer)
   at System.Text.Json.Serialization.Converters.ObjectDefaultConverter`1.OnTryWrite(Utf8JsonWriter writer, T value, JsonSerializerOptions options, WriteStack& state)
   at System.Text.Json.Serialization.Converters.IEnumerableDefaultConverter`2.OnWriteResume(Utf8JsonWriter writer, TCollection value, JsonSerializerOptions options, WriteStack& state)
   at System.Text.Json.Serialization.JsonCollectionConverter`2.OnTryWrite(Utf8JsonWriter writer, TCollection value, JsonSerializerOptions options, WriteStack& state)
   at System.Text.Json.Serialization.Metadata.JsonPropertyInfo`1.GetMemberAndWriteJson(Object obj, WriteStack& state, Utf8JsonWriter writer)
   at System.Text.Json.Serialization.Converters.ObjectDefaultConverter`1.OnTryWrite(Utf8JsonWriter writer, T value, JsonSerializerOptions options, WriteStack& state)
   at System.Text.Json.Serialization.Metadata.JsonPropertyInfo`1.GetMemberAndWriteJson(Object obj, WriteStack& state, Utf8JsonWriter writer)
   at System.Text.Json.Serialization.Converters.ObjectDefaultConverter`1.OnTryWrite(Utf8JsonWriter writer, T value, JsonSerializerOptions options, WriteStack& state)
   at System.Text.Json.Serialization.Converters.IEnumerableDefaultConverter`2.OnWriteResume(Utf8JsonWriter writer, TCollection value, JsonSerializerOptions options, WriteStack& state)
   at System.Text.Json.Serialization.JsonCollectionConverter`2.OnTryWrite(Utf8JsonWriter writer, TCollection value, JsonSerializerOptions options, WriteStack& state)
   at System.Text.Json.Serialization.Metadata.JsonPropertyInfo`1.GetMemberAndWriteJson(Object obj, WriteStack& state, Utf8JsonWriter writer)
   at System.Text.Json.Serialization.Converters.ObjectDefaultConverter`1.OnTryWrite(Utf8JsonWriter writer, T value, JsonSerializerOptions options, WriteStack& state)
   at System.Text.Json.Serialization.Metadata.JsonPropertyInfo`1.GetMemberAndWriteJson(Object obj, WriteStack& state, Utf8JsonWriter writer)
   at System.Text.Json.Serialization.Converters.ObjectDefaultConverter`1.OnTryWrite(Utf8JsonWriter writer, T value, JsonSerializerOptions options, WriteStack& state)
   at System.Text.Json.Serialization.Converters.IEnumerableDefaultConverter`2.OnWriteResume(Utf8JsonWriter writer, TCollection value, JsonSerializerOptions options, WriteStack& state)
   at System.Text.Json.Serialization.JsonCollectionConverter`2.OnTryWrite(Utf8JsonWriter writer, TCollection value, JsonSerializerOptions options, WriteStack& state)
   at System.Text.Json.Serialization.Metadata.JsonPropertyInfo`1.GetMemberAndWriteJson(Object obj, WriteStack& state, Utf8JsonWriter writer)
   at System.Text.Json.Serialization.Converters.ObjectDefaultConverter`1.OnTryWrite(Utf8JsonWriter writer, T value, JsonSerializerOptions options, WriteStack& state)
   at System.Text.Json.Serialization.Metadata.JsonPropertyInfo`1.GetMemberAndWriteJson(Object obj, WriteStack& state, Utf8JsonWriter writer)
   at System.Text.Json.Serialization.Converters.ObjectDefaultConverter`1.OnTryWrite(Utf8JsonWriter writer, T value, JsonSerializerOptions options, WriteStack& state)
   at System.Text.Json.Serialization.Converters.IEnumerableDefaultConverter`2.OnWriteResume(Utf8JsonWriter writer, TCollection value, JsonSerializerOptions options, WriteStack& state)
   at System.Text.Json.Serialization.JsonCollectionConverter`2.OnTryWrite(Utf8JsonWriter writer, TCollection value, JsonSerializerOptions options, WriteStack& state)
   at System.Text.Json.Serialization.Metadata.JsonPropertyInfo`1.GetMemberAndWriteJson(Object obj, WriteStack& state, Utf8JsonWriter writer)
   at System.Text.Json.Serialization.Converters.ObjectDefaultConverter`1.OnTryWrite(Utf8JsonWriter writer, T value, JsonSerializerOptions options, WriteStack& state)
   at System.Text.Json.Serialization.Metadata.JsonPropertyInfo`1.GetMemberAndWriteJson(Object obj, WriteStack& state, Utf8JsonWriter writer)
   at System.Text.Json.Serialization.Converters.ObjectDefaultConverter`1.OnTryWrite(Utf8JsonWriter writer, T value, JsonSerializerOptions options, WriteStack& state)
   at System.Text.Json.Serialization.Converters.IEnumerableDefaultConverter`2.OnWriteResume(Utf8JsonWriter writer, TCollection value, JsonSerializerOptions options, WriteStack& state)
   at System.Text.Json.Serialization.JsonCollectionConverter`2.OnTryWrite(Utf8JsonWriter writer, TCollection value, JsonSerializerOptions options, WriteStack& state)
   at System.Text.Json.Serialization.Metadata.JsonPropertyInfo`1.GetMemberAndWriteJson(Object obj, WriteStack& state, Utf8JsonWriter writer)
   at System.Text.Json.Serialization.Converters.ObjectDefaultConverter`1.OnTryWrite(Utf8JsonWriter writer, T value, JsonSerializerOptions options, WriteStack& state)
   at System.Text.Json.Serialization.Metadata.JsonPropertyInfo`1.GetMemberAndWriteJson(Object obj, WriteStack& state, Utf8JsonWriter writer)
   at System.Text.Json.Serialization.Converters.ObjectDefaultConverter`1.OnTryWrite(Utf8JsonWriter writer, T value, JsonSerializerOptions options, WriteStack& state)
   at System.Text.Json.Serialization.Converters.IEnumerableDefaultConverter`2.OnWriteResume(Utf8JsonWriter writer, TCollection value, JsonSerializerOptions options, WriteStack& state)
   at System.Text.Json.Serialization.JsonCollectionConverter`2.OnTryWrite(Utf8JsonWriter writer, TCollection value, JsonSerializerOptions options, WriteStack& state)
   at System.Text.Json.Serialization.Metadata.JsonPropertyInfo`1.GetMemberAndWriteJson(Object obj, WriteStack& state, Utf8JsonWriter writer)
   at System.Text.Json.Serialization.Converters.ObjectDefaultConverter`1.OnTryWrite(Utf8JsonWriter writer, T value, JsonSerializerOptions options, WriteStack& state)
   at System.Text.Json.Serialization.Metadata.JsonPropertyInfo`1.GetMemberAndWriteJson(Object obj, WriteStack& state, Utf8JsonWriter writer)
   at System.Text.Json.Serialization.Converters.ObjectDefaultConverter`1.OnTryWrite(Utf8JsonWriter writer, T value, JsonSerializerOptions options, WriteStack& state)
   at System.Text.Json.Serialization.Converters.IEnumerableDefaultConverter`2.OnWriteResume(Utf8JsonWriter writer, TCollection value, JsonSerializerOptions options, WriteStack& state)
   at System.Text.Json.Serialization.JsonCollectionConverter`2.OnTryWrite(Utf8JsonWriter writer, TCollection value, JsonSerializerOptions options, WriteStack& state)
   at System.Text.Json.Serialization.Metadata.JsonPropertyInfo`1.GetMemberAndWriteJson(Object obj, WriteStack& state, Utf8JsonWriter writer)
   at System.Text.Json.Serialization.Converters.ObjectDefaultConverter`1.OnTryWrite(Utf8JsonWriter writer, T value, JsonSerializerOptions options, WriteStack& state)
   at System.Text.Json.Serialization.Metadata.JsonPropertyInfo`1.GetMemberAndWriteJson(Object obj, WriteStack& state, Utf8JsonWriter writer)
   at System.Text.Json.Serialization.Converters.ObjectDefaultConverter`1.OnTryWrite(Utf8JsonWriter writer, T value, JsonSerializerOptions options, WriteStack& state)
   at System.Text.Json.Serialization.Converters.IEnumerableDefaultConverter`2.OnWriteResume(Utf8JsonWriter writer, TCollection value, JsonSerializerOptions options, WriteStack& state)
   at System.Text.Json.Serialization.JsonCollectionConverter`2.OnTryWrite(Utf8JsonWriter writer, TCollection value, JsonSerializerOptions options, WriteStack& state)
   at System.Text.Json.Serialization.Metadata.JsonPropertyInfo`1.GetMemberAndWriteJson(Object obj, WriteStack& state, Utf8JsonWriter writer)
   at System.Text.Json.Serialization.Converters.ObjectDefaultConverter`1.OnTryWrite(Utf8JsonWriter writer, T value, JsonSerializerOptions options, WriteStack& state)
   at System.Text.Json.Serialization.Metadata.JsonPropertyInfo`1.GetMemberAndWriteJson(Object obj, WriteStack& state, Utf8JsonWriter writer)
   at System.Text.Json.Serialization.Converters.ObjectDefaultConverter`1.OnTryWrite(Utf8JsonWriter writer, T value, JsonSerializerOptions options, WriteStack& state)
   at System.Text.Json.Serialization.Converters.IEnumerableDefaultConverter`2.OnWriteResume(Utf8JsonWriter writer, TCollection value, JsonSerializerOptions options, WriteStack& state)
   at System.Text.Json.Serialization.JsonCollectionConverter`2.OnTryWrite(Utf8JsonWriter writer, TCollection value, JsonSerializerOptions options, WriteStack& state)
   at System.Text.Json.Serialization.Metadata.JsonPropertyInfo`1.GetMemberAndWriteJson(Object obj, WriteStack& state, Utf8JsonWriter writer)
   at System.Text.Json.Serialization.Converters.ObjectDefaultConverter`1.OnTryWrite(Utf8JsonWriter writer, T value, JsonSerializerOptions options, WriteStack& state)
   at System.Text.Json.Serialization.Metadata.JsonPropertyInfo`1.GetMemberAndWriteJson(Object obj, WriteStack& state, Utf8JsonWriter writer)
   at System.Text.Json.Serialization.Converters.ObjectDefaultConverter`1.OnTryWrite(Utf8JsonWriter writer, T value, JsonSerializerOptions options, WriteStack& state)
   at System.Text.Json.Serialization.Metadata.JsonPropertyInfo`1.GetMemberAndWriteJson(Object obj, WriteStack& state, Utf8JsonWriter writer)
   at System.Text.Json.Serialization.Converters.ObjectDefaultConverter`1.OnTryWrite(Utf8JsonWriter writer, T value, JsonSerializerOptions options, WriteStack& state)
   at System.Text.Json.Serialization.JsonConverter`1.WriteCore(Utf8JsonWriter writer, T& value, JsonSerializerOptions options, WriteStack& state)
   at System.Text.Json.Serialization.Metadata.JsonTypeInfo`1.SerializeAsync(PipeWriter pipeWriter, T rootValue, Int32 flushThreshold, CancellationToken cancellationToken, Object rootValueBoxed)
   at System.Text.Json.Serialization.Metadata.JsonTypeInfo`1.SerializeAsync(PipeWriter pipeWriter, T rootValue, Int32 flushThreshold, CancellationToken cancellationToken, Object rootValueBoxed)
   at System.Text.Json.Serialization.Metadata.JsonTypeInfo`1.SerializeAsync(PipeWriter pipeWriter, T rootValue, Int32 flushThreshold, CancellationToken cancellationToken, Object rootValueBoxed)
   at Microsoft.AspNetCore.Mvc.Formatters.SystemTextJsonOutputFormatter.WriteResponseBodyAsync(OutputFormatterWriteContext context, Encoding selectedEncoding)
   at Microsoft.AspNetCore.Mvc.Infrastructure.ResourceInvoker.<InvokeNextResultFilterAsync>g__Awaited|30_0[TFilter,TFilterAsync](ResourceInvoker invoker, Task lastTask, State next, Scope scope, Object state, Boolean isCompleted)
   at Microsoft.AspNetCore.Mvc.Infrastructure.ResourceInvoker.Rethrow(ResultExecutedContextSealed context)
   at Microsoft.AspNetCore.Mvc.Infrastructure.ResourceInvoker.ResultNext[TFilter,TFilterAsync](State& next, Scope& scope, Object& state, Boolean& isCompleted)
   at Microsoft.AspNetCore.Mvc.Infrastructure.ResourceInvoker.InvokeResultFilters()
--- End of stack trace from previous location ---
   at Microsoft.AspNetCore.Mvc.Infrastructure.ResourceInvoker.<InvokeFilterPipelineAsync>g__Awaited|20_0(ResourceInvoker invoker, Task lastTask, State next, Scope scope, Object state, Boolean isCompleted)
   at Microsoft.AspNetCore.Mvc.Infrastructure.ResourceInvoker.<InvokeAsync>g__Awaited|17_0(ResourceInvoker invoker, Task task, IDisposable scope)
   at Microsoft.AspNetCore.Mvc.Infrastructure.ResourceInvoker.<InvokeAsync>g__Awaited|17_0(ResourceInvoker invoker, Task task, IDisposable scope)
   at Freshwalk.API.Logging.AuditRequestLoggingMiddleware.InvokeAsync(HttpContext context, RequestDelegate next) in D:\Projects\Freshwalk Shoe Cleaning web app\API\Freshwalk.API\Logging\AuditRequestLoggingMiddleware.cs:line 63
   at Freshwalk.API.Logging.AuditRequestLoggingMiddleware.InvokeAsync(HttpContext context, RequestDelegate next) in D:\Projects\Freshwalk Shoe Cleaning web app\API\Freshwalk.API\Logging\AuditRequestLoggingMiddleware.cs:line 91
   at Freshwalk.API.Logging.AuditRequestLoggingMiddleware.InvokeAsync(HttpContext context, RequestDelegate next) in D:\Projects\Freshwalk Shoe Cleaning web app\API\Freshwalk.API\Logging\AuditRequestLoggingMiddleware.cs:line 91
   at Microsoft.AspNetCore.Builder.UseMiddlewareExtensions.InterfaceMiddlewareBinder.<>c__DisplayClass2_0.<<CreateMiddleware>b__0>d.MoveNext()
--- End of stack trace from previous location ---
   at Microsoft.AspNetCore.Authorization.AuthorizationMiddleware.Invoke(HttpContext context)
   at Microsoft.AspNetCore.Authentication.AuthenticationMiddleware.Invoke(HttpContext context)
   at Serilog.AspNetCore.RequestLoggingMiddleware.Invoke(HttpContext httpContext)
   at Swashbuckle.AspNetCore.SwaggerUI.SwaggerUIMiddleware.Invoke(HttpContext httpContext)
   at Swashbuckle.AspNetCore.Swagger.SwaggerMiddleware.Invoke(HttpContext httpContext, ISwaggerProvider swaggerProvider)
   at Microsoft.AspNetCore.Diagnostics.DeveloperExceptionPageMiddlewareImpl.Invoke(HttpContext context)
2026-03-29 13:18:01.991 +03:00 [INF] HTTP OPTIONS /api/agent/bookings/fe84829a-033b-48e4-90ec-be701ca528ca responded 204 in 0.0337 ms
2026-03-29 13:18:01.991 +03:00 [INF] HTTP OPTIONS /api/agent/riders responded 204 in 0.0187 ms
2026-03-29 13:18:02.161 +03:00 [INF] Executed DbCommand (165ms) [Parameters=[@__normalizedRoleName_0='?'], CommandType='"Text"', CommandTimeout='30']
SELECT f."Id", f."ConcurrencyStamp", f."Name", f."NormalizedName"
FROM "FreshwalkRoles" AS f
WHERE f."NormalizedName" = @__normalizedRoleName_0
LIMIT 2
2026-03-29 13:18:02.222 +03:00 [INF] Executed DbCommand (226ms) [Parameters=[@__id_0='?' (DbType = Guid)], CommandType='"Text"', CommandTimeout='30']
SELECT s."Id", s."AddOns", s."BookingReference", s."BundleDiscountPercent", s."CreatedAt", s."CustomerId", s."DiscountAmountKes", s."NubuckLines", s."OfficialLeatherLines", s."PickupAddress", s."PickupLatitude", s."PickupLocationUrl", s."PickupLongitude", s."PriceKes", s."SneakersLines", s."Status", s."SubtotalBeforeDiscountKes", s."SuedeLines", s."TotalPairs", s."Id0", s."AccessFailedCount", s."Address", s."ConcurrencyStamp", s."CreatedAt0", s."CustomerReference", s."Email", s."EmailConfirmed", s."FullName", s."IsActive", s."LockoutEnabled", s."LockoutEnd", s."NormalizedEmail", s."NormalizedUserName", s."PasswordHash", s."PhoneNumber", s."PhoneNumberConfirmed", s."SecurityStamp", s."TwoFactorEnabled", s."UserName", s."Id1", s."Amount", s."BookingId", s."CreatedAt1", s."MpesaCheckoutRequestId", s."MpesaMerchantRequestId", s."MpesaReceipt", s."PayerPhoneNumber", s."PaymentReference", s."Status0", s."Id2", s."AgentId", s."BookingId0", s."CleaningCompletedAt", s."CleaningStartedAt", s."CustomerId0", s."DeliveredAt", s."DeliveryOtp", s."DeliveryOtpExpiresAt", s."DeliveryOtpVerifiedAt", s."OrderReference", s."PickedUpAt", s."PickupOtp", s."PickupOtpExpiresAt", s."PickupOtpVerifiedAt", s."Status1", s0."Id", s0."AssignedAt", s0."AssignmentReference", s0."AssignmentType", s0."CompletedAt", s0."Notes", s0."OrderId", s0."RiderId", s0."Status", s0."Id0", s0."AccessFailedCount", s0."Address", s0."ConcurrencyStamp", s0."CreatedAt", s0."CustomerReference", s0."Email", s0."EmailConfirmed", s0."FullName", s0."IsActive", s0."LockoutEnabled", s0."LockoutEnd", s0."NormalizedEmail", s0."NormalizedUserName", s0."PasswordHash", s0."PhoneNumber", s0."PhoneNumberConfirmed", s0."SecurityStamp", s0."TwoFactorEnabled", s0."UserName"
FROM (
    SELECT b."Id", b."AddOns", b."BookingReference", b."BundleDiscountPercent", b."CreatedAt", b."CustomerId", b."DiscountAmountKes", b."NubuckLines", b."OfficialLeatherLines", b."PickupAddress", b."PickupLatitude", b."PickupLocationUrl", b."PickupLongitude", b."PriceKes", b."SneakersLines", b."Status", b."SubtotalBeforeDiscountKes", b."SuedeLines", b."TotalPairs", f."Id" AS "Id0", f."AccessFailedCount", f."Address", f."ConcurrencyStamp", f."CreatedAt" AS "CreatedAt0", f."CustomerReference", f."Email", f."EmailConfirmed", f."FullName", f."IsActive", f."LockoutEnabled", f."LockoutEnd", f."NormalizedEmail", f."NormalizedUserName", f."PasswordHash", f."PhoneNumber", f."PhoneNumberConfirmed", f."SecurityStamp", f."TwoFactorEnabled", f."UserName", p."Id" AS "Id1", p."Amount", p."BookingId", p."CreatedAt" AS "CreatedAt1", p."MpesaCheckoutRequestId", p."MpesaMerchantRequestId", p."MpesaReceipt", p."PayerPhoneNumber", p."PaymentReference", p."Status" AS "Status0", o."Id" AS "Id2", o."AgentId", o."BookingId" AS "BookingId0", o."CleaningCompletedAt", o."CleaningStartedAt", o."CustomerId" AS "CustomerId0", o."DeliveredAt", o."DeliveryOtp", o."DeliveryOtpExpiresAt", o."DeliveryOtpVerifiedAt", o."OrderReference", o."PickedUpAt", o."PickupOtp", o."PickupOtpExpiresAt", o."PickupOtpVerifiedAt", o."Status" AS "Status1"
    FROM "Bookings" AS b
    INNER JOIN "FreshwalkUsers" AS f ON b."CustomerId" = f."Id"
    LEFT JOIN "Payments" AS p ON b."Id" = p."BookingId"
    LEFT JOIN "Orders" AS o ON b."Id" = o."BookingId"
    WHERE b."Id" = @__id_0
    LIMIT 1
) AS s
LEFT JOIN (
    SELECT o0."Id", o0."AssignedAt", o0."AssignmentReference", o0."AssignmentType", o0."CompletedAt", o0."Notes", o0."OrderId", o0."RiderId", o0."Status", f0."Id" AS "Id0", f0."AccessFailedCount", f0."Address", f0."ConcurrencyStamp", f0."CreatedAt", f0."CustomerReference", f0."Email", f0."EmailConfirmed", f0."FullName", f0."IsActive", f0."LockoutEnabled", f0."LockoutEnd", f0."NormalizedEmail", f0."NormalizedUserName", f0."PasswordHash", f0."PhoneNumber", f0."PhoneNumberConfirmed", f0."SecurityStamp", f0."TwoFactorEnabled", f0."UserName"
    FROM "OrderRiderAssignments" AS o0
    INNER JOIN "FreshwalkUsers" AS f0 ON o0."RiderId" = f0."Id"
) AS s0 ON s."Id2" = s0."OrderId"
ORDER BY s."Id", s."Id0", s."Id1", s."Id2", s0."Id"
2026-03-29 13:18:02.450 +03:00 [INF] Executed DbCommand (218ms) [Parameters=[@__p_0='?' (DbType = Guid)], CommandType='"Text"', CommandTimeout='30']
SELECT f."Id", f."AccessFailedCount", f."Address", f."ConcurrencyStamp", f."CreatedAt", f."CustomerReference", f."Email", f."EmailConfirmed", f."FullName", f."IsActive", f."LockoutEnabled", f."LockoutEnd", f."NormalizedEmail", f."NormalizedUserName", f."PasswordHash", f."PhoneNumber", f."PhoneNumberConfirmed", f."SecurityStamp", f."TwoFactorEnabled", f."UserName"
FROM "FreshwalkUsers" AS f
WHERE f."Id" = @__p_0
LIMIT 1
2026-03-29 13:18:02.450 +03:00 [INF] Executed DbCommand (283ms) [Parameters=[@__role_Id_0='?' (DbType = Guid)], CommandType='"Text"', CommandTimeout='30']
SELECT f0."Id", f0."AccessFailedCount", f0."Address", f0."ConcurrencyStamp", f0."CreatedAt", f0."CustomerReference", f0."Email", f0."EmailConfirmed", f0."FullName", f0."IsActive", f0."LockoutEnabled", f0."LockoutEnd", f0."NormalizedEmail", f0."NormalizedUserName", f0."PasswordHash", f0."PhoneNumber", f0."PhoneNumberConfirmed", f0."SecurityStamp", f0."TwoFactorEnabled", f0."UserName"
FROM "FreshwalkUserRoles" AS f
INNER JOIN "FreshwalkUsers" AS f0 ON f."UserId" = f0."Id"
WHERE f."RoleId" = @__role_Id_0
2026-03-29 13:18:02.457 +03:00 [INF] HTTP GET /api/agent/bookings/fe84829a-033b-48e4-90ec-be701ca528ca responded 200 in 462.8441 ms
2026-03-29 13:18:02.758 +03:00 [INF] Executed DbCommand (298ms) [Parameters=[], CommandType='"Text"', CommandTimeout='30']
SELECT r."Id", r."BikeRegistration", r."IsAvailable", r."UserId"
FROM "RiderProfiles" AS r
2026-03-29 13:18:02.962 +03:00 [INF] Executed DbCommand (197ms) [Parameters=[@__p_0='?' (DbType = Guid)], CommandType='"Text"', CommandTimeout='30']
SELECT f."Id", f."AccessFailedCount", f."Address", f."ConcurrencyStamp", f."CreatedAt", f."CustomerReference", f."Email", f."EmailConfirmed", f."FullName", f."IsActive", f."LockoutEnabled", f."LockoutEnd", f."NormalizedEmail", f."NormalizedUserName", f."PasswordHash", f."PhoneNumber", f."PhoneNumberConfirmed", f."SecurityStamp", f."TwoFactorEnabled", f."UserName"
FROM "FreshwalkUsers" AS f
WHERE f."Id" = @__p_0
LIMIT 1
2026-03-29 13:18:02.970 +03:00 [INF] HTTP GET /api/agent/riders responded 200 in 974.2536 ms
2026-03-29 13:18:03.270 +03:00 [INF] Executed DbCommand (292ms) [Parameters=[@__id_0='?' (DbType = Guid)], CommandType='"Text"', CommandTimeout='30']
SELECT s."Id", s."AgentId", s."BookingId", s."CleaningCompletedAt", s."CleaningStartedAt", s."CustomerId", s."DeliveredAt", s."DeliveryOtp", s."DeliveryOtpExpiresAt", s."DeliveryOtpVerifiedAt", s."OrderReference", s."PickedUpAt", s."PickupOtp", s."PickupOtpExpiresAt", s."PickupOtpVerifiedAt", s."Status", s."Id0", s."AddOns", s."BookingReference", s."BundleDiscountPercent", s."CreatedAt", s."CustomerId0", s."DiscountAmountKes", s."NubuckLines", s."OfficialLeatherLines", s."PickupAddress", s."PickupLatitude", s."PickupLocationUrl", s."PickupLongitude", s."PriceKes", s."SneakersLines", s."Status0", s."SubtotalBeforeDiscountKes", s."SuedeLines", s."TotalPairs", s."Id1", s."AccessFailedCount", s."Address", s."ConcurrencyStamp", s."CreatedAt0", s."CustomerReference", s."Email", s."EmailConfirmed", s."FullName", s."IsActive", s."LockoutEnabled", s."LockoutEnd", s."NormalizedEmail", s."NormalizedUserName", s."PasswordHash", s."PhoneNumber", s."PhoneNumberConfirmed", s."SecurityStamp", s."TwoFactorEnabled", s."UserName", s."Id2", s."Amount", s."BookingId0", s."CreatedAt1", s."MpesaCheckoutRequestId", s."MpesaMerchantRequestId", s."MpesaReceipt", s."PayerPhoneNumber", s."PaymentReference", s."Status1", s0."Id", s0."AssignedAt", s0."AssignmentReference", s0."AssignmentType", s0."CompletedAt", s0."Notes", s0."OrderId", s0."RiderId", s0."Status", s0."Id0", s0."AccessFailedCount", s0."Address", s0."ConcurrencyStamp", s0."CreatedAt", s0."CustomerReference", s0."Email", s0."EmailConfirmed", s0."FullName", s0."IsActive", s0."LockoutEnabled", s0."LockoutEnd", s0."NormalizedEmail", s0."NormalizedUserName", s0."PasswordHash", s0."PhoneNumber", s0."PhoneNumberConfirmed", s0."SecurityStamp", s0."TwoFactorEnabled", s0."UserName"
FROM (
    SELECT o."Id", o."AgentId", o."BookingId", o."CleaningCompletedAt", o."CleaningStartedAt", o."CustomerId", o."DeliveredAt", o."DeliveryOtp", o."DeliveryOtpExpiresAt", o."DeliveryOtpVerifiedAt", o."OrderReference", o."PickedUpAt", o."PickupOtp", o."PickupOtpExpiresAt", o."PickupOtpVerifiedAt", o."Status", b."Id" AS "Id0", b."AddOns", b."BookingReference", b."BundleDiscountPercent", b."CreatedAt", b."CustomerId" AS "CustomerId0", b."DiscountAmountKes", b."NubuckLines", b."OfficialLeatherLines", b."PickupAddress", b."PickupLatitude", b."PickupLocationUrl", b."PickupLongitude", b."PriceKes", b."SneakersLines", b."Status" AS "Status0", b."SubtotalBeforeDiscountKes", b."SuedeLines", b."TotalPairs", f."Id" AS "Id1", f."AccessFailedCount", f."Address", f."ConcurrencyStamp", f."CreatedAt" AS "CreatedAt0", f."CustomerReference", f."Email", f."EmailConfirmed", f."FullName", f."IsActive", f."LockoutEnabled", f."LockoutEnd", f."NormalizedEmail", f."NormalizedUserName", f."PasswordHash", f."PhoneNumber", f."PhoneNumberConfirmed", f."SecurityStamp", f."TwoFactorEnabled", f."UserName", p."Id" AS "Id2", p."Amount", p."BookingId" AS "BookingId0", p."CreatedAt" AS "CreatedAt1", p."MpesaCheckoutRequestId", p."MpesaMerchantRequestId", p."MpesaReceipt", p."PayerPhoneNumber", p."PaymentReference", p."Status" AS "Status1"
    FROM "Orders" AS o
    INNER JOIN "Bookings" AS b ON o."BookingId" = b."Id"
    INNER JOIN "FreshwalkUsers" AS f ON b."CustomerId" = f."Id"
    LEFT JOIN "Payments" AS p ON b."Id" = p."BookingId"
    WHERE o."Id" = @__id_0
    LIMIT 1
) AS s
LEFT JOIN (
    SELECT o0."Id", o0."AssignedAt", o0."AssignmentReference", o0."AssignmentType", o0."CompletedAt", o0."Notes", o0."OrderId", o0."RiderId", o0."Status", f0."Id" AS "Id0", f0."AccessFailedCount", f0."Address", f0."ConcurrencyStamp", f0."CreatedAt", f0."CustomerReference", f0."Email", f0."EmailConfirmed", f0."FullName", f0."IsActive", f0."LockoutEnabled", f0."LockoutEnd", f0."NormalizedEmail", f0."NormalizedUserName", f0."PasswordHash", f0."PhoneNumber", f0."PhoneNumberConfirmed", f0."SecurityStamp", f0."TwoFactorEnabled", f0."UserName"
    FROM "OrderRiderAssignments" AS o0
    INNER JOIN "FreshwalkUsers" AS f0 ON o0."RiderId" = f0."Id"
) AS s0 ON s."Id" = s0."OrderId"
ORDER BY s."Id", s."Id0", s."Id1", s."Id2", s0."Id"
2026-03-29 13:18:03.579 +03:00 [INF] Executed DbCommand (297ms) [Parameters=[@__p_0='?' (DbType = Guid)], CommandType='"Text"', CommandTimeout='30']
SELECT f."Id", f."AccessFailedCount", f."Address", f."ConcurrencyStamp", f."CreatedAt", f."CustomerReference", f."Email", f."EmailConfirmed", f."FullName", f."IsActive", f."LockoutEnabled", f."LockoutEnd", f."NormalizedEmail", f."NormalizedUserName", f."PasswordHash", f."PhoneNumber", f."PhoneNumberConfirmed", f."SecurityStamp", f."TwoFactorEnabled", f."UserName"
FROM "FreshwalkUsers" AS f
WHERE f."Id" = @__p_0
LIMIT 1
2026-03-29 13:18:03.588 +03:00 [ERR] HTTP GET /api/orders/21381961-9ec7-45ff-887a-288a0e1ea182 responded 500 in 611.3243 ms
System.Text.Json.JsonException: A possible object cycle was detected. This can either be due to a cycle or if the object depth is larger than the maximum allowed depth of 32. Consider using ReferenceHandler.Preserve on JsonSerializerOptions to support cycles. Path: $.Booking.Customer.Bookings.Customer.Bookings.Customer.Bookings.Customer.Bookings.Customer.Bookings.Customer.Bookings.Customer.Bookings.Customer.Bookings.Customer.Bookings.Customer.Bookings.Id.
   at System.Text.Json.ThrowHelper.ThrowJsonException_SerializerCycleDetected(Int32 maxDepth)
   at System.Text.Json.Serialization.Metadata.JsonPropertyInfo`1.GetMemberAndWriteJson(Object obj, WriteStack& state, Utf8JsonWriter writer)
   at System.Text.Json.Serialization.Converters.ObjectDefaultConverter`1.OnTryWrite(Utf8JsonWriter writer, T value, JsonSerializerOptions options, WriteStack& state)
   at System.Text.Json.Serialization.Converters.IEnumerableDefaultConverter`2.OnWriteResume(Utf8JsonWriter writer, TCollection value, JsonSerializerOptions options, WriteStack& state)
   at System.Text.Json.Serialization.JsonCollectionConverter`2.OnTryWrite(Utf8JsonWriter writer, TCollection value, JsonSerializerOptions options, WriteStack& state)
   at System.Text.Json.Serialization.Metadata.JsonPropertyInfo`1.GetMemberAndWriteJson(Object obj, WriteStack& state, Utf8JsonWriter writer)
   at System.Text.Json.Serialization.Converters.ObjectDefaultConverter`1.OnTryWrite(Utf8JsonWriter writer, T value, JsonSerializerOptions options, WriteStack& state)
   at System.Text.Json.Serialization.Metadata.JsonPropertyInfo`1.GetMemberAndWriteJson(Object obj, WriteStack& state, Utf8JsonWriter writer)
   at System.Text.Json.Serialization.Converters.ObjectDefaultConverter`1.OnTryWrite(Utf8JsonWriter writer, T value, JsonSerializerOptions options, WriteStack& state)
   at System.Text.Json.Serialization.Converters.IEnumerableDefaultConverter`2.OnWriteResume(Utf8JsonWriter writer, TCollection value, JsonSerializerOptions options, WriteStack& state)
   at System.Text.Json.Serialization.JsonCollectionConverter`2.OnTryWrite(Utf8JsonWriter writer, TCollection value, JsonSerializerOptions options, WriteStack& state)
   at System.Text.Json.Serialization.Metadata.JsonPropertyInfo`1.GetMemberAndWriteJson(Object obj, WriteStack& state, Utf8JsonWriter writer)
   at System.Text.Json.Serialization.Converters.ObjectDefaultConverter`1.OnTryWrite(Utf8JsonWriter writer, T value, JsonSerializerOptions options, WriteStack& state)
   at System.Text.Json.Serialization.Metadata.JsonPropertyInfo`1.GetMemberAndWriteJson(Object obj, WriteStack& state, Utf8JsonWriter writer)
   at System.Text.Json.Serialization.Converters.ObjectDefaultConverter`1.OnTryWrite(Utf8JsonWriter writer, T value, JsonSerializerOptions options, WriteStack& state)
   at System.Text.Json.Serialization.Converters.IEnumerableDefaultConverter`2.OnWriteResume(Utf8JsonWriter writer, TCollection value, JsonSerializerOptions options, WriteStack& state)
   at System.Text.Json.Serialization.JsonCollectionConverter`2.OnTryWrite(Utf8JsonWriter writer, TCollection value, JsonSerializerOptions options, WriteStack& state)
   at System.Text.Json.Serialization.Metadata.JsonPropertyInfo`1.GetMemberAndWriteJson(Object obj, WriteStack& state, Utf8JsonWriter writer)
   at System.Text.Json.Serialization.Converters.ObjectDefaultConverter`1.OnTryWrite(Utf8JsonWriter writer, T value, JsonSerializerOptions options, WriteStack& state)
   at System.Text.Json.Serialization.Metadata.JsonPropertyInfo`1.GetMemberAndWriteJson(Object obj, WriteStack& state, Utf8JsonWriter writer)
   at System.Text.Json.Serialization.Converters.ObjectDefaultConverter`1.OnTryWrite(Utf8JsonWriter writer, T value, JsonSerializerOptions options, WriteStack& state)
   at System.Text.Json.Serialization.Converters.IEnumerableDefaultConverter`2.OnWriteResume(Utf8JsonWriter writer, TCollection value, JsonSerializerOptions options, WriteStack& state)
   at System.Text.Json.Serialization.JsonCollectionConverter`2.OnTryWrite(Utf8JsonWriter writer, TCollection value, JsonSerializerOptions options, WriteStack& state)
   at System.Text.Json.Serialization.Metadata.JsonPropertyInfo`1.GetMemberAndWriteJson(Object obj, WriteStack& state, Utf8JsonWriter writer)
   at System.Text.Json.Serialization.Converters.ObjectDefaultConverter`1.OnTryWrite(Utf8JsonWriter writer, T value, JsonSerializerOptions options, WriteStack& state)
   at System.Text.Json.Serialization.Metadata.JsonPropertyInfo`1.GetMemberAndWriteJson(Object obj, WriteStack& state, Utf8JsonWriter writer)
   at System.Text.Json.Serialization.Converters.ObjectDefaultConverter`1.OnTryWrite(Utf8JsonWriter writer, T value, JsonSerializerOptions options, WriteStack& state)
   at System.Text.Json.Serialization.Converters.IEnumerableDefaultConverter`2.OnWriteResume(Utf8JsonWriter writer, TCollection value, JsonSerializerOptions options, WriteStack& state)
   at System.Text.Json.Serialization.JsonCollectionConverter`2.OnTryWrite(Utf8JsonWriter writer, TCollection value, JsonSerializerOptions options, WriteStack& state)
   at System.Text.Json.Serialization.Metadata.JsonPropertyInfo`1.GetMemberAndWriteJson(Object obj, WriteStack& state, Utf8JsonWriter writer)
   at System.Text.Json.Serialization.Converters.ObjectDefaultConverter`1.OnTryWrite(Utf8JsonWriter writer, T value, JsonSerializerOptions options, WriteStack& state)
   at System.Text.Json.Serialization.Metadata.JsonPropertyInfo`1.GetMemberAndWriteJson(Object obj, WriteStack& state, Utf8JsonWriter writer)
   at System.Text.Json.Serialization.Converters.ObjectDefaultConverter`1.OnTryWrite(Utf8JsonWriter writer, T value, JsonSerializerOptions options, WriteStack& state)
   at System.Text.Json.Serialization.Converters.IEnumerableDefaultConverter`2.OnWriteResume(Utf8JsonWriter writer, TCollection value, JsonSerializerOptions options, WriteStack& state)
   at System.Text.Json.Serialization.JsonCollectionConverter`2.OnTryWrite(Utf8JsonWriter writer, TCollection value, JsonSerializerOptions options, WriteStack& state)
   at System.Text.Json.Serialization.Metadata.JsonPropertyInfo`1.GetMemberAndWriteJson(Object obj, WriteStack& state, Utf8JsonWriter writer)
   at System.Text.Json.Serialization.Converters.ObjectDefaultConverter`1.OnTryWrite(Utf8JsonWriter writer, T value, JsonSerializerOptions options, WriteStack& state)
   at System.Text.Json.Serialization.Metadata.JsonPropertyInfo`1.GetMemberAndWriteJson(Object obj, WriteStack& state, Utf8JsonWriter writer)
   at System.Text.Json.Serialization.Converters.ObjectDefaultConverter`1.OnTryWrite(Utf8JsonWriter writer, T value, JsonSerializerOptions options, WriteStack& state)
   at System.Text.Json.Serialization.Converters.IEnumerableDefaultConverter`2.OnWriteResume(Utf8JsonWriter writer, TCollection value, JsonSerializerOptions options, WriteStack& state)
   at System.Text.Json.Serialization.JsonCollectionConverter`2.OnTryWrite(Utf8JsonWriter writer, TCollection value, JsonSerializerOptions options, WriteStack& state)
   at System.Text.Json.Serialization.Metadata.JsonPropertyInfo`1.GetMemberAndWriteJson(Object obj, WriteStack& state, Utf8JsonWriter writer)
   at System.Text.Json.Serialization.Converters.ObjectDefaultConverter`1.OnTryWrite(Utf8JsonWriter writer, T value, JsonSerializerOptions options, WriteStack& state)
   at System.Text.Json.Serialization.Metadata.JsonPropertyInfo`1.GetMemberAndWriteJson(Object obj, WriteStack& state, Utf8JsonWriter writer)
   at System.Text.Json.Serialization.Converters.ObjectDefaultConverter`1.OnTryWrite(Utf8JsonWriter writer, T value, JsonSerializerOptions options, WriteStack& state)
   at System.Text.Json.Serialization.Converters.IEnumerableDefaultConverter`2.OnWriteResume(Utf8JsonWriter writer, TCollection value, JsonSerializerOptions options, WriteStack& state)
   at System.Text.Json.Serialization.JsonCollectionConverter`2.OnTryWrite(Utf8JsonWriter writer, TCollection value, JsonSerializerOptions options, WriteStack& state)
   at System.Text.Json.Serialization.Metadata.JsonPropertyInfo`1.GetMemberAndWriteJson(Object obj, WriteStack& state, Utf8JsonWriter writer)
   at System.Text.Json.Serialization.Converters.ObjectDefaultConverter`1.OnTryWrite(Utf8JsonWriter writer, T value, JsonSerializerOptions options, WriteStack& state)
   at System.Text.Json.Serialization.Metadata.JsonPropertyInfo`1.GetMemberAndWriteJson(Object obj, WriteStack& state, Utf8JsonWriter writer)
   at System.Text.Json.Serialization.Converters.ObjectDefaultConverter`1.OnTryWrite(Utf8JsonWriter writer, T value, JsonSerializerOptions options, WriteStack& state)
   at System.Text.Json.Serialization.Converters.IEnumerableDefaultConverter`2.OnWriteResume(Utf8JsonWriter writer, TCollection value, JsonSerializerOptions options, WriteStack& state)
   at System.Text.Json.Serialization.JsonCollectionConverter`2.OnTryWrite(Utf8JsonWriter writer, TCollection value, JsonSerializerOptions options, WriteStack& state)
   at System.Text.Json.Serialization.Metadata.JsonPropertyInfo`1.GetMemberAndWriteJson(Object obj, WriteStack& state, Utf8JsonWriter writer)
   at System.Text.Json.Serialization.Converters.ObjectDefaultConverter`1.OnTryWrite(Utf8JsonWriter writer, T value, JsonSerializerOptions options, WriteStack& state)
   at System.Text.Json.Serialization.Metadata.JsonPropertyInfo`1.GetMemberAndWriteJson(Object obj, WriteStack& state, Utf8JsonWriter writer)
   at System.Text.Json.Serialization.Converters.ObjectDefaultConverter`1.OnTryWrite(Utf8JsonWriter writer, T value, JsonSerializerOptions options, WriteStack& state)
   at System.Text.Json.Serialization.Converters.IEnumerableDefaultConverter`2.OnWriteResume(Utf8JsonWriter writer, TCollection value, JsonSerializerOptions options, WriteStack& state)
   at System.Text.Json.Serialization.JsonCollectionConverter`2.OnTryWrite(Utf8JsonWriter writer, TCollection value, JsonSerializerOptions options, WriteStack& state)
   at System.Text.Json.Serialization.Metadata.JsonPropertyInfo`1.GetMemberAndWriteJson(Object obj, WriteStack& state, Utf8JsonWriter writer)
   at System.Text.Json.Serialization.Converters.ObjectDefaultConverter`1.OnTryWrite(Utf8JsonWriter writer, T value, JsonSerializerOptions options, WriteStack& state)
   at System.Text.Json.Serialization.Metadata.JsonPropertyInfo`1.GetMemberAndWriteJson(Object obj, WriteStack& state, Utf8JsonWriter writer)
   at System.Text.Json.Serialization.Converters.ObjectDefaultConverter`1.OnTryWrite(Utf8JsonWriter writer, T value, JsonSerializerOptions options, WriteStack& state)
   at System.Text.Json.Serialization.Metadata.JsonPropertyInfo`1.GetMemberAndWriteJson(Object obj, WriteStack& state, Utf8JsonWriter writer)
   at System.Text.Json.Serialization.Converters.ObjectDefaultConverter`1.OnTryWrite(Utf8JsonWriter writer, T value, JsonSerializerOptions options, WriteStack& state)
   at System.Text.Json.Serialization.JsonConverter`1.WriteCore(Utf8JsonWriter writer, T& value, JsonSerializerOptions options, WriteStack& state)
   at System.Text.Json.Serialization.Metadata.JsonTypeInfo`1.SerializeAsync(PipeWriter pipeWriter, T rootValue, Int32 flushThreshold, CancellationToken cancellationToken, Object rootValueBoxed)
   at System.Text.Json.Serialization.Metadata.JsonTypeInfo`1.SerializeAsync(PipeWriter pipeWriter, T rootValue, Int32 flushThreshold, CancellationToken cancellationToken, Object rootValueBoxed)
   at System.Text.Json.Serialization.Metadata.JsonTypeInfo`1.SerializeAsync(PipeWriter pipeWriter, T rootValue, Int32 flushThreshold, CancellationToken cancellationToken, Object rootValueBoxed)
   at Microsoft.AspNetCore.Mvc.Formatters.SystemTextJsonOutputFormatter.WriteResponseBodyAsync(OutputFormatterWriteContext context, Encoding selectedEncoding)
   at Microsoft.AspNetCore.Mvc.Infrastructure.ResourceInvoker.<InvokeNextResultFilterAsync>g__Awaited|30_0[TFilter,TFilterAsync](ResourceInvoker invoker, Task lastTask, State next, Scope scope, Object state, Boolean isCompleted)
   at Microsoft.AspNetCore.Mvc.Infrastructure.ResourceInvoker.Rethrow(ResultExecutedContextSealed context)
   at Microsoft.AspNetCore.Mvc.Infrastructure.ResourceInvoker.ResultNext[TFilter,TFilterAsync](State& next, Scope& scope, Object& state, Boolean& isCompleted)
   at Microsoft.AspNetCore.Mvc.Infrastructure.ResourceInvoker.InvokeResultFilters()
--- End of stack trace from previous location ---
   at Microsoft.AspNetCore.Mvc.Infrastructure.ResourceInvoker.<InvokeFilterPipelineAsync>g__Awaited|20_0(ResourceInvoker invoker, Task lastTask, State next, Scope scope, Object state, Boolean isCompleted)
   at Microsoft.AspNetCore.Mvc.Infrastructure.ResourceInvoker.<InvokeAsync>g__Awaited|17_0(ResourceInvoker invoker, Task task, IDisposable scope)
   at Microsoft.AspNetCore.Mvc.Infrastructure.ResourceInvoker.<InvokeAsync>g__Awaited|17_0(ResourceInvoker invoker, Task task, IDisposable scope)
   at Freshwalk.API.Logging.AuditRequestLoggingMiddleware.InvokeAsync(HttpContext context, RequestDelegate next) in D:\Projects\Freshwalk Shoe Cleaning web app\API\Freshwalk.API\Logging\AuditRequestLoggingMiddleware.cs:line 63
   at Freshwalk.API.Logging.AuditRequestLoggingMiddleware.InvokeAsync(HttpContext context, RequestDelegate next) in D:\Projects\Freshwalk Shoe Cleaning web app\API\Freshwalk.API\Logging\AuditRequestLoggingMiddleware.cs:line 91
   at Freshwalk.API.Logging.AuditRequestLoggingMiddleware.InvokeAsync(HttpContext context, RequestDelegate next) in D:\Projects\Freshwalk Shoe Cleaning web app\API\Freshwalk.API\Logging\AuditRequestLoggingMiddleware.cs:line 91
   at Microsoft.AspNetCore.Builder.UseMiddlewareExtensions.InterfaceMiddlewareBinder.<>c__DisplayClass2_0.<<CreateMiddleware>b__0>d.MoveNext()
--- End of stack trace from previous location ---
   at Microsoft.AspNetCore.Authorization.AuthorizationMiddleware.Invoke(HttpContext context)
   at Microsoft.AspNetCore.Authentication.AuthenticationMiddleware.Invoke(HttpContext context)
   at Serilog.AspNetCore.RequestLoggingMiddleware.Invoke(HttpContext httpContext)
2026-03-29 13:18:03.652 +03:00 [ERR] An unhandled exception has occurred while executing the request.
System.Text.Json.JsonException: A possible object cycle was detected. This can either be due to a cycle or if the object depth is larger than the maximum allowed depth of 32. Consider using ReferenceHandler.Preserve on JsonSerializerOptions to support cycles. Path: $.Booking.Customer.Bookings.Customer.Bookings.Customer.Bookings.Customer.Bookings.Customer.Bookings.Customer.Bookings.Customer.Bookings.Customer.Bookings.Customer.Bookings.Customer.Bookings.Id.
   at System.Text.Json.ThrowHelper.ThrowJsonException_SerializerCycleDetected(Int32 maxDepth)
   at System.Text.Json.Serialization.Metadata.JsonPropertyInfo`1.GetMemberAndWriteJson(Object obj, WriteStack& state, Utf8JsonWriter writer)
   at System.Text.Json.Serialization.Converters.ObjectDefaultConverter`1.OnTryWrite(Utf8JsonWriter writer, T value, JsonSerializerOptions options, WriteStack& state)
   at System.Text.Json.Serialization.Converters.IEnumerableDefaultConverter`2.OnWriteResume(Utf8JsonWriter writer, TCollection value, JsonSerializerOptions options, WriteStack& state)
   at System.Text.Json.Serialization.JsonCollectionConverter`2.OnTryWrite(Utf8JsonWriter writer, TCollection value, JsonSerializerOptions options, WriteStack& state)
   at System.Text.Json.Serialization.Metadata.JsonPropertyInfo`1.GetMemberAndWriteJson(Object obj, WriteStack& state, Utf8JsonWriter writer)
   at System.Text.Json.Serialization.Converters.ObjectDefaultConverter`1.OnTryWrite(Utf8JsonWriter writer, T value, JsonSerializerOptions options, WriteStack& state)
   at System.Text.Json.Serialization.Metadata.JsonPropertyInfo`1.GetMemberAndWriteJson(Object obj, WriteStack& state, Utf8JsonWriter writer)
   at System.Text.Json.Serialization.Converters.ObjectDefaultConverter`1.OnTryWrite(Utf8JsonWriter writer, T value, JsonSerializerOptions options, WriteStack& state)
   at System.Text.Json.Serialization.Converters.IEnumerableDefaultConverter`2.OnWriteResume(Utf8JsonWriter writer, TCollection value, JsonSerializerOptions options, WriteStack& state)
   at System.Text.Json.Serialization.JsonCollectionConverter`2.OnTryWrite(Utf8JsonWriter writer, TCollection value, JsonSerializerOptions options, WriteStack& state)
   at System.Text.Json.Serialization.Metadata.JsonPropertyInfo`1.GetMemberAndWriteJson(Object obj, WriteStack& state, Utf8JsonWriter writer)
   at System.Text.Json.Serialization.Converters.ObjectDefaultConverter`1.OnTryWrite(Utf8JsonWriter writer, T value, JsonSerializerOptions options, WriteStack& state)
   at System.Text.Json.Serialization.Metadata.JsonPropertyInfo`1.GetMemberAndWriteJson(Object obj, WriteStack& state, Utf8JsonWriter writer)
   at System.Text.Json.Serialization.Converters.ObjectDefaultConverter`1.OnTryWrite(Utf8JsonWriter writer, T value, JsonSerializerOptions options, WriteStack& state)
   at System.Text.Json.Serialization.Converters.IEnumerableDefaultConverter`2.OnWriteResume(Utf8JsonWriter writer, TCollection value, JsonSerializerOptions options, WriteStack& state)
   at System.Text.Json.Serialization.JsonCollectionConverter`2.OnTryWrite(Utf8JsonWriter writer, TCollection value, JsonSerializerOptions options, WriteStack& state)
   at System.Text.Json.Serialization.Metadata.JsonPropertyInfo`1.GetMemberAndWriteJson(Object obj, WriteStack& state, Utf8JsonWriter writer)
   at System.Text.Json.Serialization.Converters.ObjectDefaultConverter`1.OnTryWrite(Utf8JsonWriter writer, T value, JsonSerializerOptions options, WriteStack& state)
   at System.Text.Json.Serialization.Metadata.JsonPropertyInfo`1.GetMemberAndWriteJson(Object obj, WriteStack& state, Utf8JsonWriter writer)
   at System.Text.Json.Serialization.Converters.ObjectDefaultConverter`1.OnTryWrite(Utf8JsonWriter writer, T value, JsonSerializerOptions options, WriteStack& state)
   at System.Text.Json.Serialization.Converters.IEnumerableDefaultConverter`2.OnWriteResume(Utf8JsonWriter writer, TCollection value, JsonSerializerOptions options, WriteStack& state)
   at System.Text.Json.Serialization.JsonCollectionConverter`2.OnTryWrite(Utf8JsonWriter writer, TCollection value, JsonSerializerOptions options, WriteStack& state)
   at System.Text.Json.Serialization.Metadata.JsonPropertyInfo`1.GetMemberAndWriteJson(Object obj, WriteStack& state, Utf8JsonWriter writer)
   at System.Text.Json.Serialization.Converters.ObjectDefaultConverter`1.OnTryWrite(Utf8JsonWriter writer, T value, JsonSerializerOptions options, WriteStack& state)
   at System.Text.Json.Serialization.Metadata.JsonPropertyInfo`1.GetMemberAndWriteJson(Object obj, WriteStack& state, Utf8JsonWriter writer)
   at System.Text.Json.Serialization.Converters.ObjectDefaultConverter`1.OnTryWrite(Utf8JsonWriter writer, T value, JsonSerializerOptions options, WriteStack& state)
   at System.Text.Json.Serialization.Converters.IEnumerableDefaultConverter`2.OnWriteResume(Utf8JsonWriter writer, TCollection value, JsonSerializerOptions options, WriteStack& state)
   at System.Text.Json.Serialization.JsonCollectionConverter`2.OnTryWrite(Utf8JsonWriter writer, TCollection value, JsonSerializerOptions options, WriteStack& state)
   at System.Text.Json.Serialization.Metadata.JsonPropertyInfo`1.GetMemberAndWriteJson(Object obj, WriteStack& state, Utf8JsonWriter writer)
   at System.Text.Json.Serialization.Converters.ObjectDefaultConverter`1.OnTryWrite(Utf8JsonWriter writer, T value, JsonSerializerOptions options, WriteStack& state)
   at System.Text.Json.Serialization.Metadata.JsonPropertyInfo`1.GetMemberAndWriteJson(Object obj, WriteStack& state, Utf8JsonWriter writer)
   at System.Text.Json.Serialization.Converters.ObjectDefaultConverter`1.OnTryWrite(Utf8JsonWriter writer, T value, JsonSerializerOptions options, WriteStack& state)
   at System.Text.Json.Serialization.Converters.IEnumerableDefaultConverter`2.OnWriteResume(Utf8JsonWriter writer, TCollection value, JsonSerializerOptions options, WriteStack& state)
   at System.Text.Json.Serialization.JsonCollectionConverter`2.OnTryWrite(Utf8JsonWriter writer, TCollection value, JsonSerializerOptions options, WriteStack& state)
   at System.Text.Json.Serialization.Metadata.JsonPropertyInfo`1.GetMemberAndWriteJson(Object obj, WriteStack& state, Utf8JsonWriter writer)
   at System.Text.Json.Serialization.Converters.ObjectDefaultConverter`1.OnTryWrite(Utf8JsonWriter writer, T value, JsonSerializerOptions options, WriteStack& state)
   at System.Text.Json.Serialization.Metadata.JsonPropertyInfo`1.GetMemberAndWriteJson(Object obj, WriteStack& state, Utf8JsonWriter writer)
   at System.Text.Json.Serialization.Converters.ObjectDefaultConverter`1.OnTryWrite(Utf8JsonWriter writer, T value, JsonSerializerOptions options, WriteStack& state)
   at System.Text.Json.Serialization.Converters.IEnumerableDefaultConverter`2.OnWriteResume(Utf8JsonWriter writer, TCollection value, JsonSerializerOptions options, WriteStack& state)
   at System.Text.Json.Serialization.JsonCollectionConverter`2.OnTryWrite(Utf8JsonWriter writer, TCollection value, JsonSerializerOptions options, WriteStack& state)
   at System.Text.Json.Serialization.Metadata.JsonPropertyInfo`1.GetMemberAndWriteJson(Object obj, WriteStack& state, Utf8JsonWriter writer)
   at System.Text.Json.Serialization.Converters.ObjectDefaultConverter`1.OnTryWrite(Utf8JsonWriter writer, T value, JsonSerializerOptions options, WriteStack& state)
   at System.Text.Json.Serialization.Metadata.JsonPropertyInfo`1.GetMemberAndWriteJson(Object obj, WriteStack& state, Utf8JsonWriter writer)
   at System.Text.Json.Serialization.Converters.ObjectDefaultConverter`1.OnTryWrite(Utf8JsonWriter writer, T value, JsonSerializerOptions options, WriteStack& state)
   at System.Text.Json.Serialization.Converters.IEnumerableDefaultConverter`2.OnWriteResume(Utf8JsonWriter writer, TCollection value, JsonSerializerOptions options, WriteStack& state)
   at System.Text.Json.Serialization.JsonCollectionConverter`2.OnTryWrite(Utf8JsonWriter writer, TCollection value, JsonSerializerOptions options, WriteStack& state)
   at System.Text.Json.Serialization.Metadata.JsonPropertyInfo`1.GetMemberAndWriteJson(Object obj, WriteStack& state, Utf8JsonWriter writer)
   at System.Text.Json.Serialization.Converters.ObjectDefaultConverter`1.OnTryWrite(Utf8JsonWriter writer, T value, JsonSerializerOptions options, WriteStack& state)
   at System.Text.Json.Serialization.Metadata.JsonPropertyInfo`1.GetMemberAndWriteJson(Object obj, WriteStack& state, Utf8JsonWriter writer)
   at System.Text.Json.Serialization.Converters.ObjectDefaultConverter`1.OnTryWrite(Utf8JsonWriter writer, T value, JsonSerializerOptions options, WriteStack& state)
   at System.Text.Json.Serialization.Converters.IEnumerableDefaultConverter`2.OnWriteResume(Utf8JsonWriter writer, TCollection value, JsonSerializerOptions options, WriteStack& state)
   at System.Text.Json.Serialization.JsonCollectionConverter`2.OnTryWrite(Utf8JsonWriter writer, TCollection value, JsonSerializerOptions options, WriteStack& state)
   at System.Text.Json.Serialization.Metadata.JsonPropertyInfo`1.GetMemberAndWriteJson(Object obj, WriteStack& state, Utf8JsonWriter writer)
   at System.Text.Json.Serialization.Converters.ObjectDefaultConverter`1.OnTryWrite(Utf8JsonWriter writer, T value, JsonSerializerOptions options, WriteStack& state)
   at System.Text.Json.Serialization.Metadata.JsonPropertyInfo`1.GetMemberAndWriteJson(Object obj, WriteStack& state, Utf8JsonWriter writer)
   at System.Text.Json.Serialization.Converters.ObjectDefaultConverter`1.OnTryWrite(Utf8JsonWriter writer, T value, JsonSerializerOptions options, WriteStack& state)
   at System.Text.Json.Serialization.Converters.IEnumerableDefaultConverter`2.OnWriteResume(Utf8JsonWriter writer, TCollection value, JsonSerializerOptions options, WriteStack& state)
   at System.Text.Json.Serialization.JsonCollectionConverter`2.OnTryWrite(Utf8JsonWriter writer, TCollection value, JsonSerializerOptions options, WriteStack& state)
   at System.Text.Json.Serialization.Metadata.JsonPropertyInfo`1.GetMemberAndWriteJson(Object obj, WriteStack& state, Utf8JsonWriter writer)
   at System.Text.Json.Serialization.Converters.ObjectDefaultConverter`1.OnTryWrite(Utf8JsonWriter writer, T value, JsonSerializerOptions options, WriteStack& state)
   at System.Text.Json.Serialization.Metadata.JsonPropertyInfo`1.GetMemberAndWriteJson(Object obj, WriteStack& state, Utf8JsonWriter writer)
   at System.Text.Json.Serialization.Converters.ObjectDefaultConverter`1.OnTryWrite(Utf8JsonWriter writer, T value, JsonSerializerOptions options, WriteStack& state)
   at System.Text.Json.Serialization.Metadata.JsonPropertyInfo`1.GetMemberAndWriteJson(Object obj, WriteStack& state, Utf8JsonWriter writer)
   at System.Text.Json.Serialization.Converters.ObjectDefaultConverter`1.OnTryWrite(Utf8JsonWriter writer, T value, JsonSerializerOptions options, WriteStack& state)
   at System.Text.Json.Serialization.JsonConverter`1.WriteCore(Utf8JsonWriter writer, T& value, JsonSerializerOptions options, WriteStack& state)
   at System.Text.Json.Serialization.Metadata.JsonTypeInfo`1.SerializeAsync(PipeWriter pipeWriter, T rootValue, Int32 flushThreshold, CancellationToken cancellationToken, Object rootValueBoxed)
   at System.Text.Json.Serialization.Metadata.JsonTypeInfo`1.SerializeAsync(PipeWriter pipeWriter, T rootValue, Int32 flushThreshold, CancellationToken cancellationToken, Object rootValueBoxed)
   at System.Text.Json.Serialization.Metadata.JsonTypeInfo`1.SerializeAsync(PipeWriter pipeWriter, T rootValue, Int32 flushThreshold, CancellationToken cancellationToken, Object rootValueBoxed)
   at Microsoft.AspNetCore.Mvc.Formatters.SystemTextJsonOutputFormatter.WriteResponseBodyAsync(OutputFormatterWriteContext context, Encoding selectedEncoding)
   at Microsoft.AspNetCore.Mvc.Infrastructure.ResourceInvoker.<InvokeNextResultFilterAsync>g__Awaited|30_0[TFilter,TFilterAsync](ResourceInvoker invoker, Task lastTask, State next, Scope scope, Object state, Boolean isCompleted)
   at Microsoft.AspNetCore.Mvc.Infrastructure.ResourceInvoker.Rethrow(ResultExecutedContextSealed context)
   at Microsoft.AspNetCore.Mvc.Infrastructure.ResourceInvoker.ResultNext[TFilter,TFilterAsync](State& next, Scope& scope, Object& state, Boolean& isCompleted)
   at Microsoft.AspNetCore.Mvc.Infrastructure.ResourceInvoker.InvokeResultFilters()
--- End of stack trace from previous location ---
   at Microsoft.AspNetCore.Mvc.Infrastructure.ResourceInvoker.<InvokeFilterPipelineAsync>g__Awaited|20_0(ResourceInvoker invoker, Task lastTask, State next, Scope scope, Object state, Boolean isCompleted)
   at Microsoft.AspNetCore.Mvc.Infrastructure.ResourceInvoker.<InvokeAsync>g__Awaited|17_0(ResourceInvoker invoker, Task task, IDisposable scope)
   at Microsoft.AspNetCore.Mvc.Infrastructure.ResourceInvoker.<InvokeAsync>g__Awaited|17_0(ResourceInvoker invoker, Task task, IDisposable scope)
   at Freshwalk.API.Logging.AuditRequestLoggingMiddleware.InvokeAsync(HttpContext context, RequestDelegate next) in D:\Projects\Freshwalk Shoe Cleaning web app\API\Freshwalk.API\Logging\AuditRequestLoggingMiddleware.cs:line 63
   at Freshwalk.API.Logging.AuditRequestLoggingMiddleware.InvokeAsync(HttpContext context, RequestDelegate next) in D:\Projects\Freshwalk Shoe Cleaning web app\API\Freshwalk.API\Logging\AuditRequestLoggingMiddleware.cs:line 91
   at Freshwalk.API.Logging.AuditRequestLoggingMiddleware.InvokeAsync(HttpContext context, RequestDelegate next) in D:\Projects\Freshwalk Shoe Cleaning web app\API\Freshwalk.API\Logging\AuditRequestLoggingMiddleware.cs:line 91
   at Microsoft.AspNetCore.Builder.UseMiddlewareExtensions.InterfaceMiddlewareBinder.<>c__DisplayClass2_0.<<CreateMiddleware>b__0>d.MoveNext()
--- End of stack trace from previous location ---
   at Microsoft.AspNetCore.Authorization.AuthorizationMiddleware.Invoke(HttpContext context)
   at Microsoft.AspNetCore.Authentication.AuthenticationMiddleware.Invoke(HttpContext context)
   at Serilog.AspNetCore.RequestLoggingMiddleware.Invoke(HttpContext httpContext)
   at Swashbuckle.AspNetCore.SwaggerUI.SwaggerUIMiddleware.Invoke(HttpContext httpContext)
   at Swashbuckle.AspNetCore.Swagger.SwaggerMiddleware.Invoke(HttpContext httpContext, ISwaggerProvider swaggerProvider)
   at Microsoft.AspNetCore.Diagnostics.DeveloperExceptionPageMiddlewareImpl.Invoke(HttpContext context)
2026-03-29 13:18:24.075 +03:00 [INF] HTTP OPTIONS /api/bookings/mine responded 204 in 0.0565 ms
2026-03-29 13:18:24.078 +03:00 [INF] HTTP OPTIONS /api/bookings/mine responded 204 in 0.0509 ms
2026-03-29 13:18:24.313 +03:00 [INF] Executed DbCommand (230ms) [Parameters=[@__customerId_0='?' (DbType = Guid)], CommandType='"Text"', CommandTimeout='30']
SELECT f."CustomerReference"
FROM "FreshwalkUsers" AS f
WHERE f."Id" = @__customerId_0
LIMIT 1
2026-03-29 13:18:24.539 +03:00 [INF] Executed DbCommand (221ms) [Parameters=[@__customerId_0='?' (DbType = Guid)], CommandType='"Text"', CommandTimeout='30']
SELECT b."Id", b."AddOns", b."BookingReference", b."BundleDiscountPercent", b."CreatedAt", b."CustomerId", b."DiscountAmountKes", b."NubuckLines", b."OfficialLeatherLines", b."PickupAddress", b."PickupLatitude", b."PickupLocationUrl", b."PickupLongitude", b."PriceKes", b."SneakersLines", b."Status", b."SubtotalBeforeDiscountKes", b."SuedeLines", b."TotalPairs", p."Id", p."Amount", p."BookingId", p."CreatedAt", p."MpesaCheckoutRequestId", p."MpesaMerchantRequestId", p."MpesaReceipt", p."PayerPhoneNumber", p."PaymentReference", p."Status", o."Id", o."AgentId", o."BookingId", o."CleaningCompletedAt", o."CleaningStartedAt", o."CustomerId", o."DeliveredAt", o."DeliveryOtp", o."DeliveryOtpExpiresAt", o."DeliveryOtpVerifiedAt", o."OrderReference", o."PickedUpAt", o."PickupOtp", o."PickupOtpExpiresAt", o."PickupOtpVerifiedAt", o."Status"
FROM "Bookings" AS b
LEFT JOIN "Payments" AS p ON b."Id" = p."BookingId"
LEFT JOIN "Orders" AS o ON b."Id" = o."BookingId"
WHERE b."CustomerId" = @__customerId_0
ORDER BY b."CreatedAt" DESC
2026-03-29 13:18:24.766 +03:00 [INF] Executed DbCommand (219ms) [Parameters=[@__p_0='?' (DbType = Guid)], CommandType='"Text"', CommandTimeout='30']
SELECT f."Id", f."AccessFailedCount", f."Address", f."ConcurrencyStamp", f."CreatedAt", f."CustomerReference", f."Email", f."EmailConfirmed", f."FullName", f."IsActive", f."LockoutEnabled", f."LockoutEnd", f."NormalizedEmail", f."NormalizedUserName", f."PasswordHash", f."PhoneNumber", f."PhoneNumberConfirmed", f."SecurityStamp", f."TwoFactorEnabled", f."UserName"
FROM "FreshwalkUsers" AS f
WHERE f."Id" = @__p_0
LIMIT 1
2026-03-29 13:18:24.773 +03:00 [INF] HTTP GET /api/bookings/mine responded 200 in 691.1806 ms
2026-03-29 13:18:25.953 +03:00 [INF] Executed DbCommand (155ms) [Parameters=[@__customerId_0='?' (DbType = Guid)], CommandType='"Text"', CommandTimeout='30']
SELECT f."CustomerReference"
FROM "FreshwalkUsers" AS f
WHERE f."Id" = @__customerId_0
LIMIT 1
2026-03-29 13:18:26.208 +03:00 [INF] Executed DbCommand (249ms) [Parameters=[@__customerId_0='?' (DbType = Guid)], CommandType='"Text"', CommandTimeout='30']
SELECT b."Id", b."AddOns", b."BookingReference", b."BundleDiscountPercent", b."CreatedAt", b."CustomerId", b."DiscountAmountKes", b."NubuckLines", b."OfficialLeatherLines", b."PickupAddress", b."PickupLatitude", b."PickupLocationUrl", b."PickupLongitude", b."PriceKes", b."SneakersLines", b."Status", b."SubtotalBeforeDiscountKes", b."SuedeLines", b."TotalPairs", p."Id", p."Amount", p."BookingId", p."CreatedAt", p."MpesaCheckoutRequestId", p."MpesaMerchantRequestId", p."MpesaReceipt", p."PayerPhoneNumber", p."PaymentReference", p."Status", o."Id", o."AgentId", o."BookingId", o."CleaningCompletedAt", o."CleaningStartedAt", o."CustomerId", o."DeliveredAt", o."DeliveryOtp", o."DeliveryOtpExpiresAt", o."DeliveryOtpVerifiedAt", o."OrderReference", o."PickedUpAt", o."PickupOtp", o."PickupOtpExpiresAt", o."PickupOtpVerifiedAt", o."Status"
FROM "Bookings" AS b
LEFT JOIN "Payments" AS p ON b."Id" = p."BookingId"
LEFT JOIN "Orders" AS o ON b."Id" = o."BookingId"
WHERE b."CustomerId" = @__customerId_0
ORDER BY b."CreatedAt" DESC
2026-03-29 13:18:26.396 +03:00 [INF] Executed DbCommand (180ms) [Parameters=[@__p_0='?' (DbType = Guid)], CommandType='"Text"', CommandTimeout='30']
SELECT f."Id", f."AccessFailedCount", f."Address", f."ConcurrencyStamp", f."CreatedAt", f."CustomerReference", f."Email", f."EmailConfirmed", f."FullName", f."IsActive", f."LockoutEnabled", f."LockoutEnd", f."NormalizedEmail", f."NormalizedUserName", f."PasswordHash", f."PhoneNumber", f."PhoneNumberConfirmed", f."SecurityStamp", f."TwoFactorEnabled", f."UserName"
FROM "FreshwalkUsers" AS f
WHERE f."Id" = @__p_0
LIMIT 1
2026-03-29 13:18:26.406 +03:00 [INF] HTTP GET /api/bookings/mine responded 200 in 1858.2077 ms
2026-03-29 13:18:37.309 +03:00 [INF] HTTP OPTIONS /api/orders/21381961-9ec7-45ff-887a-288a0e1ea182/assign-delivery-rider responded 204 in 0.0280 ms
2026-03-29 13:18:37.576 +03:00 [INF] Executed DbCommand (248ms) [Parameters=[@__id_0='?' (DbType = Guid)], CommandType='"Text"', CommandTimeout='30']
SELECT o."Id", o."AgentId", o."BookingId", o."CleaningCompletedAt", o."CleaningStartedAt", o."CustomerId", o."DeliveredAt", o."DeliveryOtp", o."DeliveryOtpExpiresAt", o."DeliveryOtpVerifiedAt", o."OrderReference", o."PickedUpAt", o."PickupOtp", o."PickupOtpExpiresAt", o."PickupOtpVerifiedAt", o."Status"
FROM "Orders" AS o
WHERE o."Id" = @__id_0
LIMIT 1
2026-03-29 13:18:37.783 +03:00 [INF] Executed DbCommand (187ms) [Parameters=[@__orderId_0='?' (DbType = Guid), @__kind_1='?'], CommandType='"Text"', CommandTimeout='30']
SELECT o."Id", o."Code", o."CreatedAt", o."ExpiresAt", o."OrderId", o."OtpKind"
FROM "OrderOtpCodes" AS o
WHERE o."OrderId" = @__orderId_0 AND o."OtpKind" = @__kind_1
2026-03-29 13:18:38.037 +03:00 [INF] Executed DbCommand (225ms) [Parameters=[@__code_0='?'], CommandType='"Text"', CommandTimeout='30']
SELECT EXISTS (
    SELECT 1
    FROM "OrderRiderAssignments" AS o
    WHERE o."AssignmentReference" = @__code_0)
2026-03-29 13:18:38.306 +03:00 [INF] Executed DbCommand (240ms) [Parameters=[@p0='?' (DbType = Guid), @p1='?', @p2='?' (DbType = DateTime), @p3='?' (DbType = DateTime), @p4='?' (DbType = Guid), @p5='?', @p6='?' (DbType = Guid), @p7='?' (DbType = DateTime), @p8='?', @p9='?', @p10='?' (DbType = DateTime), @p11='?', @p12='?' (DbType = Guid), @p13='?' (DbType = Guid), @p14='?', @p18='?' (DbType = Guid), @p15='?', @p16='?' (DbType = DateTime), @p17='?'], CommandType='"Text"', CommandTimeout='30']
INSERT INTO "OrderOtpCodes" ("Id", "Code", "CreatedAt", "ExpiresAt", "OrderId", "OtpKind")
VALUES (@p0, @p1, @p2, @p3, @p4, @p5);
INSERT INTO "OrderRiderAssignments" ("Id", "AssignedAt", "AssignmentReference", "AssignmentType", "CompletedAt", "Notes", "OrderId", "RiderId", "Status")
VALUES (@p6, @p7, @p8, @p9, @p10, @p11, @p12, @p13, @p14);
UPDATE "Orders" SET "DeliveryOtp" = @p15, "DeliveryOtpExpiresAt" = @p16, "Status" = @p17
WHERE "Id" = @p18;
2026-03-29 13:18:38.807 +03:00 [INF] Executed DbCommand (315ms) [Parameters=[@__p_0='?' (DbType = Guid)], CommandType='"Text"', CommandTimeout='30']
SELECT f."Id", f."AccessFailedCount", f."Address", f."ConcurrencyStamp", f."CreatedAt", f."CustomerReference", f."Email", f."EmailConfirmed", f."FullName", f."IsActive", f."LockoutEnabled", f."LockoutEnd", f."NormalizedEmail", f."NormalizedUserName", f."PasswordHash", f."PhoneNumber", f."PhoneNumberConfirmed", f."SecurityStamp", f."TwoFactorEnabled", f."UserName"
FROM "FreshwalkUsers" AS f
WHERE f."Id" = @__p_0
LIMIT 1
2026-03-29 13:18:38.813 +03:00 [INF] HTTP POST /api/orders/21381961-9ec7-45ff-887a-288a0e1ea182/assign-delivery-rider responded 200 in 1500.0883 ms
2026-03-29 13:18:38.820 +03:00 [INF] HTTP OPTIONS /api/orders/21381961-9ec7-45ff-887a-288a0e1ea182 responded 204 in 0.0449 ms
2026-03-29 13:18:39.010 +03:00 [INF] Executed DbCommand (184ms) [Parameters=[@__id_0='?' (DbType = Guid)], CommandType='"Text"', CommandTimeout='30']
SELECT s."Id", s."AgentId", s."BookingId", s."CleaningCompletedAt", s."CleaningStartedAt", s."CustomerId", s."DeliveredAt", s."DeliveryOtp", s."DeliveryOtpExpiresAt", s."DeliveryOtpVerifiedAt", s."OrderReference", s."PickedUpAt", s."PickupOtp", s."PickupOtpExpiresAt", s."PickupOtpVerifiedAt", s."Status", s."Id0", s."AddOns", s."BookingReference", s."BundleDiscountPercent", s."CreatedAt", s."CustomerId0", s."DiscountAmountKes", s."NubuckLines", s."OfficialLeatherLines", s."PickupAddress", s."PickupLatitude", s."PickupLocationUrl", s."PickupLongitude", s."PriceKes", s."SneakersLines", s."Status0", s."SubtotalBeforeDiscountKes", s."SuedeLines", s."TotalPairs", s."Id1", s."AccessFailedCount", s."Address", s."ConcurrencyStamp", s."CreatedAt0", s."CustomerReference", s."Email", s."EmailConfirmed", s."FullName", s."IsActive", s."LockoutEnabled", s."LockoutEnd", s."NormalizedEmail", s."NormalizedUserName", s."PasswordHash", s."PhoneNumber", s."PhoneNumberConfirmed", s."SecurityStamp", s."TwoFactorEnabled", s."UserName", s."Id2", s."Amount", s."BookingId0", s."CreatedAt1", s."MpesaCheckoutRequestId", s."MpesaMerchantRequestId", s."MpesaReceipt", s."PayerPhoneNumber", s."PaymentReference", s."Status1", s0."Id", s0."AssignedAt", s0."AssignmentReference", s0."AssignmentType", s0."CompletedAt", s0."Notes", s0."OrderId", s0."RiderId", s0."Status", s0."Id0", s0."AccessFailedCount", s0."Address", s0."ConcurrencyStamp", s0."CreatedAt", s0."CustomerReference", s0."Email", s0."EmailConfirmed", s0."FullName", s0."IsActive", s0."LockoutEnabled", s0."LockoutEnd", s0."NormalizedEmail", s0."NormalizedUserName", s0."PasswordHash", s0."PhoneNumber", s0."PhoneNumberConfirmed", s0."SecurityStamp", s0."TwoFactorEnabled", s0."UserName"
FROM (
    SELECT o."Id", o."AgentId", o."BookingId", o."CleaningCompletedAt", o."CleaningStartedAt", o."CustomerId", o."DeliveredAt", o."DeliveryOtp", o."DeliveryOtpExpiresAt", o."DeliveryOtpVerifiedAt", o."OrderReference", o."PickedUpAt", o."PickupOtp", o."PickupOtpExpiresAt", o."PickupOtpVerifiedAt", o."Status", b."Id" AS "Id0", b."AddOns", b."BookingReference", b."BundleDiscountPercent", b."CreatedAt", b."CustomerId" AS "CustomerId0", b."DiscountAmountKes", b."NubuckLines", b."OfficialLeatherLines", b."PickupAddress", b."PickupLatitude", b."PickupLocationUrl", b."PickupLongitude", b."PriceKes", b."SneakersLines", b."Status" AS "Status0", b."SubtotalBeforeDiscountKes", b."SuedeLines", b."TotalPairs", f."Id" AS "Id1", f."AccessFailedCount", f."Address", f."ConcurrencyStamp", f."CreatedAt" AS "CreatedAt0", f."CustomerReference", f."Email", f."EmailConfirmed", f."FullName", f."IsActive", f."LockoutEnabled", f."LockoutEnd", f."NormalizedEmail", f."NormalizedUserName", f."PasswordHash", f."PhoneNumber", f."PhoneNumberConfirmed", f."SecurityStamp", f."TwoFactorEnabled", f."UserName", p."Id" AS "Id2", p."Amount", p."BookingId" AS "BookingId0", p."CreatedAt" AS "CreatedAt1", p."MpesaCheckoutRequestId", p."MpesaMerchantRequestId", p."MpesaReceipt", p."PayerPhoneNumber", p."PaymentReference", p."Status" AS "Status1"
    FROM "Orders" AS o
    INNER JOIN "Bookings" AS b ON o."BookingId" = b."Id"
    INNER JOIN "FreshwalkUsers" AS f ON b."CustomerId" = f."Id"
    LEFT JOIN "Payments" AS p ON b."Id" = p."BookingId"
    WHERE o."Id" = @__id_0
    LIMIT 1
) AS s
LEFT JOIN (
    SELECT o0."Id", o0."AssignedAt", o0."AssignmentReference", o0."AssignmentType", o0."CompletedAt", o0."Notes", o0."OrderId", o0."RiderId", o0."Status", f0."Id" AS "Id0", f0."AccessFailedCount", f0."Address", f0."ConcurrencyStamp", f0."CreatedAt", f0."CustomerReference", f0."Email", f0."EmailConfirmed", f0."FullName", f0."IsActive", f0."LockoutEnabled", f0."LockoutEnd", f0."NormalizedEmail", f0."NormalizedUserName", f0."PasswordHash", f0."PhoneNumber", f0."PhoneNumberConfirmed", f0."SecurityStamp", f0."TwoFactorEnabled", f0."UserName"
    FROM "OrderRiderAssignments" AS o0
    INNER JOIN "FreshwalkUsers" AS f0 ON o0."RiderId" = f0."Id"
) AS s0 ON s."Id" = s0."OrderId"
ORDER BY s."Id", s."Id0", s."Id1", s."Id2", s0."Id"
2026-03-29 13:18:39.240 +03:00 [INF] Executed DbCommand (220ms) [Parameters=[@__p_0='?' (DbType = Guid)], CommandType='"Text"', CommandTimeout='30']
SELECT f."Id", f."AccessFailedCount", f."Address", f."ConcurrencyStamp", f."CreatedAt", f."CustomerReference", f."Email", f."EmailConfirmed", f."FullName", f."IsActive", f."LockoutEnabled", f."LockoutEnd", f."NormalizedEmail", f."NormalizedUserName", f."PasswordHash", f."PhoneNumber", f."PhoneNumberConfirmed", f."SecurityStamp", f."TwoFactorEnabled", f."UserName"
FROM "FreshwalkUsers" AS f
WHERE f."Id" = @__p_0
LIMIT 1
2026-03-29 13:18:39.247 +03:00 [ERR] HTTP GET /api/orders/21381961-9ec7-45ff-887a-288a0e1ea182 responded 500 in 422.3285 ms
System.Text.Json.JsonException: A possible object cycle was detected. This can either be due to a cycle or if the object depth is larger than the maximum allowed depth of 32. Consider using ReferenceHandler.Preserve on JsonSerializerOptions to support cycles. Path: $.Booking.Customer.Bookings.Customer.Bookings.Customer.Bookings.Customer.Bookings.Customer.Bookings.Customer.Bookings.Customer.Bookings.Customer.Bookings.Customer.Bookings.Customer.Bookings.Id.
   at System.Text.Json.ThrowHelper.ThrowJsonException_SerializerCycleDetected(Int32 maxDepth)
   at System.Text.Json.Serialization.Metadata.JsonPropertyInfo`1.GetMemberAndWriteJson(Object obj, WriteStack& state, Utf8JsonWriter writer)
   at System.Text.Json.Serialization.Converters.ObjectDefaultConverter`1.OnTryWrite(Utf8JsonWriter writer, T value, JsonSerializerOptions options, WriteStack& state)
   at System.Text.Json.Serialization.Converters.IEnumerableDefaultConverter`2.OnWriteResume(Utf8JsonWriter writer, TCollection value, JsonSerializerOptions options, WriteStack& state)
   at System.Text.Json.Serialization.JsonCollectionConverter`2.OnTryWrite(Utf8JsonWriter writer, TCollection value, JsonSerializerOptions options, WriteStack& state)
   at System.Text.Json.Serialization.Metadata.JsonPropertyInfo`1.GetMemberAndWriteJson(Object obj, WriteStack& state, Utf8JsonWriter writer)
   at System.Text.Json.Serialization.Converters.ObjectDefaultConverter`1.OnTryWrite(Utf8JsonWriter writer, T value, JsonSerializerOptions options, WriteStack& state)
   at System.Text.Json.Serialization.Metadata.JsonPropertyInfo`1.GetMemberAndWriteJson(Object obj, WriteStack& state, Utf8JsonWriter writer)
   at System.Text.Json.Serialization.Converters.ObjectDefaultConverter`1.OnTryWrite(Utf8JsonWriter writer, T value, JsonSerializerOptions options, WriteStack& state)
   at System.Text.Json.Serialization.Converters.IEnumerableDefaultConverter`2.OnWriteResume(Utf8JsonWriter writer, TCollection value, JsonSerializerOptions options, WriteStack& state)
   at System.Text.Json.Serialization.JsonCollectionConverter`2.OnTryWrite(Utf8JsonWriter writer, TCollection value, JsonSerializerOptions options, WriteStack& state)
   at System.Text.Json.Serialization.Metadata.JsonPropertyInfo`1.GetMemberAndWriteJson(Object obj, WriteStack& state, Utf8JsonWriter writer)
   at System.Text.Json.Serialization.Converters.ObjectDefaultConverter`1.OnTryWrite(Utf8JsonWriter writer, T value, JsonSerializerOptions options, WriteStack& state)
   at System.Text.Json.Serialization.Metadata.JsonPropertyInfo`1.GetMemberAndWriteJson(Object obj, WriteStack& state, Utf8JsonWriter writer)
   at System.Text.Json.Serialization.Converters.ObjectDefaultConverter`1.OnTryWrite(Utf8JsonWriter writer, T value, JsonSerializerOptions options, WriteStack& state)
   at System.Text.Json.Serialization.Converters.IEnumerableDefaultConverter`2.OnWriteResume(Utf8JsonWriter writer, TCollection value, JsonSerializerOptions options, WriteStack& state)
   at System.Text.Json.Serialization.JsonCollectionConverter`2.OnTryWrite(Utf8JsonWriter writer, TCollection value, JsonSerializerOptions options, WriteStack& state)
   at System.Text.Json.Serialization.Metadata.JsonPropertyInfo`1.GetMemberAndWriteJson(Object obj, WriteStack& state, Utf8JsonWriter writer)
   at System.Text.Json.Serialization.Converters.ObjectDefaultConverter`1.OnTryWrite(Utf8JsonWriter writer, T value, JsonSerializerOptions options, WriteStack& state)
   at System.Text.Json.Serialization.Metadata.JsonPropertyInfo`1.GetMemberAndWriteJson(Object obj, WriteStack& state, Utf8JsonWriter writer)
   at System.Text.Json.Serialization.Converters.ObjectDefaultConverter`1.OnTryWrite(Utf8JsonWriter writer, T value, JsonSerializerOptions options, WriteStack& state)
   at System.Text.Json.Serialization.Converters.IEnumerableDefaultConverter`2.OnWriteResume(Utf8JsonWriter writer, TCollection value, JsonSerializerOptions options, WriteStack& state)
   at System.Text.Json.Serialization.JsonCollectionConverter`2.OnTryWrite(Utf8JsonWriter writer, TCollection value, JsonSerializerOptions options, WriteStack& state)
   at System.Text.Json.Serialization.Metadata.JsonPropertyInfo`1.GetMemberAndWriteJson(Object obj, WriteStack& state, Utf8JsonWriter writer)
   at System.Text.Json.Serialization.Converters.ObjectDefaultConverter`1.OnTryWrite(Utf8JsonWriter writer, T value, JsonSerializerOptions options, WriteStack& state)
   at System.Text.Json.Serialization.Metadata.JsonPropertyInfo`1.GetMemberAndWriteJson(Object obj, WriteStack& state, Utf8JsonWriter writer)
   at System.Text.Json.Serialization.Converters.ObjectDefaultConverter`1.OnTryWrite(Utf8JsonWriter writer, T value, JsonSerializerOptions options, WriteStack& state)
   at System.Text.Json.Serialization.Converters.IEnumerableDefaultConverter`2.OnWriteResume(Utf8JsonWriter writer, TCollection value, JsonSerializerOptions options, WriteStack& state)
   at System.Text.Json.Serialization.JsonCollectionConverter`2.OnTryWrite(Utf8JsonWriter writer, TCollection value, JsonSerializerOptions options, WriteStack& state)
   at System.Text.Json.Serialization.Metadata.JsonPropertyInfo`1.GetMemberAndWriteJson(Object obj, WriteStack& state, Utf8JsonWriter writer)
   at System.Text.Json.Serialization.Converters.ObjectDefaultConverter`1.OnTryWrite(Utf8JsonWriter writer, T value, JsonSerializerOptions options, WriteStack& state)
   at System.Text.Json.Serialization.Metadata.JsonPropertyInfo`1.GetMemberAndWriteJson(Object obj, WriteStack& state, Utf8JsonWriter writer)
   at System.Text.Json.Serialization.Converters.ObjectDefaultConverter`1.OnTryWrite(Utf8JsonWriter writer, T value, JsonSerializerOptions options, WriteStack& state)
   at System.Text.Json.Serialization.Converters.IEnumerableDefaultConverter`2.OnWriteResume(Utf8JsonWriter writer, TCollection value, JsonSerializerOptions options, WriteStack& state)
   at System.Text.Json.Serialization.JsonCollectionConverter`2.OnTryWrite(Utf8JsonWriter writer, TCollection value, JsonSerializerOptions options, WriteStack& state)
   at System.Text.Json.Serialization.Metadata.JsonPropertyInfo`1.GetMemberAndWriteJson(Object obj, WriteStack& state, Utf8JsonWriter writer)
   at System.Text.Json.Serialization.Converters.ObjectDefaultConverter`1.OnTryWrite(Utf8JsonWriter writer, T value, JsonSerializerOptions options, WriteStack& state)
   at System.Text.Json.Serialization.Metadata.JsonPropertyInfo`1.GetMemberAndWriteJson(Object obj, WriteStack& state, Utf8JsonWriter writer)
   at System.Text.Json.Serialization.Converters.ObjectDefaultConverter`1.OnTryWrite(Utf8JsonWriter writer, T value, JsonSerializerOptions options, WriteStack& state)
   at System.Text.Json.Serialization.Converters.IEnumerableDefaultConverter`2.OnWriteResume(Utf8JsonWriter writer, TCollection value, JsonSerializerOptions options, WriteStack& state)
   at System.Text.Json.Serialization.JsonCollectionConverter`2.OnTryWrite(Utf8JsonWriter writer, TCollection value, JsonSerializerOptions options, WriteStack& state)
   at System.Text.Json.Serialization.Metadata.JsonPropertyInfo`1.GetMemberAndWriteJson(Object obj, WriteStack& state, Utf8JsonWriter writer)
   at System.Text.Json.Serialization.Converters.ObjectDefaultConverter`1.OnTryWrite(Utf8JsonWriter writer, T value, JsonSerializerOptions options, WriteStack& state)
   at System.Text.Json.Serialization.Metadata.JsonPropertyInfo`1.GetMemberAndWriteJson(Object obj, WriteStack& state, Utf8JsonWriter writer)
   at System.Text.Json.Serialization.Converters.ObjectDefaultConverter`1.OnTryWrite(Utf8JsonWriter writer, T value, JsonSerializerOptions options, WriteStack& state)
   at System.Text.Json.Serialization.Converters.IEnumerableDefaultConverter`2.OnWriteResume(Utf8JsonWriter writer, TCollection value, JsonSerializerOptions options, WriteStack& state)
   at System.Text.Json.Serialization.JsonCollectionConverter`2.OnTryWrite(Utf8JsonWriter writer, TCollection value, JsonSerializerOptions options, WriteStack& state)
   at System.Text.Json.Serialization.Metadata.JsonPropertyInfo`1.GetMemberAndWriteJson(Object obj, WriteStack& state, Utf8JsonWriter writer)
   at System.Text.Json.Serialization.Converters.ObjectDefaultConverter`1.OnTryWrite(Utf8JsonWriter writer, T value, JsonSerializerOptions options, WriteStack& state)
   at System.Text.Json.Serialization.Metadata.JsonPropertyInfo`1.GetMemberAndWriteJson(Object obj, WriteStack& state, Utf8JsonWriter writer)
   at System.Text.Json.Serialization.Converters.ObjectDefaultConverter`1.OnTryWrite(Utf8JsonWriter writer, T value, JsonSerializerOptions options, WriteStack& state)
   at System.Text.Json.Serialization.Converters.IEnumerableDefaultConverter`2.OnWriteResume(Utf8JsonWriter writer, TCollection value, JsonSerializerOptions options, WriteStack& state)
   at System.Text.Json.Serialization.JsonCollectionConverter`2.OnTryWrite(Utf8JsonWriter writer, TCollection value, JsonSerializerOptions options, WriteStack& state)
   at System.Text.Json.Serialization.Metadata.JsonPropertyInfo`1.GetMemberAndWriteJson(Object obj, WriteStack& state, Utf8JsonWriter writer)
   at System.Text.Json.Serialization.Converters.ObjectDefaultConverter`1.OnTryWrite(Utf8JsonWriter writer, T value, JsonSerializerOptions options, WriteStack& state)
   at System.Text.Json.Serialization.Metadata.JsonPropertyInfo`1.GetMemberAndWriteJson(Object obj, WriteStack& state, Utf8JsonWriter writer)
   at System.Text.Json.Serialization.Converters.ObjectDefaultConverter`1.OnTryWrite(Utf8JsonWriter writer, T value, JsonSerializerOptions options, WriteStack& state)
   at System.Text.Json.Serialization.Converters.IEnumerableDefaultConverter`2.OnWriteResume(Utf8JsonWriter writer, TCollection value, JsonSerializerOptions options, WriteStack& state)
   at System.Text.Json.Serialization.JsonCollectionConverter`2.OnTryWrite(Utf8JsonWriter writer, TCollection value, JsonSerializerOptions options, WriteStack& state)
   at System.Text.Json.Serialization.Metadata.JsonPropertyInfo`1.GetMemberAndWriteJson(Object obj, WriteStack& state, Utf8JsonWriter writer)
   at System.Text.Json.Serialization.Converters.ObjectDefaultConverter`1.OnTryWrite(Utf8JsonWriter writer, T value, JsonSerializerOptions options, WriteStack& state)
   at System.Text.Json.Serialization.Metadata.JsonPropertyInfo`1.GetMemberAndWriteJson(Object obj, WriteStack& state, Utf8JsonWriter writer)
   at System.Text.Json.Serialization.Converters.ObjectDefaultConverter`1.OnTryWrite(Utf8JsonWriter writer, T value, JsonSerializerOptions options, WriteStack& state)
   at System.Text.Json.Serialization.Metadata.JsonPropertyInfo`1.GetMemberAndWriteJson(Object obj, WriteStack& state, Utf8JsonWriter writer)
   at System.Text.Json.Serialization.Converters.ObjectDefaultConverter`1.OnTryWrite(Utf8JsonWriter writer, T value, JsonSerializerOptions options, WriteStack& state)
   at System.Text.Json.Serialization.JsonConverter`1.WriteCore(Utf8JsonWriter writer, T& value, JsonSerializerOptions options, WriteStack& state)
   at System.Text.Json.Serialization.Metadata.JsonTypeInfo`1.SerializeAsync(PipeWriter pipeWriter, T rootValue, Int32 flushThreshold, CancellationToken cancellationToken, Object rootValueBoxed)
   at System.Text.Json.Serialization.Metadata.JsonTypeInfo`1.SerializeAsync(PipeWriter pipeWriter, T rootValue, Int32 flushThreshold, CancellationToken cancellationToken, Object rootValueBoxed)
   at System.Text.Json.Serialization.Metadata.JsonTypeInfo`1.SerializeAsync(PipeWriter pipeWriter, T rootValue, Int32 flushThreshold, CancellationToken cancellationToken, Object rootValueBoxed)
   at Microsoft.AspNetCore.Mvc.Formatters.SystemTextJsonOutputFormatter.WriteResponseBodyAsync(OutputFormatterWriteContext context, Encoding selectedEncoding)
   at Microsoft.AspNetCore.Mvc.Infrastructure.ResourceInvoker.<InvokeNextResultFilterAsync>g__Awaited|30_0[TFilter,TFilterAsync](ResourceInvoker invoker, Task lastTask, State next, Scope scope, Object state, Boolean isCompleted)
   at Microsoft.AspNetCore.Mvc.Infrastructure.ResourceInvoker.Rethrow(ResultExecutedContextSealed context)
   at Microsoft.AspNetCore.Mvc.Infrastructure.ResourceInvoker.ResultNext[TFilter,TFilterAsync](State& next, Scope& scope, Object& state, Boolean& isCompleted)
   at Microsoft.AspNetCore.Mvc.Infrastructure.ResourceInvoker.InvokeResultFilters()
--- End of stack trace from previous location ---
   at Microsoft.AspNetCore.Mvc.Infrastructure.ResourceInvoker.<InvokeFilterPipelineAsync>g__Awaited|20_0(ResourceInvoker invoker, Task lastTask, State next, Scope scope, Object state, Boolean isCompleted)
   at Microsoft.AspNetCore.Mvc.Infrastructure.ResourceInvoker.<InvokeAsync>g__Awaited|17_0(ResourceInvoker invoker, Task task, IDisposable scope)
   at Microsoft.AspNetCore.Mvc.Infrastructure.ResourceInvoker.<InvokeAsync>g__Awaited|17_0(ResourceInvoker invoker, Task task, IDisposable scope)
   at Freshwalk.API.Logging.AuditRequestLoggingMiddleware.InvokeAsync(HttpContext context, RequestDelegate next) in D:\Projects\Freshwalk Shoe Cleaning web app\API\Freshwalk.API\Logging\AuditRequestLoggingMiddleware.cs:line 63
   at Freshwalk.API.Logging.AuditRequestLoggingMiddleware.InvokeAsync(HttpContext context, RequestDelegate next) in D:\Projects\Freshwalk Shoe Cleaning web app\API\Freshwalk.API\Logging\AuditRequestLoggingMiddleware.cs:line 91
   at Freshwalk.API.Logging.AuditRequestLoggingMiddleware.InvokeAsync(HttpContext context, RequestDelegate next) in D:\Projects\Freshwalk Shoe Cleaning web app\API\Freshwalk.API\Logging\AuditRequestLoggingMiddleware.cs:line 91
   at Microsoft.AspNetCore.Builder.UseMiddlewareExtensions.InterfaceMiddlewareBinder.<>c__DisplayClass2_0.<<CreateMiddleware>b__0>d.MoveNext()
--- End of stack trace from previous location ---
   at Microsoft.AspNetCore.Authorization.AuthorizationMiddleware.Invoke(HttpContext context)
   at Microsoft.AspNetCore.Authentication.AuthenticationMiddleware.Invoke(HttpContext context)
   at Serilog.AspNetCore.RequestLoggingMiddleware.Invoke(HttpContext httpContext)
2026-03-29 13:18:39.298 +03:00 [ERR] An unhandled exception has occurred while executing the request.
System.Text.Json.JsonException: A possible object cycle was detected. This can either be due to a cycle or if the object depth is larger than the maximum allowed depth of 32. Consider using ReferenceHandler.Preserve on JsonSerializerOptions to support cycles. Path: $.Booking.Customer.Bookings.Customer.Bookings.Customer.Bookings.Customer.Bookings.Customer.Bookings.Customer.Bookings.Customer.Bookings.Customer.Bookings.Customer.Bookings.Customer.Bookings.Id.
   at System.Text.Json.ThrowHelper.ThrowJsonException_SerializerCycleDetected(Int32 maxDepth)
   at System.Text.Json.Serialization.Metadata.JsonPropertyInfo`1.GetMemberAndWriteJson(Object obj, WriteStack& state, Utf8JsonWriter writer)
   at System.Text.Json.Serialization.Converters.ObjectDefaultConverter`1.OnTryWrite(Utf8JsonWriter writer, T value, JsonSerializerOptions options, WriteStack& state)
   at System.Text.Json.Serialization.Converters.IEnumerableDefaultConverter`2.OnWriteResume(Utf8JsonWriter writer, TCollection value, JsonSerializerOptions options, WriteStack& state)
   at System.Text.Json.Serialization.JsonCollectionConverter`2.OnTryWrite(Utf8JsonWriter writer, TCollection value, JsonSerializerOptions options, WriteStack& state)
   at System.Text.Json.Serialization.Metadata.JsonPropertyInfo`1.GetMemberAndWriteJson(Object obj, WriteStack& state, Utf8JsonWriter writer)
   at System.Text.Json.Serialization.Converters.ObjectDefaultConverter`1.OnTryWrite(Utf8JsonWriter writer, T value, JsonSerializerOptions options, WriteStack& state)
   at System.Text.Json.Serialization.Metadata.JsonPropertyInfo`1.GetMemberAndWriteJson(Object obj, WriteStack& state, Utf8JsonWriter writer)
   at System.Text.Json.Serialization.Converters.ObjectDefaultConverter`1.OnTryWrite(Utf8JsonWriter writer, T value, JsonSerializerOptions options, WriteStack& state)
   at System.Text.Json.Serialization.Converters.IEnumerableDefaultConverter`2.OnWriteResume(Utf8JsonWriter writer, TCollection value, JsonSerializerOptions options, WriteStack& state)
   at System.Text.Json.Serialization.JsonCollectionConverter`2.OnTryWrite(Utf8JsonWriter writer, TCollection value, JsonSerializerOptions options, WriteStack& state)
   at System.Text.Json.Serialization.Metadata.JsonPropertyInfo`1.GetMemberAndWriteJson(Object obj, WriteStack& state, Utf8JsonWriter writer)
   at System.Text.Json.Serialization.Converters.ObjectDefaultConverter`1.OnTryWrite(Utf8JsonWriter writer, T value, JsonSerializerOptions options, WriteStack& state)
   at System.Text.Json.Serialization.Metadata.JsonPropertyInfo`1.GetMemberAndWriteJson(Object obj, WriteStack& state, Utf8JsonWriter writer)
   at System.Text.Json.Serialization.Converters.ObjectDefaultConverter`1.OnTryWrite(Utf8JsonWriter writer, T value, JsonSerializerOptions options, WriteStack& state)
   at System.Text.Json.Serialization.Converters.IEnumerableDefaultConverter`2.OnWriteResume(Utf8JsonWriter writer, TCollection value, JsonSerializerOptions options, WriteStack& state)
   at System.Text.Json.Serialization.JsonCollectionConverter`2.OnTryWrite(Utf8JsonWriter writer, TCollection value, JsonSerializerOptions options, WriteStack& state)
   at System.Text.Json.Serialization.Metadata.JsonPropertyInfo`1.GetMemberAndWriteJson(Object obj, WriteStack& state, Utf8JsonWriter writer)
   at System.Text.Json.Serialization.Converters.ObjectDefaultConverter`1.OnTryWrite(Utf8JsonWriter writer, T value, JsonSerializerOptions options, WriteStack& state)
   at System.Text.Json.Serialization.Metadata.JsonPropertyInfo`1.GetMemberAndWriteJson(Object obj, WriteStack& state, Utf8JsonWriter writer)
   at System.Text.Json.Serialization.Converters.ObjectDefaultConverter`1.OnTryWrite(Utf8JsonWriter writer, T value, JsonSerializerOptions options, WriteStack& state)
   at System.Text.Json.Serialization.Converters.IEnumerableDefaultConverter`2.OnWriteResume(Utf8JsonWriter writer, TCollection value, JsonSerializerOptions options, WriteStack& state)
   at System.Text.Json.Serialization.JsonCollectionConverter`2.OnTryWrite(Utf8JsonWriter writer, TCollection value, JsonSerializerOptions options, WriteStack& state)
   at System.Text.Json.Serialization.Metadata.JsonPropertyInfo`1.GetMemberAndWriteJson(Object obj, WriteStack& state, Utf8JsonWriter writer)
   at System.Text.Json.Serialization.Converters.ObjectDefaultConverter`1.OnTryWrite(Utf8JsonWriter writer, T value, JsonSerializerOptions options, WriteStack& state)
   at System.Text.Json.Serialization.Metadata.JsonPropertyInfo`1.GetMemberAndWriteJson(Object obj, WriteStack& state, Utf8JsonWriter writer)
   at System.Text.Json.Serialization.Converters.ObjectDefaultConverter`1.OnTryWrite(Utf8JsonWriter writer, T value, JsonSerializerOptions options, WriteStack& state)
   at System.Text.Json.Serialization.Converters.IEnumerableDefaultConverter`2.OnWriteResume(Utf8JsonWriter writer, TCollection value, JsonSerializerOptions options, WriteStack& state)
   at System.Text.Json.Serialization.JsonCollectionConverter`2.OnTryWrite(Utf8JsonWriter writer, TCollection value, JsonSerializerOptions options, WriteStack& state)
   at System.Text.Json.Serialization.Metadata.JsonPropertyInfo`1.GetMemberAndWriteJson(Object obj, WriteStack& state, Utf8JsonWriter writer)
   at System.Text.Json.Serialization.Converters.ObjectDefaultConverter`1.OnTryWrite(Utf8JsonWriter writer, T value, JsonSerializerOptions options, WriteStack& state)
   at System.Text.Json.Serialization.Metadata.JsonPropertyInfo`1.GetMemberAndWriteJson(Object obj, WriteStack& state, Utf8JsonWriter writer)
   at System.Text.Json.Serialization.Converters.ObjectDefaultConverter`1.OnTryWrite(Utf8JsonWriter writer, T value, JsonSerializerOptions options, WriteStack& state)
   at System.Text.Json.Serialization.Converters.IEnumerableDefaultConverter`2.OnWriteResume(Utf8JsonWriter writer, TCollection value, JsonSerializerOptions options, WriteStack& state)
   at System.Text.Json.Serialization.JsonCollectionConverter`2.OnTryWrite(Utf8JsonWriter writer, TCollection value, JsonSerializerOptions options, WriteStack& state)
   at System.Text.Json.Serialization.Metadata.JsonPropertyInfo`1.GetMemberAndWriteJson(Object obj, WriteStack& state, Utf8JsonWriter writer)
   at System.Text.Json.Serialization.Converters.ObjectDefaultConverter`1.OnTryWrite(Utf8JsonWriter writer, T value, JsonSerializerOptions options, WriteStack& state)
   at System.Text.Json.Serialization.Metadata.JsonPropertyInfo`1.GetMemberAndWriteJson(Object obj, WriteStack& state, Utf8JsonWriter writer)
   at System.Text.Json.Serialization.Converters.ObjectDefaultConverter`1.OnTryWrite(Utf8JsonWriter writer, T value, JsonSerializerOptions options, WriteStack& state)
   at System.Text.Json.Serialization.Converters.IEnumerableDefaultConverter`2.OnWriteResume(Utf8JsonWriter writer, TCollection value, JsonSerializerOptions options, WriteStack& state)
   at System.Text.Json.Serialization.JsonCollectionConverter`2.OnTryWrite(Utf8JsonWriter writer, TCollection value, JsonSerializerOptions options, WriteStack& state)
   at System.Text.Json.Serialization.Metadata.JsonPropertyInfo`1.GetMemberAndWriteJson(Object obj, WriteStack& state, Utf8JsonWriter writer)
   at System.Text.Json.Serialization.Converters.ObjectDefaultConverter`1.OnTryWrite(Utf8JsonWriter writer, T value, JsonSerializerOptions options, WriteStack& state)
   at System.Text.Json.Serialization.Metadata.JsonPropertyInfo`1.GetMemberAndWriteJson(Object obj, WriteStack& state, Utf8JsonWriter writer)
   at System.Text.Json.Serialization.Converters.ObjectDefaultConverter`1.OnTryWrite(Utf8JsonWriter writer, T value, JsonSerializerOptions options, WriteStack& state)
   at System.Text.Json.Serialization.Converters.IEnumerableDefaultConverter`2.OnWriteResume(Utf8JsonWriter writer, TCollection value, JsonSerializerOptions options, WriteStack& state)
   at System.Text.Json.Serialization.JsonCollectionConverter`2.OnTryWrite(Utf8JsonWriter writer, TCollection value, JsonSerializerOptions options, WriteStack& state)
   at System.Text.Json.Serialization.Metadata.JsonPropertyInfo`1.GetMemberAndWriteJson(Object obj, WriteStack& state, Utf8JsonWriter writer)
   at System.Text.Json.Serialization.Converters.ObjectDefaultConverter`1.OnTryWrite(Utf8JsonWriter writer, T value, JsonSerializerOptions options, WriteStack& state)
   at System.Text.Json.Serialization.Metadata.JsonPropertyInfo`1.GetMemberAndWriteJson(Object obj, WriteStack& state, Utf8JsonWriter writer)
   at System.Text.Json.Serialization.Converters.ObjectDefaultConverter`1.OnTryWrite(Utf8JsonWriter writer, T value, JsonSerializerOptions options, WriteStack& state)
   at System.Text.Json.Serialization.Converters.IEnumerableDefaultConverter`2.OnWriteResume(Utf8JsonWriter writer, TCollection value, JsonSerializerOptions options, WriteStack& state)
   at System.Text.Json.Serialization.JsonCollectionConverter`2.OnTryWrite(Utf8JsonWriter writer, TCollection value, JsonSerializerOptions options, WriteStack& state)
   at System.Text.Json.Serialization.Metadata.JsonPropertyInfo`1.GetMemberAndWriteJson(Object obj, WriteStack& state, Utf8JsonWriter writer)
   at System.Text.Json.Serialization.Converters.ObjectDefaultConverter`1.OnTryWrite(Utf8JsonWriter writer, T value, JsonSerializerOptions options, WriteStack& state)
   at System.Text.Json.Serialization.Metadata.JsonPropertyInfo`1.GetMemberAndWriteJson(Object obj, WriteStack& state, Utf8JsonWriter writer)
   at System.Text.Json.Serialization.Converters.ObjectDefaultConverter`1.OnTryWrite(Utf8JsonWriter writer, T value, JsonSerializerOptions options, WriteStack& state)
   at System.Text.Json.Serialization.Converters.IEnumerableDefaultConverter`2.OnWriteResume(Utf8JsonWriter writer, TCollection value, JsonSerializerOptions options, WriteStack& state)
   at System.Text.Json.Serialization.JsonCollectionConverter`2.OnTryWrite(Utf8JsonWriter writer, TCollection value, JsonSerializerOptions options, WriteStack& state)
   at System.Text.Json.Serialization.Metadata.JsonPropertyInfo`1.GetMemberAndWriteJson(Object obj, WriteStack& state, Utf8JsonWriter writer)
   at System.Text.Json.Serialization.Converters.ObjectDefaultConverter`1.OnTryWrite(Utf8JsonWriter writer, T value, JsonSerializerOptions options, WriteStack& state)
   at System.Text.Json.Serialization.Metadata.JsonPropertyInfo`1.GetMemberAndWriteJson(Object obj, WriteStack& state, Utf8JsonWriter writer)
   at System.Text.Json.Serialization.Converters.ObjectDefaultConverter`1.OnTryWrite(Utf8JsonWriter writer, T value, JsonSerializerOptions options, WriteStack& state)
   at System.Text.Json.Serialization.Metadata.JsonPropertyInfo`1.GetMemberAndWriteJson(Object obj, WriteStack& state, Utf8JsonWriter writer)
   at System.Text.Json.Serialization.Converters.ObjectDefaultConverter`1.OnTryWrite(Utf8JsonWriter writer, T value, JsonSerializerOptions options, WriteStack& state)
   at System.Text.Json.Serialization.JsonConverter`1.WriteCore(Utf8JsonWriter writer, T& value, JsonSerializerOptions options, WriteStack& state)
   at System.Text.Json.Serialization.Metadata.JsonTypeInfo`1.SerializeAsync(PipeWriter pipeWriter, T rootValue, Int32 flushThreshold, CancellationToken cancellationToken, Object rootValueBoxed)
   at System.Text.Json.Serialization.Metadata.JsonTypeInfo`1.SerializeAsync(PipeWriter pipeWriter, T rootValue, Int32 flushThreshold, CancellationToken cancellationToken, Object rootValueBoxed)
   at System.Text.Json.Serialization.Metadata.JsonTypeInfo`1.SerializeAsync(PipeWriter pipeWriter, T rootValue, Int32 flushThreshold, CancellationToken cancellationToken, Object rootValueBoxed)
   at Microsoft.AspNetCore.Mvc.Formatters.SystemTextJsonOutputFormatter.WriteResponseBodyAsync(OutputFormatterWriteContext context, Encoding selectedEncoding)
   at Microsoft.AspNetCore.Mvc.Infrastructure.ResourceInvoker.<InvokeNextResultFilterAsync>g__Awaited|30_0[TFilter,TFilterAsync](ResourceInvoker invoker, Task lastTask, State next, Scope scope, Object state, Boolean isCompleted)
   at Microsoft.AspNetCore.Mvc.Infrastructure.ResourceInvoker.Rethrow(ResultExecutedContextSealed context)
   at Microsoft.AspNetCore.Mvc.Infrastructure.ResourceInvoker.ResultNext[TFilter,TFilterAsync](State& next, Scope& scope, Object& state, Boolean& isCompleted)
   at Microsoft.AspNetCore.Mvc.Infrastructure.ResourceInvoker.InvokeResultFilters()
--- End of stack trace from previous location ---
   at Microsoft.AspNetCore.Mvc.Infrastructure.ResourceInvoker.<InvokeFilterPipelineAsync>g__Awaited|20_0(ResourceInvoker invoker, Task lastTask, State next, Scope scope, Object state, Boolean isCompleted)
   at Microsoft.AspNetCore.Mvc.Infrastructure.ResourceInvoker.<InvokeAsync>g__Awaited|17_0(ResourceInvoker invoker, Task task, IDisposable scope)
   at Microsoft.AspNetCore.Mvc.Infrastructure.ResourceInvoker.<InvokeAsync>g__Awaited|17_0(ResourceInvoker invoker, Task task, IDisposable scope)
   at Freshwalk.API.Logging.AuditRequestLoggingMiddleware.InvokeAsync(HttpContext context, RequestDelegate next) in D:\Projects\Freshwalk Shoe Cleaning web app\API\Freshwalk.API\Logging\AuditRequestLoggingMiddleware.cs:line 63
   at Freshwalk.API.Logging.AuditRequestLoggingMiddleware.InvokeAsync(HttpContext context, RequestDelegate next) in D:\Projects\Freshwalk Shoe Cleaning web app\API\Freshwalk.API\Logging\AuditRequestLoggingMiddleware.cs:line 91
   at Freshwalk.API.Logging.AuditRequestLoggingMiddleware.InvokeAsync(HttpContext context, RequestDelegate next) in D:\Projects\Freshwalk Shoe Cleaning web app\API\Freshwalk.API\Logging\AuditRequestLoggingMiddleware.cs:line 91
   at Microsoft.AspNetCore.Builder.UseMiddlewareExtensions.InterfaceMiddlewareBinder.<>c__DisplayClass2_0.<<CreateMiddleware>b__0>d.MoveNext()
--- End of stack trace from previous location ---
   at Microsoft.AspNetCore.Authorization.AuthorizationMiddleware.Invoke(HttpContext context)
   at Microsoft.AspNetCore.Authentication.AuthenticationMiddleware.Invoke(HttpContext context)
   at Serilog.AspNetCore.RequestLoggingMiddleware.Invoke(HttpContext httpContext)
   at Swashbuckle.AspNetCore.SwaggerUI.SwaggerUIMiddleware.Invoke(HttpContext httpContext)
   at Swashbuckle.AspNetCore.Swagger.SwaggerMiddleware.Invoke(HttpContext httpContext, ISwaggerProvider swaggerProvider)
   at Microsoft.AspNetCore.Diagnostics.DeveloperExceptionPageMiddlewareImpl.Invoke(HttpContext context)
2026-03-29 13:18:39.355 +03:00 [INF] HTTP OPTIONS /api/agent/bookings/fe84829a-033b-48e4-90ec-be701ca528ca responded 204 in 0.0311 ms
2026-03-29 13:18:39.355 +03:00 [INF] HTTP OPTIONS /api/agent/riders responded 204 in 0.0227 ms
2026-03-29 13:18:39.525 +03:00 [INF] Executed DbCommand (165ms) [Parameters=[@__id_0='?' (DbType = Guid)], CommandType='"Text"', CommandTimeout='30']
SELECT s."Id", s."AddOns", s."BookingReference", s."BundleDiscountPercent", s."CreatedAt", s."CustomerId", s."DiscountAmountKes", s."NubuckLines", s."OfficialLeatherLines", s."PickupAddress", s."PickupLatitude", s."PickupLocationUrl", s."PickupLongitude", s."PriceKes", s."SneakersLines", s."Status", s."SubtotalBeforeDiscountKes", s."SuedeLines", s."TotalPairs", s."Id0", s."AccessFailedCount", s."Address", s."ConcurrencyStamp", s."CreatedAt0", s."CustomerReference", s."Email", s."EmailConfirmed", s."FullName", s."IsActive", s."LockoutEnabled", s."LockoutEnd", s."NormalizedEmail", s."NormalizedUserName", s."PasswordHash", s."PhoneNumber", s."PhoneNumberConfirmed", s."SecurityStamp", s."TwoFactorEnabled", s."UserName", s."Id1", s."Amount", s."BookingId", s."CreatedAt1", s."MpesaCheckoutRequestId", s."MpesaMerchantRequestId", s."MpesaReceipt", s."PayerPhoneNumber", s."PaymentReference", s."Status0", s."Id2", s."AgentId", s."BookingId0", s."CleaningCompletedAt", s."CleaningStartedAt", s."CustomerId0", s."DeliveredAt", s."DeliveryOtp", s."DeliveryOtpExpiresAt", s."DeliveryOtpVerifiedAt", s."OrderReference", s."PickedUpAt", s."PickupOtp", s."PickupOtpExpiresAt", s."PickupOtpVerifiedAt", s."Status1", s0."Id", s0."AssignedAt", s0."AssignmentReference", s0."AssignmentType", s0."CompletedAt", s0."Notes", s0."OrderId", s0."RiderId", s0."Status", s0."Id0", s0."AccessFailedCount", s0."Address", s0."ConcurrencyStamp", s0."CreatedAt", s0."CustomerReference", s0."Email", s0."EmailConfirmed", s0."FullName", s0."IsActive", s0."LockoutEnabled", s0."LockoutEnd", s0."NormalizedEmail", s0."NormalizedUserName", s0."PasswordHash", s0."PhoneNumber", s0."PhoneNumberConfirmed", s0."SecurityStamp", s0."TwoFactorEnabled", s0."UserName"
FROM (
    SELECT b."Id", b."AddOns", b."BookingReference", b."BundleDiscountPercent", b."CreatedAt", b."CustomerId", b."DiscountAmountKes", b."NubuckLines", b."OfficialLeatherLines", b."PickupAddress", b."PickupLatitude", b."PickupLocationUrl", b."PickupLongitude", b."PriceKes", b."SneakersLines", b."Status", b."SubtotalBeforeDiscountKes", b."SuedeLines", b."TotalPairs", f."Id" AS "Id0", f."AccessFailedCount", f."Address", f."ConcurrencyStamp", f."CreatedAt" AS "CreatedAt0", f."CustomerReference", f."Email", f."EmailConfirmed", f."FullName", f."IsActive", f."LockoutEnabled", f."LockoutEnd", f."NormalizedEmail", f."NormalizedUserName", f."PasswordHash", f."PhoneNumber", f."PhoneNumberConfirmed", f."SecurityStamp", f."TwoFactorEnabled", f."UserName", p."Id" AS "Id1", p."Amount", p."BookingId", p."CreatedAt" AS "CreatedAt1", p."MpesaCheckoutRequestId", p."MpesaMerchantRequestId", p."MpesaReceipt", p."PayerPhoneNumber", p."PaymentReference", p."Status" AS "Status0", o."Id" AS "Id2", o."AgentId", o."BookingId" AS "BookingId0", o."CleaningCompletedAt", o."CleaningStartedAt", o."CustomerId" AS "CustomerId0", o."DeliveredAt", o."DeliveryOtp", o."DeliveryOtpExpiresAt", o."DeliveryOtpVerifiedAt", o."OrderReference", o."PickedUpAt", o."PickupOtp", o."PickupOtpExpiresAt", o."PickupOtpVerifiedAt", o."Status" AS "Status1"
    FROM "Bookings" AS b
    INNER JOIN "FreshwalkUsers" AS f ON b."CustomerId" = f."Id"
    LEFT JOIN "Payments" AS p ON b."Id" = p."BookingId"
    LEFT JOIN "Orders" AS o ON b."Id" = o."BookingId"
    WHERE b."Id" = @__id_0
    LIMIT 1
) AS s
LEFT JOIN (
    SELECT o0."Id", o0."AssignedAt", o0."AssignmentReference", o0."AssignmentType", o0."CompletedAt", o0."Notes", o0."OrderId", o0."RiderId", o0."Status", f0."Id" AS "Id0", f0."AccessFailedCount", f0."Address", f0."ConcurrencyStamp", f0."CreatedAt", f0."CustomerReference", f0."Email", f0."EmailConfirmed", f0."FullName", f0."IsActive", f0."LockoutEnabled", f0."LockoutEnd", f0."NormalizedEmail", f0."NormalizedUserName", f0."PasswordHash", f0."PhoneNumber", f0."PhoneNumberConfirmed", f0."SecurityStamp", f0."TwoFactorEnabled", f0."UserName"
    FROM "OrderRiderAssignments" AS o0
    INNER JOIN "FreshwalkUsers" AS f0 ON o0."RiderId" = f0."Id"
) AS s0 ON s."Id2" = s0."OrderId"
ORDER BY s."Id", s."Id0", s."Id1", s."Id2", s0."Id"
2026-03-29 13:18:39.585 +03:00 [INF] Executed DbCommand (224ms) [Parameters=[@__normalizedRoleName_0='?'], CommandType='"Text"', CommandTimeout='30']
SELECT f."Id", f."ConcurrencyStamp", f."Name", f."NormalizedName"
FROM "FreshwalkRoles" AS f
WHERE f."NormalizedName" = @__normalizedRoleName_0
LIMIT 2
2026-03-29 13:18:39.696 +03:00 [INF] Executed DbCommand (160ms) [Parameters=[@__p_0='?' (DbType = Guid)], CommandType='"Text"', CommandTimeout='30']
SELECT f."Id", f."AccessFailedCount", f."Address", f."ConcurrencyStamp", f."CreatedAt", f."CustomerReference", f."Email", f."EmailConfirmed", f."FullName", f."IsActive", f."LockoutEnabled", f."LockoutEnd", f."NormalizedEmail", f."NormalizedUserName", f."PasswordHash", f."PhoneNumber", f."PhoneNumberConfirmed", f."SecurityStamp", f."TwoFactorEnabled", f."UserName"
FROM "FreshwalkUsers" AS f
WHERE f."Id" = @__p_0
LIMIT 1
2026-03-29 13:18:39.699 +03:00 [INF] HTTP GET /api/agent/bookings/fe84829a-033b-48e4-90ec-be701ca528ca responded 200 in 340.2820 ms
2026-03-29 13:18:39.991 +03:00 [INF] Executed DbCommand (398ms) [Parameters=[@__role_Id_0='?' (DbType = Guid)], CommandType='"Text"', CommandTimeout='30']
SELECT f0."Id", f0."AccessFailedCount", f0."Address", f0."ConcurrencyStamp", f0."CreatedAt", f0."CustomerReference", f0."Email", f0."EmailConfirmed", f0."FullName", f0."IsActive", f0."LockoutEnabled", f0."LockoutEnd", f0."NormalizedEmail", f0."NormalizedUserName", f0."PasswordHash", f0."PhoneNumber", f0."PhoneNumberConfirmed", f0."SecurityStamp", f0."TwoFactorEnabled", f0."UserName"
FROM "FreshwalkUserRoles" AS f
INNER JOIN "FreshwalkUsers" AS f0 ON f."UserId" = f0."Id"
WHERE f."RoleId" = @__role_Id_0
2026-03-29 13:18:40.365 +03:00 [INF] Executed DbCommand (369ms) [Parameters=[], CommandType='"Text"', CommandTimeout='30']
SELECT r."Id", r."BikeRegistration", r."IsAvailable", r."UserId"
FROM "RiderProfiles" AS r
2026-03-29 13:18:40.609 +03:00 [INF] Executed DbCommand (240ms) [Parameters=[@__p_0='?' (DbType = Guid)], CommandType='"Text"', CommandTimeout='30']
SELECT f."Id", f."AccessFailedCount", f."Address", f."ConcurrencyStamp", f."CreatedAt", f."CustomerReference", f."Email", f."EmailConfirmed", f."FullName", f."IsActive", f."LockoutEnabled", f."LockoutEnd", f."NormalizedEmail", f."NormalizedUserName", f."PasswordHash", f."PhoneNumber", f."PhoneNumberConfirmed", f."SecurityStamp", f."TwoFactorEnabled", f."UserName"
FROM "FreshwalkUsers" AS f
WHERE f."Id" = @__p_0
LIMIT 1
2026-03-29 13:18:40.631 +03:00 [INF] HTTP GET /api/agent/riders responded 200 in 1269.9435 ms
2026-03-29 13:18:40.855 +03:00 [INF] Executed DbCommand (217ms) [Parameters=[@__id_0='?' (DbType = Guid)], CommandType='"Text"', CommandTimeout='30']
SELECT s."Id", s."AgentId", s."BookingId", s."CleaningCompletedAt", s."CleaningStartedAt", s."CustomerId", s."DeliveredAt", s."DeliveryOtp", s."DeliveryOtpExpiresAt", s."DeliveryOtpVerifiedAt", s."OrderReference", s."PickedUpAt", s."PickupOtp", s."PickupOtpExpiresAt", s."PickupOtpVerifiedAt", s."Status", s."Id0", s."AddOns", s."BookingReference", s."BundleDiscountPercent", s."CreatedAt", s."CustomerId0", s."DiscountAmountKes", s."NubuckLines", s."OfficialLeatherLines", s."PickupAddress", s."PickupLatitude", s."PickupLocationUrl", s."PickupLongitude", s."PriceKes", s."SneakersLines", s."Status0", s."SubtotalBeforeDiscountKes", s."SuedeLines", s."TotalPairs", s."Id1", s."AccessFailedCount", s."Address", s."ConcurrencyStamp", s."CreatedAt0", s."CustomerReference", s."Email", s."EmailConfirmed", s."FullName", s."IsActive", s."LockoutEnabled", s."LockoutEnd", s."NormalizedEmail", s."NormalizedUserName", s."PasswordHash", s."PhoneNumber", s."PhoneNumberConfirmed", s."SecurityStamp", s."TwoFactorEnabled", s."UserName", s."Id2", s."Amount", s."BookingId0", s."CreatedAt1", s."MpesaCheckoutRequestId", s."MpesaMerchantRequestId", s."MpesaReceipt", s."PayerPhoneNumber", s."PaymentReference", s."Status1", s0."Id", s0."AssignedAt", s0."AssignmentReference", s0."AssignmentType", s0."CompletedAt", s0."Notes", s0."OrderId", s0."RiderId", s0."Status", s0."Id0", s0."AccessFailedCount", s0."Address", s0."ConcurrencyStamp", s0."CreatedAt", s0."CustomerReference", s0."Email", s0."EmailConfirmed", s0."FullName", s0."IsActive", s0."LockoutEnabled", s0."LockoutEnd", s0."NormalizedEmail", s0."NormalizedUserName", s0."PasswordHash", s0."PhoneNumber", s0."PhoneNumberConfirmed", s0."SecurityStamp", s0."TwoFactorEnabled", s0."UserName"
FROM (
    SELECT o."Id", o."AgentId", o."BookingId", o."CleaningCompletedAt", o."CleaningStartedAt", o."CustomerId", o."DeliveredAt", o."DeliveryOtp", o."DeliveryOtpExpiresAt", o."DeliveryOtpVerifiedAt", o."OrderReference", o."PickedUpAt", o."PickupOtp", o."PickupOtpExpiresAt", o."PickupOtpVerifiedAt", o."Status", b."Id" AS "Id0", b."AddOns", b."BookingReference", b."BundleDiscountPercent", b."CreatedAt", b."CustomerId" AS "CustomerId0", b."DiscountAmountKes", b."NubuckLines", b."OfficialLeatherLines", b."PickupAddress", b."PickupLatitude", b."PickupLocationUrl", b."PickupLongitude", b."PriceKes", b."SneakersLines", b."Status" AS "Status0", b."SubtotalBeforeDiscountKes", b."SuedeLines", b."TotalPairs", f."Id" AS "Id1", f."AccessFailedCount", f."Address", f."ConcurrencyStamp", f."CreatedAt" AS "CreatedAt0", f."CustomerReference", f."Email", f."EmailConfirmed", f."FullName", f."IsActive", f."LockoutEnabled", f."LockoutEnd", f."NormalizedEmail", f."NormalizedUserName", f."PasswordHash", f."PhoneNumber", f."PhoneNumberConfirmed", f."SecurityStamp", f."TwoFactorEnabled", f."UserName", p."Id" AS "Id2", p."Amount", p."BookingId" AS "BookingId0", p."CreatedAt" AS "CreatedAt1", p."MpesaCheckoutRequestId", p."MpesaMerchantRequestId", p."MpesaReceipt", p."PayerPhoneNumber", p."PaymentReference", p."Status" AS "Status1"
    FROM "Orders" AS o
    INNER JOIN "Bookings" AS b ON o."BookingId" = b."Id"
    INNER JOIN "FreshwalkUsers" AS f ON b."CustomerId" = f."Id"
    LEFT JOIN "Payments" AS p ON b."Id" = p."BookingId"
    WHERE o."Id" = @__id_0
    LIMIT 1
) AS s
LEFT JOIN (
    SELECT o0."Id", o0."AssignedAt", o0."AssignmentReference", o0."AssignmentType", o0."CompletedAt", o0."Notes", o0."OrderId", o0."RiderId", o0."Status", f0."Id" AS "Id0", f0."AccessFailedCount", f0."Address", f0."ConcurrencyStamp", f0."CreatedAt", f0."CustomerReference", f0."Email", f0."EmailConfirmed", f0."FullName", f0."IsActive", f0."LockoutEnabled", f0."LockoutEnd", f0."NormalizedEmail", f0."NormalizedUserName", f0."PasswordHash", f0."PhoneNumber", f0."PhoneNumberConfirmed", f0."SecurityStamp", f0."TwoFactorEnabled", f0."UserName"
    FROM "OrderRiderAssignments" AS o0
    INNER JOIN "FreshwalkUsers" AS f0 ON o0."RiderId" = f0."Id"
) AS s0 ON s."Id" = s0."OrderId"
ORDER BY s."Id", s."Id0", s."Id1", s."Id2", s0."Id"
2026-03-29 13:18:41.161 +03:00 [INF] Executed DbCommand (296ms) [Parameters=[@__p_0='?' (DbType = Guid)], CommandType='"Text"', CommandTimeout='30']
SELECT f."Id", f."AccessFailedCount", f."Address", f."ConcurrencyStamp", f."CreatedAt", f."CustomerReference", f."Email", f."EmailConfirmed", f."FullName", f."IsActive", f."LockoutEnabled", f."LockoutEnd", f."NormalizedEmail", f."NormalizedUserName", f."PasswordHash", f."PhoneNumber", f."PhoneNumberConfirmed", f."SecurityStamp", f."TwoFactorEnabled", f."UserName"
FROM "FreshwalkUsers" AS f
WHERE f."Id" = @__p_0
LIMIT 1
2026-03-29 13:18:41.170 +03:00 [ERR] HTTP GET /api/orders/21381961-9ec7-45ff-887a-288a0e1ea182 responded 500 in 533.4991 ms
System.Text.Json.JsonException: A possible object cycle was detected. This can either be due to a cycle or if the object depth is larger than the maximum allowed depth of 32. Consider using ReferenceHandler.Preserve on JsonSerializerOptions to support cycles. Path: $.Booking.Customer.Bookings.Customer.Bookings.Customer.Bookings.Customer.Bookings.Customer.Bookings.Customer.Bookings.Customer.Bookings.Customer.Bookings.Customer.Bookings.Customer.Bookings.Id.
   at System.Text.Json.ThrowHelper.ThrowJsonException_SerializerCycleDetected(Int32 maxDepth)
   at System.Text.Json.Serialization.Metadata.JsonPropertyInfo`1.GetMemberAndWriteJson(Object obj, WriteStack& state, Utf8JsonWriter writer)
   at System.Text.Json.Serialization.Converters.ObjectDefaultConverter`1.OnTryWrite(Utf8JsonWriter writer, T value, JsonSerializerOptions options, WriteStack& state)
   at System.Text.Json.Serialization.Converters.IEnumerableDefaultConverter`2.OnWriteResume(Utf8JsonWriter writer, TCollection value, JsonSerializerOptions options, WriteStack& state)
   at System.Text.Json.Serialization.JsonCollectionConverter`2.OnTryWrite(Utf8JsonWriter writer, TCollection value, JsonSerializerOptions options, WriteStack& state)
   at System.Text.Json.Serialization.Metadata.JsonPropertyInfo`1.GetMemberAndWriteJson(Object obj, WriteStack& state, Utf8JsonWriter writer)
   at System.Text.Json.Serialization.Converters.ObjectDefaultConverter`1.OnTryWrite(Utf8JsonWriter writer, T value, JsonSerializerOptions options, WriteStack& state)
   at System.Text.Json.Serialization.Metadata.JsonPropertyInfo`1.GetMemberAndWriteJson(Object obj, WriteStack& state, Utf8JsonWriter writer)
   at System.Text.Json.Serialization.Converters.ObjectDefaultConverter`1.OnTryWrite(Utf8JsonWriter writer, T value, JsonSerializerOptions options, WriteStack& state)
   at System.Text.Json.Serialization.Converters.IEnumerableDefaultConverter`2.OnWriteResume(Utf8JsonWriter writer, TCollection value, JsonSerializerOptions options, WriteStack& state)
   at System.Text.Json.Serialization.JsonCollectionConverter`2.OnTryWrite(Utf8JsonWriter writer, TCollection value, JsonSerializerOptions options, WriteStack& state)
   at System.Text.Json.Serialization.Metadata.JsonPropertyInfo`1.GetMemberAndWriteJson(Object obj, WriteStack& state, Utf8JsonWriter writer)
   at System.Text.Json.Serialization.Converters.ObjectDefaultConverter`1.OnTryWrite(Utf8JsonWriter writer, T value, JsonSerializerOptions options, WriteStack& state)
   at System.Text.Json.Serialization.Metadata.JsonPropertyInfo`1.GetMemberAndWriteJson(Object obj, WriteStack& state, Utf8JsonWriter writer)
   at System.Text.Json.Serialization.Converters.ObjectDefaultConverter`1.OnTryWrite(Utf8JsonWriter writer, T value, JsonSerializerOptions options, WriteStack& state)
   at System.Text.Json.Serialization.Converters.IEnumerableDefaultConverter`2.OnWriteResume(Utf8JsonWriter writer, TCollection value, JsonSerializerOptions options, WriteStack& state)
   at System.Text.Json.Serialization.JsonCollectionConverter`2.OnTryWrite(Utf8JsonWriter writer, TCollection value, JsonSerializerOptions options, WriteStack& state)
   at System.Text.Json.Serialization.Metadata.JsonPropertyInfo`1.GetMemberAndWriteJson(Object obj, WriteStack& state, Utf8JsonWriter writer)
   at System.Text.Json.Serialization.Converters.ObjectDefaultConverter`1.OnTryWrite(Utf8JsonWriter writer, T value, JsonSerializerOptions options, WriteStack& state)
   at System.Text.Json.Serialization.Metadata.JsonPropertyInfo`1.GetMemberAndWriteJson(Object obj, WriteStack& state, Utf8JsonWriter writer)
   at System.Text.Json.Serialization.Converters.ObjectDefaultConverter`1.OnTryWrite(Utf8JsonWriter writer, T value, JsonSerializerOptions options, WriteStack& state)
   at System.Text.Json.Serialization.Converters.IEnumerableDefaultConverter`2.OnWriteResume(Utf8JsonWriter writer, TCollection value, JsonSerializerOptions options, WriteStack& state)
   at System.Text.Json.Serialization.JsonCollectionConverter`2.OnTryWrite(Utf8JsonWriter writer, TCollection value, JsonSerializerOptions options, WriteStack& state)
   at System.Text.Json.Serialization.Metadata.JsonPropertyInfo`1.GetMemberAndWriteJson(Object obj, WriteStack& state, Utf8JsonWriter writer)
   at System.Text.Json.Serialization.Converters.ObjectDefaultConverter`1.OnTryWrite(Utf8JsonWriter writer, T value, JsonSerializerOptions options, WriteStack& state)
   at System.Text.Json.Serialization.Metadata.JsonPropertyInfo`1.GetMemberAndWriteJson(Object obj, WriteStack& state, Utf8JsonWriter writer)
   at System.Text.Json.Serialization.Converters.ObjectDefaultConverter`1.OnTryWrite(Utf8JsonWriter writer, T value, JsonSerializerOptions options, WriteStack& state)
   at System.Text.Json.Serialization.Converters.IEnumerableDefaultConverter`2.OnWriteResume(Utf8JsonWriter writer, TCollection value, JsonSerializerOptions options, WriteStack& state)
   at System.Text.Json.Serialization.JsonCollectionConverter`2.OnTryWrite(Utf8JsonWriter writer, TCollection value, JsonSerializerOptions options, WriteStack& state)
   at System.Text.Json.Serialization.Metadata.JsonPropertyInfo`1.GetMemberAndWriteJson(Object obj, WriteStack& state, Utf8JsonWriter writer)
   at System.Text.Json.Serialization.Converters.ObjectDefaultConverter`1.OnTryWrite(Utf8JsonWriter writer, T value, JsonSerializerOptions options, WriteStack& state)
   at System.Text.Json.Serialization.Metadata.JsonPropertyInfo`1.GetMemberAndWriteJson(Object obj, WriteStack& state, Utf8JsonWriter writer)
   at System.Text.Json.Serialization.Converters.ObjectDefaultConverter`1.OnTryWrite(Utf8JsonWriter writer, T value, JsonSerializerOptions options, WriteStack& state)
   at System.Text.Json.Serialization.Converters.IEnumerableDefaultConverter`2.OnWriteResume(Utf8JsonWriter writer, TCollection value, JsonSerializerOptions options, WriteStack& state)
   at System.Text.Json.Serialization.JsonCollectionConverter`2.OnTryWrite(Utf8JsonWriter writer, TCollection value, JsonSerializerOptions options, WriteStack& state)
   at System.Text.Json.Serialization.Metadata.JsonPropertyInfo`1.GetMemberAndWriteJson(Object obj, WriteStack& state, Utf8JsonWriter writer)
   at System.Text.Json.Serialization.Converters.ObjectDefaultConverter`1.OnTryWrite(Utf8JsonWriter writer, T value, JsonSerializerOptions options, WriteStack& state)
   at System.Text.Json.Serialization.Metadata.JsonPropertyInfo`1.GetMemberAndWriteJson(Object obj, WriteStack& state, Utf8JsonWriter writer)
   at System.Text.Json.Serialization.Converters.ObjectDefaultConverter`1.OnTryWrite(Utf8JsonWriter writer, T value, JsonSerializerOptions options, WriteStack& state)
   at System.Text.Json.Serialization.Converters.IEnumerableDefaultConverter`2.OnWriteResume(Utf8JsonWriter writer, TCollection value, JsonSerializerOptions options, WriteStack& state)
   at System.Text.Json.Serialization.JsonCollectionConverter`2.OnTryWrite(Utf8JsonWriter writer, TCollection value, JsonSerializerOptions options, WriteStack& state)
   at System.Text.Json.Serialization.Metadata.JsonPropertyInfo`1.GetMemberAndWriteJson(Object obj, WriteStack& state, Utf8JsonWriter writer)
   at System.Text.Json.Serialization.Converters.ObjectDefaultConverter`1.OnTryWrite(Utf8JsonWriter writer, T value, JsonSerializerOptions options, WriteStack& state)
   at System.Text.Json.Serialization.Metadata.JsonPropertyInfo`1.GetMemberAndWriteJson(Object obj, WriteStack& state, Utf8JsonWriter writer)
   at System.Text.Json.Serialization.Converters.ObjectDefaultConverter`1.OnTryWrite(Utf8JsonWriter writer, T value, JsonSerializerOptions options, WriteStack& state)
   at System.Text.Json.Serialization.Converters.IEnumerableDefaultConverter`2.OnWriteResume(Utf8JsonWriter writer, TCollection value, JsonSerializerOptions options, WriteStack& state)
   at System.Text.Json.Serialization.JsonCollectionConverter`2.OnTryWrite(Utf8JsonWriter writer, TCollection value, JsonSerializerOptions options, WriteStack& state)
   at System.Text.Json.Serialization.Metadata.JsonPropertyInfo`1.GetMemberAndWriteJson(Object obj, WriteStack& state, Utf8JsonWriter writer)
   at System.Text.Json.Serialization.Converters.ObjectDefaultConverter`1.OnTryWrite(Utf8JsonWriter writer, T value, JsonSerializerOptions options, WriteStack& state)
   at System.Text.Json.Serialization.Metadata.JsonPropertyInfo`1.GetMemberAndWriteJson(Object obj, WriteStack& state, Utf8JsonWriter writer)
   at System.Text.Json.Serialization.Converters.ObjectDefaultConverter`1.OnTryWrite(Utf8JsonWriter writer, T value, JsonSerializerOptions options, WriteStack& state)
   at System.Text.Json.Serialization.Converters.IEnumerableDefaultConverter`2.OnWriteResume(Utf8JsonWriter writer, TCollection value, JsonSerializerOptions options, WriteStack& state)
   at System.Text.Json.Serialization.JsonCollectionConverter`2.OnTryWrite(Utf8JsonWriter writer, TCollection value, JsonSerializerOptions options, WriteStack& state)
   at System.Text.Json.Serialization.Metadata.JsonPropertyInfo`1.GetMemberAndWriteJson(Object obj, WriteStack& state, Utf8JsonWriter writer)
   at System.Text.Json.Serialization.Converters.ObjectDefaultConverter`1.OnTryWrite(Utf8JsonWriter writer, T value, JsonSerializerOptions options, WriteStack& state)
   at System.Text.Json.Serialization.Metadata.JsonPropertyInfo`1.GetMemberAndWriteJson(Object obj, WriteStack& state, Utf8JsonWriter writer)
   at System.Text.Json.Serialization.Converters.ObjectDefaultConverter`1.OnTryWrite(Utf8JsonWriter writer, T value, JsonSerializerOptions options, WriteStack& state)
   at System.Text.Json.Serialization.Converters.IEnumerableDefaultConverter`2.OnWriteResume(Utf8JsonWriter writer, TCollection value, JsonSerializerOptions options, WriteStack& state)
   at System.Text.Json.Serialization.JsonCollectionConverter`2.OnTryWrite(Utf8JsonWriter writer, TCollection value, JsonSerializerOptions options, WriteStack& state)
   at System.Text.Json.Serialization.Metadata.JsonPropertyInfo`1.GetMemberAndWriteJson(Object obj, WriteStack& state, Utf8JsonWriter writer)
   at System.Text.Json.Serialization.Converters.ObjectDefaultConverter`1.OnTryWrite(Utf8JsonWriter writer, T value, JsonSerializerOptions options, WriteStack& state)
   at System.Text.Json.Serialization.Metadata.JsonPropertyInfo`1.GetMemberAndWriteJson(Object obj, WriteStack& state, Utf8JsonWriter writer)
   at System.Text.Json.Serialization.Converters.ObjectDefaultConverter`1.OnTryWrite(Utf8JsonWriter writer, T value, JsonSerializerOptions options, WriteStack& state)
   at System.Text.Json.Serialization.Metadata.JsonPropertyInfo`1.GetMemberAndWriteJson(Object obj, WriteStack& state, Utf8JsonWriter writer)
   at System.Text.Json.Serialization.Converters.ObjectDefaultConverter`1.OnTryWrite(Utf8JsonWriter writer, T value, JsonSerializerOptions options, WriteStack& state)
   at System.Text.Json.Serialization.JsonConverter`1.WriteCore(Utf8JsonWriter writer, T& value, JsonSerializerOptions options, WriteStack& state)
   at System.Text.Json.Serialization.Metadata.JsonTypeInfo`1.SerializeAsync(PipeWriter pipeWriter, T rootValue, Int32 flushThreshold, CancellationToken cancellationToken, Object rootValueBoxed)
   at System.Text.Json.Serialization.Metadata.JsonTypeInfo`1.SerializeAsync(PipeWriter pipeWriter, T rootValue, Int32 flushThreshold, CancellationToken cancellationToken, Object rootValueBoxed)
   at System.Text.Json.Serialization.Metadata.JsonTypeInfo`1.SerializeAsync(PipeWriter pipeWriter, T rootValue, Int32 flushThreshold, CancellationToken cancellationToken, Object rootValueBoxed)
   at Microsoft.AspNetCore.Mvc.Formatters.SystemTextJsonOutputFormatter.WriteResponseBodyAsync(OutputFormatterWriteContext context, Encoding selectedEncoding)
   at Microsoft.AspNetCore.Mvc.Infrastructure.ResourceInvoker.<InvokeNextResultFilterAsync>g__Awaited|30_0[TFilter,TFilterAsync](ResourceInvoker invoker, Task lastTask, State next, Scope scope, Object state, Boolean isCompleted)
   at Microsoft.AspNetCore.Mvc.Infrastructure.ResourceInvoker.Rethrow(ResultExecutedContextSealed context)
   at Microsoft.AspNetCore.Mvc.Infrastructure.ResourceInvoker.ResultNext[TFilter,TFilterAsync](State& next, Scope& scope, Object& state, Boolean& isCompleted)
   at Microsoft.AspNetCore.Mvc.Infrastructure.ResourceInvoker.InvokeResultFilters()
--- End of stack trace from previous location ---
   at Microsoft.AspNetCore.Mvc.Infrastructure.ResourceInvoker.<InvokeFilterPipelineAsync>g__Awaited|20_0(ResourceInvoker invoker, Task lastTask, State next, Scope scope, Object state, Boolean isCompleted)
   at Microsoft.AspNetCore.Mvc.Infrastructure.ResourceInvoker.<InvokeAsync>g__Awaited|17_0(ResourceInvoker invoker, Task task, IDisposable scope)
   at Microsoft.AspNetCore.Mvc.Infrastructure.ResourceInvoker.<InvokeAsync>g__Awaited|17_0(ResourceInvoker invoker, Task task, IDisposable scope)
   at Freshwalk.API.Logging.AuditRequestLoggingMiddleware.InvokeAsync(HttpContext context, RequestDelegate next) in D:\Projects\Freshwalk Shoe Cleaning web app\API\Freshwalk.API\Logging\AuditRequestLoggingMiddleware.cs:line 63
   at Freshwalk.API.Logging.AuditRequestLoggingMiddleware.InvokeAsync(HttpContext context, RequestDelegate next) in D:\Projects\Freshwalk Shoe Cleaning web app\API\Freshwalk.API\Logging\AuditRequestLoggingMiddleware.cs:line 91
   at Freshwalk.API.Logging.AuditRequestLoggingMiddleware.InvokeAsync(HttpContext context, RequestDelegate next) in D:\Projects\Freshwalk Shoe Cleaning web app\API\Freshwalk.API\Logging\AuditRequestLoggingMiddleware.cs:line 91
   at Microsoft.AspNetCore.Builder.UseMiddlewareExtensions.InterfaceMiddlewareBinder.<>c__DisplayClass2_0.<<CreateMiddleware>b__0>d.MoveNext()
--- End of stack trace from previous location ---
   at Microsoft.AspNetCore.Authorization.AuthorizationMiddleware.Invoke(HttpContext context)
   at Microsoft.AspNetCore.Authentication.AuthenticationMiddleware.Invoke(HttpContext context)
   at Serilog.AspNetCore.RequestLoggingMiddleware.Invoke(HttpContext httpContext)
2026-03-29 13:18:41.241 +03:00 [ERR] An unhandled exception has occurred while executing the request.
System.Text.Json.JsonException: A possible object cycle was detected. This can either be due to a cycle or if the object depth is larger than the maximum allowed depth of 32. Consider using ReferenceHandler.Preserve on JsonSerializerOptions to support cycles. Path: $.Booking.Customer.Bookings.Customer.Bookings.Customer.Bookings.Customer.Bookings.Customer.Bookings.Customer.Bookings.Customer.Bookings.Customer.Bookings.Customer.Bookings.Customer.Bookings.Id.
   at System.Text.Json.ThrowHelper.ThrowJsonException_SerializerCycleDetected(Int32 maxDepth)
   at System.Text.Json.Serialization.Metadata.JsonPropertyInfo`1.GetMemberAndWriteJson(Object obj, WriteStack& state, Utf8JsonWriter writer)
   at System.Text.Json.Serialization.Converters.ObjectDefaultConverter`1.OnTryWrite(Utf8JsonWriter writer, T value, JsonSerializerOptions options, WriteStack& state)
   at System.Text.Json.Serialization.Converters.IEnumerableDefaultConverter`2.OnWriteResume(Utf8JsonWriter writer, TCollection value, JsonSerializerOptions options, WriteStack& state)
   at System.Text.Json.Serialization.JsonCollectionConverter`2.OnTryWrite(Utf8JsonWriter writer, TCollection value, JsonSerializerOptions options, WriteStack& state)
   at System.Text.Json.Serialization.Metadata.JsonPropertyInfo`1.GetMemberAndWriteJson(Object obj, WriteStack& state, Utf8JsonWriter writer)
   at System.Text.Json.Serialization.Converters.ObjectDefaultConverter`1.OnTryWrite(Utf8JsonWriter writer, T value, JsonSerializerOptions options, WriteStack& state)
   at System.Text.Json.Serialization.Metadata.JsonPropertyInfo`1.GetMemberAndWriteJson(Object obj, WriteStack& state, Utf8JsonWriter writer)
   at System.Text.Json.Serialization.Converters.ObjectDefaultConverter`1.OnTryWrite(Utf8JsonWriter writer, T value, JsonSerializerOptions options, WriteStack& state)
   at System.Text.Json.Serialization.Converters.IEnumerableDefaultConverter`2.OnWriteResume(Utf8JsonWriter writer, TCollection value, JsonSerializerOptions options, WriteStack& state)
   at System.Text.Json.Serialization.JsonCollectionConverter`2.OnTryWrite(Utf8JsonWriter writer, TCollection value, JsonSerializerOptions options, WriteStack& state)
   at System.Text.Json.Serialization.Metadata.JsonPropertyInfo`1.GetMemberAndWriteJson(Object obj, WriteStack& state, Utf8JsonWriter writer)
   at System.Text.Json.Serialization.Converters.ObjectDefaultConverter`1.OnTryWrite(Utf8JsonWriter writer, T value, JsonSerializerOptions options, WriteStack& state)
   at System.Text.Json.Serialization.Metadata.JsonPropertyInfo`1.GetMemberAndWriteJson(Object obj, WriteStack& state, Utf8JsonWriter writer)
   at System.Text.Json.Serialization.Converters.ObjectDefaultConverter`1.OnTryWrite(Utf8JsonWriter writer, T value, JsonSerializerOptions options, WriteStack& state)
   at System.Text.Json.Serialization.Converters.IEnumerableDefaultConverter`2.OnWriteResume(Utf8JsonWriter writer, TCollection value, JsonSerializerOptions options, WriteStack& state)
   at System.Text.Json.Serialization.JsonCollectionConverter`2.OnTryWrite(Utf8JsonWriter writer, TCollection value, JsonSerializerOptions options, WriteStack& state)
   at System.Text.Json.Serialization.Metadata.JsonPropertyInfo`1.GetMemberAndWriteJson(Object obj, WriteStack& state, Utf8JsonWriter writer)
   at System.Text.Json.Serialization.Converters.ObjectDefaultConverter`1.OnTryWrite(Utf8JsonWriter writer, T value, JsonSerializerOptions options, WriteStack& state)
   at System.Text.Json.Serialization.Metadata.JsonPropertyInfo`1.GetMemberAndWriteJson(Object obj, WriteStack& state, Utf8JsonWriter writer)
   at System.Text.Json.Serialization.Converters.ObjectDefaultConverter`1.OnTryWrite(Utf8JsonWriter writer, T value, JsonSerializerOptions options, WriteStack& state)
   at System.Text.Json.Serialization.Converters.IEnumerableDefaultConverter`2.OnWriteResume(Utf8JsonWriter writer, TCollection value, JsonSerializerOptions options, WriteStack& state)
   at System.Text.Json.Serialization.JsonCollectionConverter`2.OnTryWrite(Utf8JsonWriter writer, TCollection value, JsonSerializerOptions options, WriteStack& state)
   at System.Text.Json.Serialization.Metadata.JsonPropertyInfo`1.GetMemberAndWriteJson(Object obj, WriteStack& state, Utf8JsonWriter writer)
   at System.Text.Json.Serialization.Converters.ObjectDefaultConverter`1.OnTryWrite(Utf8JsonWriter writer, T value, JsonSerializerOptions options, WriteStack& state)
   at System.Text.Json.Serialization.Metadata.JsonPropertyInfo`1.GetMemberAndWriteJson(Object obj, WriteStack& state, Utf8JsonWriter writer)
   at System.Text.Json.Serialization.Converters.ObjectDefaultConverter`1.OnTryWrite(Utf8JsonWriter writer, T value, JsonSerializerOptions options, WriteStack& state)
   at System.Text.Json.Serialization.Converters.IEnumerableDefaultConverter`2.OnWriteResume(Utf8JsonWriter writer, TCollection value, JsonSerializerOptions options, WriteStack& state)
   at System.Text.Json.Serialization.JsonCollectionConverter`2.OnTryWrite(Utf8JsonWriter writer, TCollection value, JsonSerializerOptions options, WriteStack& state)
   at System.Text.Json.Serialization.Metadata.JsonPropertyInfo`1.GetMemberAndWriteJson(Object obj, WriteStack& state, Utf8JsonWriter writer)
   at System.Text.Json.Serialization.Converters.ObjectDefaultConverter`1.OnTryWrite(Utf8JsonWriter writer, T value, JsonSerializerOptions options, WriteStack& state)
   at System.Text.Json.Serialization.Metadata.JsonPropertyInfo`1.GetMemberAndWriteJson(Object obj, WriteStack& state, Utf8JsonWriter writer)
   at System.Text.Json.Serialization.Converters.ObjectDefaultConverter`1.OnTryWrite(Utf8JsonWriter writer, T value, JsonSerializerOptions options, WriteStack& state)
   at System.Text.Json.Serialization.Converters.IEnumerableDefaultConverter`2.OnWriteResume(Utf8JsonWriter writer, TCollection value, JsonSerializerOptions options, WriteStack& state)
   at System.Text.Json.Serialization.JsonCollectionConverter`2.OnTryWrite(Utf8JsonWriter writer, TCollection value, JsonSerializerOptions options, WriteStack& state)
   at System.Text.Json.Serialization.Metadata.JsonPropertyInfo`1.GetMemberAndWriteJson(Object obj, WriteStack& state, Utf8JsonWriter writer)
   at System.Text.Json.Serialization.Converters.ObjectDefaultConverter`1.OnTryWrite(Utf8JsonWriter writer, T value, JsonSerializerOptions options, WriteStack& state)
   at System.Text.Json.Serialization.Metadata.JsonPropertyInfo`1.GetMemberAndWriteJson(Object obj, WriteStack& state, Utf8JsonWriter writer)
   at System.Text.Json.Serialization.Converters.ObjectDefaultConverter`1.OnTryWrite(Utf8JsonWriter writer, T value, JsonSerializerOptions options, WriteStack& state)
   at System.Text.Json.Serialization.Converters.IEnumerableDefaultConverter`2.OnWriteResume(Utf8JsonWriter writer, TCollection value, JsonSerializerOptions options, WriteStack& state)
   at System.Text.Json.Serialization.JsonCollectionConverter`2.OnTryWrite(Utf8JsonWriter writer, TCollection value, JsonSerializerOptions options, WriteStack& state)
   at System.Text.Json.Serialization.Metadata.JsonPropertyInfo`1.GetMemberAndWriteJson(Object obj, WriteStack& state, Utf8JsonWriter writer)
   at System.Text.Json.Serialization.Converters.ObjectDefaultConverter`1.OnTryWrite(Utf8JsonWriter writer, T value, JsonSerializerOptions options, WriteStack& state)
   at System.Text.Json.Serialization.Metadata.JsonPropertyInfo`1.GetMemberAndWriteJson(Object obj, WriteStack& state, Utf8JsonWriter writer)
   at System.Text.Json.Serialization.Converters.ObjectDefaultConverter`1.OnTryWrite(Utf8JsonWriter writer, T value, JsonSerializerOptions options, WriteStack& state)
   at System.Text.Json.Serialization.Converters.IEnumerableDefaultConverter`2.OnWriteResume(Utf8JsonWriter writer, TCollection value, JsonSerializerOptions options, WriteStack& state)
   at System.Text.Json.Serialization.JsonCollectionConverter`2.OnTryWrite(Utf8JsonWriter writer, TCollection value, JsonSerializerOptions options, WriteStack& state)
   at System.Text.Json.Serialization.Metadata.JsonPropertyInfo`1.GetMemberAndWriteJson(Object obj, WriteStack& state, Utf8JsonWriter writer)
   at System.Text.Json.Serialization.Converters.ObjectDefaultConverter`1.OnTryWrite(Utf8JsonWriter writer, T value, JsonSerializerOptions options, WriteStack& state)
   at System.Text.Json.Serialization.Metadata.JsonPropertyInfo`1.GetMemberAndWriteJson(Object obj, WriteStack& state, Utf8JsonWriter writer)
   at System.Text.Json.Serialization.Converters.ObjectDefaultConverter`1.OnTryWrite(Utf8JsonWriter writer, T value, JsonSerializerOptions options, WriteStack& state)
   at System.Text.Json.Serialization.Converters.IEnumerableDefaultConverter`2.OnWriteResume(Utf8JsonWriter writer, TCollection value, JsonSerializerOptions options, WriteStack& state)
   at System.Text.Json.Serialization.JsonCollectionConverter`2.OnTryWrite(Utf8JsonWriter writer, TCollection value, JsonSerializerOptions options, WriteStack& state)
   at System.Text.Json.Serialization.Metadata.JsonPropertyInfo`1.GetMemberAndWriteJson(Object obj, WriteStack& state, Utf8JsonWriter writer)
   at System.Text.Json.Serialization.Converters.ObjectDefaultConverter`1.OnTryWrite(Utf8JsonWriter writer, T value, JsonSerializerOptions options, WriteStack& state)
   at System.Text.Json.Serialization.Metadata.JsonPropertyInfo`1.GetMemberAndWriteJson(Object obj, WriteStack& state, Utf8JsonWriter writer)
   at System.Text.Json.Serialization.Converters.ObjectDefaultConverter`1.OnTryWrite(Utf8JsonWriter writer, T value, JsonSerializerOptions options, WriteStack& state)
   at System.Text.Json.Serialization.Converters.IEnumerableDefaultConverter`2.OnWriteResume(Utf8JsonWriter writer, TCollection value, JsonSerializerOptions options, WriteStack& state)
   at System.Text.Json.Serialization.JsonCollectionConverter`2.OnTryWrite(Utf8JsonWriter writer, TCollection value, JsonSerializerOptions options, WriteStack& state)
   at System.Text.Json.Serialization.Metadata.JsonPropertyInfo`1.GetMemberAndWriteJson(Object obj, WriteStack& state, Utf8JsonWriter writer)
   at System.Text.Json.Serialization.Converters.ObjectDefaultConverter`1.OnTryWrite(Utf8JsonWriter writer, T value, JsonSerializerOptions options, WriteStack& state)
   at System.Text.Json.Serialization.Metadata.JsonPropertyInfo`1.GetMemberAndWriteJson(Object obj, WriteStack& state, Utf8JsonWriter writer)
   at System.Text.Json.Serialization.Converters.ObjectDefaultConverter`1.OnTryWrite(Utf8JsonWriter writer, T value, JsonSerializerOptions options, WriteStack& state)
   at System.Text.Json.Serialization.Metadata.JsonPropertyInfo`1.GetMemberAndWriteJson(Object obj, WriteStack& state, Utf8JsonWriter writer)
   at System.Text.Json.Serialization.Converters.ObjectDefaultConverter`1.OnTryWrite(Utf8JsonWriter writer, T value, JsonSerializerOptions options, WriteStack& state)
   at System.Text.Json.Serialization.JsonConverter`1.WriteCore(Utf8JsonWriter writer, T& value, JsonSerializerOptions options, WriteStack& state)
   at System.Text.Json.Serialization.Metadata.JsonTypeInfo`1.SerializeAsync(PipeWriter pipeWriter, T rootValue, Int32 flushThreshold, CancellationToken cancellationToken, Object rootValueBoxed)
   at System.Text.Json.Serialization.Metadata.JsonTypeInfo`1.SerializeAsync(PipeWriter pipeWriter, T rootValue, Int32 flushThreshold, CancellationToken cancellationToken, Object rootValueBoxed)
   at System.Text.Json.Serialization.Metadata.JsonTypeInfo`1.SerializeAsync(PipeWriter pipeWriter, T rootValue, Int32 flushThreshold, CancellationToken cancellationToken, Object rootValueBoxed)
   at Microsoft.AspNetCore.Mvc.Formatters.SystemTextJsonOutputFormatter.WriteResponseBodyAsync(OutputFormatterWriteContext context, Encoding selectedEncoding)
   at Microsoft.AspNetCore.Mvc.Infrastructure.ResourceInvoker.<InvokeNextResultFilterAsync>g__Awaited|30_0[TFilter,TFilterAsync](ResourceInvoker invoker, Task lastTask, State next, Scope scope, Object state, Boolean isCompleted)
   at Microsoft.AspNetCore.Mvc.Infrastructure.ResourceInvoker.Rethrow(ResultExecutedContextSealed context)
   at Microsoft.AspNetCore.Mvc.Infrastructure.ResourceInvoker.ResultNext[TFilter,TFilterAsync](State& next, Scope& scope, Object& state, Boolean& isCompleted)
   at Microsoft.AspNetCore.Mvc.Infrastructure.ResourceInvoker.InvokeResultFilters()
--- End of stack trace from previous location ---
   at Microsoft.AspNetCore.Mvc.Infrastructure.ResourceInvoker.<InvokeFilterPipelineAsync>g__Awaited|20_0(ResourceInvoker invoker, Task lastTask, State next, Scope scope, Object state, Boolean isCompleted)
   at Microsoft.AspNetCore.Mvc.Infrastructure.ResourceInvoker.<InvokeAsync>g__Awaited|17_0(ResourceInvoker invoker, Task task, IDisposable scope)
   at Microsoft.AspNetCore.Mvc.Infrastructure.ResourceInvoker.<InvokeAsync>g__Awaited|17_0(ResourceInvoker invoker, Task task, IDisposable scope)
   at Freshwalk.API.Logging.AuditRequestLoggingMiddleware.InvokeAsync(HttpContext context, RequestDelegate next) in D:\Projects\Freshwalk Shoe Cleaning web app\API\Freshwalk.API\Logging\AuditRequestLoggingMiddleware.cs:line 63
   at Freshwalk.API.Logging.AuditRequestLoggingMiddleware.InvokeAsync(HttpContext context, RequestDelegate next) in D:\Projects\Freshwalk Shoe Cleaning web app\API\Freshwalk.API\Logging\AuditRequestLoggingMiddleware.cs:line 91
   at Freshwalk.API.Logging.AuditRequestLoggingMiddleware.InvokeAsync(HttpContext context, RequestDelegate next) in D:\Projects\Freshwalk Shoe Cleaning web app\API\Freshwalk.API\Logging\AuditRequestLoggingMiddleware.cs:line 91
   at Microsoft.AspNetCore.Builder.UseMiddlewareExtensions.InterfaceMiddlewareBinder.<>c__DisplayClass2_0.<<CreateMiddleware>b__0>d.MoveNext()
--- End of stack trace from previous location ---
   at Microsoft.AspNetCore.Authorization.AuthorizationMiddleware.Invoke(HttpContext context)
   at Microsoft.AspNetCore.Authentication.AuthenticationMiddleware.Invoke(HttpContext context)
   at Serilog.AspNetCore.RequestLoggingMiddleware.Invoke(HttpContext httpContext)
   at Swashbuckle.AspNetCore.SwaggerUI.SwaggerUIMiddleware.Invoke(HttpContext httpContext)
   at Swashbuckle.AspNetCore.Swagger.SwaggerMiddleware.Invoke(HttpContext httpContext, ISwaggerProvider swaggerProvider)
   at Microsoft.AspNetCore.Diagnostics.DeveloperExceptionPageMiddlewareImpl.Invoke(HttpContext context)
2026-03-29 13:18:45.387 +03:00 [INF] HTTP OPTIONS /api/bookings/mine responded 204 in 0.0451 ms
2026-03-29 13:18:45.388 +03:00 [INF] HTTP OPTIONS /api/bookings/mine responded 204 in 0.0192 ms
2026-03-29 13:18:45.563 +03:00 [INF] Executed DbCommand (167ms) [Parameters=[@__customerId_0='?' (DbType = Guid)], CommandType='"Text"', CommandTimeout='30']
SELECT f."CustomerReference"
FROM "FreshwalkUsers" AS f
WHERE f."Id" = @__customerId_0
LIMIT 1
2026-03-29 13:18:45.828 +03:00 [INF] Executed DbCommand (260ms) [Parameters=[@__customerId_0='?' (DbType = Guid)], CommandType='"Text"', CommandTimeout='30']
SELECT b."Id", b."AddOns", b."BookingReference", b."BundleDiscountPercent", b."CreatedAt", b."CustomerId", b."DiscountAmountKes", b."NubuckLines", b."OfficialLeatherLines", b."PickupAddress", b."PickupLatitude", b."PickupLocationUrl", b."PickupLongitude", b."PriceKes", b."SneakersLines", b."Status", b."SubtotalBeforeDiscountKes", b."SuedeLines", b."TotalPairs", p."Id", p."Amount", p."BookingId", p."CreatedAt", p."MpesaCheckoutRequestId", p."MpesaMerchantRequestId", p."MpesaReceipt", p."PayerPhoneNumber", p."PaymentReference", p."Status", o."Id", o."AgentId", o."BookingId", o."CleaningCompletedAt", o."CleaningStartedAt", o."CustomerId", o."DeliveredAt", o."DeliveryOtp", o."DeliveryOtpExpiresAt", o."DeliveryOtpVerifiedAt", o."OrderReference", o."PickedUpAt", o."PickupOtp", o."PickupOtpExpiresAt", o."PickupOtpVerifiedAt", o."Status"
FROM "Bookings" AS b
LEFT JOIN "Payments" AS p ON b."Id" = p."BookingId"
LEFT JOIN "Orders" AS o ON b."Id" = o."BookingId"
WHERE b."CustomerId" = @__customerId_0
ORDER BY b."CreatedAt" DESC
2026-03-29 13:18:46.075 +03:00 [INF] Executed DbCommand (240ms) [Parameters=[@__customerId_0='?' (DbType = Guid)], CommandType='"Text"', CommandTimeout='30']
SELECT f."CustomerReference"
FROM "FreshwalkUsers" AS f
WHERE f."Id" = @__customerId_0
LIMIT 1
2026-03-29 13:18:46.075 +03:00 [INF] Executed DbCommand (242ms) [Parameters=[@__p_0='?' (DbType = Guid)], CommandType='"Text"', CommandTimeout='30']
SELECT f."Id", f."AccessFailedCount", f."Address", f."ConcurrencyStamp", f."CreatedAt", f."CustomerReference", f."Email", f."EmailConfirmed", f."FullName", f."IsActive", f."LockoutEnabled", f."LockoutEnd", f."NormalizedEmail", f."NormalizedUserName", f."PasswordHash", f."PhoneNumber", f."PhoneNumberConfirmed", f."SecurityStamp", f."TwoFactorEnabled", f."UserName"
FROM "FreshwalkUsers" AS f
WHERE f."Id" = @__p_0
LIMIT 1
2026-03-29 13:18:46.088 +03:00 [INF] HTTP GET /api/bookings/mine responded 200 in 692.9643 ms
2026-03-29 13:18:46.313 +03:00 [INF] Executed DbCommand (231ms) [Parameters=[@__customerId_0='?' (DbType = Guid)], CommandType='"Text"', CommandTimeout='30']
SELECT b."Id", b."AddOns", b."BookingReference", b."BundleDiscountPercent", b."CreatedAt", b."CustomerId", b."DiscountAmountKes", b."NubuckLines", b."OfficialLeatherLines", b."PickupAddress", b."PickupLatitude", b."PickupLocationUrl", b."PickupLongitude", b."PriceKes", b."SneakersLines", b."Status", b."SubtotalBeforeDiscountKes", b."SuedeLines", b."TotalPairs", p."Id", p."Amount", p."BookingId", p."CreatedAt", p."MpesaCheckoutRequestId", p."MpesaMerchantRequestId", p."MpesaReceipt", p."PayerPhoneNumber", p."PaymentReference", p."Status", o."Id", o."AgentId", o."BookingId", o."CleaningCompletedAt", o."CleaningStartedAt", o."CustomerId", o."DeliveredAt", o."DeliveryOtp", o."DeliveryOtpExpiresAt", o."DeliveryOtpVerifiedAt", o."OrderReference", o."PickedUpAt", o."PickupOtp", o."PickupOtpExpiresAt", o."PickupOtpVerifiedAt", o."Status"
FROM "Bookings" AS b
LEFT JOIN "Payments" AS p ON b."Id" = p."BookingId"
LEFT JOIN "Orders" AS o ON b."Id" = o."BookingId"
WHERE b."CustomerId" = @__customerId_0
ORDER BY b."CreatedAt" DESC
2026-03-29 13:18:46.486 +03:00 [INF] Executed DbCommand (166ms) [Parameters=[@__p_0='?' (DbType = Guid)], CommandType='"Text"', CommandTimeout='30']
SELECT f."Id", f."AccessFailedCount", f."Address", f."ConcurrencyStamp", f."CreatedAt", f."CustomerReference", f."Email", f."EmailConfirmed", f."FullName", f."IsActive", f."LockoutEnabled", f."LockoutEnd", f."NormalizedEmail", f."NormalizedUserName", f."PasswordHash", f."PhoneNumber", f."PhoneNumberConfirmed", f."SecurityStamp", f."TwoFactorEnabled", f."UserName"
FROM "FreshwalkUsers" AS f
WHERE f."Id" = @__p_0
LIMIT 1
2026-03-29 13:18:46.493 +03:00 [INF] HTTP GET /api/bookings/mine responded 200 in 660.0152 ms
2026-03-29 13:19:11.095 +03:00 [INF] HTTP OPTIONS /api/rider/orders/21381961-9ec7-45ff-887a-288a0e1ea182 responded 204 in 0.0293 ms
2026-03-29 13:19:11.096 +03:00 [INF] HTTP OPTIONS /api/rider/orders/21381961-9ec7-45ff-887a-288a0e1ea182 responded 204 in 0.0803 ms
2026-03-29 13:19:11.366 +03:00 [INF] Executed DbCommand (265ms) [Parameters=[@__orderId_0='?' (DbType = Guid), @__riderId_1='?' (DbType = Guid)], CommandType='"Text"', CommandTimeout='30']
SELECT o."Id", o."AssignedAt", o."AssignmentReference", o."AssignmentType", o."CompletedAt", o."Notes", o."OrderId", o."RiderId", o."Status", o0."Id", o0."AgentId", o0."BookingId", o0."CleaningCompletedAt", o0."CleaningStartedAt", o0."CustomerId", o0."DeliveredAt", o0."DeliveryOtp", o0."DeliveryOtpExpiresAt", o0."DeliveryOtpVerifiedAt", o0."OrderReference", o0."PickedUpAt", o0."PickupOtp", o0."PickupOtpExpiresAt", o0."PickupOtpVerifiedAt", o0."Status", b."Id", b."AddOns", b."BookingReference", b."BundleDiscountPercent", b."CreatedAt", b."CustomerId", b."DiscountAmountKes", b."NubuckLines", b."OfficialLeatherLines", b."PickupAddress", b."PickupLatitude", b."PickupLocationUrl", b."PickupLongitude", b."PriceKes", b."SneakersLines", b."Status", b."SubtotalBeforeDiscountKes", b."SuedeLines", b."TotalPairs", f."Id", f."AccessFailedCount", f."Address", f."ConcurrencyStamp", f."CreatedAt", f."CustomerReference", f."Email", f."EmailConfirmed", f."FullName", f."IsActive", f."LockoutEnabled", f."LockoutEnd", f."NormalizedEmail", f."NormalizedUserName", f."PasswordHash", f."PhoneNumber", f."PhoneNumberConfirmed", f."SecurityStamp", f."TwoFactorEnabled", f."UserName"
FROM "OrderRiderAssignments" AS o
INNER JOIN "Orders" AS o0 ON o."OrderId" = o0."Id"
INNER JOIN "Bookings" AS b ON o0."BookingId" = b."Id"
INNER JOIN "FreshwalkUsers" AS f ON b."CustomerId" = f."Id"
WHERE o."OrderId" = @__orderId_0 AND o."RiderId" = @__riderId_1
ORDER BY o."AssignedAt" DESC
LIMIT 1
2026-03-29 13:19:11.571 +03:00 [INF] Executed DbCommand (199ms) [Parameters=[@__p_0='?' (DbType = Guid)], CommandType='"Text"', CommandTimeout='30']
SELECT f."Id", f."AccessFailedCount", f."Address", f."ConcurrencyStamp", f."CreatedAt", f."CustomerReference", f."Email", f."EmailConfirmed", f."FullName", f."IsActive", f."LockoutEnabled", f."LockoutEnd", f."NormalizedEmail", f."NormalizedUserName", f."PasswordHash", f."PhoneNumber", f."PhoneNumberConfirmed", f."SecurityStamp", f."TwoFactorEnabled", f."UserName"
FROM "FreshwalkUsers" AS f
WHERE f."Id" = @__p_0
LIMIT 1
2026-03-29 13:19:11.577 +03:00 [INF] HTTP GET /api/rider/orders/21381961-9ec7-45ff-887a-288a0e1ea182 responded 200 in 477.1949 ms
2026-03-29 13:19:11.596 +03:00 [INF] Executed DbCommand (223ms) [Parameters=[@__orderId_0='?' (DbType = Guid), @__riderId_1='?' (DbType = Guid)], CommandType='"Text"', CommandTimeout='30']
SELECT o."Id", o."AssignedAt", o."AssignmentReference", o."AssignmentType", o."CompletedAt", o."Notes", o."OrderId", o."RiderId", o."Status", o0."Id", o0."AgentId", o0."BookingId", o0."CleaningCompletedAt", o0."CleaningStartedAt", o0."CustomerId", o0."DeliveredAt", o0."DeliveryOtp", o0."DeliveryOtpExpiresAt", o0."DeliveryOtpVerifiedAt", o0."OrderReference", o0."PickedUpAt", o0."PickupOtp", o0."PickupOtpExpiresAt", o0."PickupOtpVerifiedAt", o0."Status", b."Id", b."AddOns", b."BookingReference", b."BundleDiscountPercent", b."CreatedAt", b."CustomerId", b."DiscountAmountKes", b."NubuckLines", b."OfficialLeatherLines", b."PickupAddress", b."PickupLatitude", b."PickupLocationUrl", b."PickupLongitude", b."PriceKes", b."SneakersLines", b."Status", b."SubtotalBeforeDiscountKes", b."SuedeLines", b."TotalPairs", f."Id", f."AccessFailedCount", f."Address", f."ConcurrencyStamp", f."CreatedAt", f."CustomerReference", f."Email", f."EmailConfirmed", f."FullName", f."IsActive", f."LockoutEnabled", f."LockoutEnd", f."NormalizedEmail", f."NormalizedUserName", f."PasswordHash", f."PhoneNumber", f."PhoneNumberConfirmed", f."SecurityStamp", f."TwoFactorEnabled", f."UserName"
FROM "OrderRiderAssignments" AS o
INNER JOIN "Orders" AS o0 ON o."OrderId" = o0."Id"
INNER JOIN "Bookings" AS b ON o0."BookingId" = b."Id"
INNER JOIN "FreshwalkUsers" AS f ON b."CustomerId" = f."Id"
WHERE o."OrderId" = @__orderId_0 AND o."RiderId" = @__riderId_1
ORDER BY o."AssignedAt" DESC
LIMIT 1
2026-03-29 13:19:11.771 +03:00 [INF] Executed DbCommand (171ms) [Parameters=[@__p_0='?' (DbType = Guid)], CommandType='"Text"', CommandTimeout='30']
SELECT f."Id", f."AccessFailedCount", f."Address", f."ConcurrencyStamp", f."CreatedAt", f."CustomerReference", f."Email", f."EmailConfirmed", f."FullName", f."IsActive", f."LockoutEnabled", f."LockoutEnd", f."NormalizedEmail", f."NormalizedUserName", f."PasswordHash", f."PhoneNumber", f."PhoneNumberConfirmed", f."SecurityStamp", f."TwoFactorEnabled", f."UserName"
FROM "FreshwalkUsers" AS f
WHERE f."Id" = @__p_0
LIMIT 1
2026-03-29 13:19:11.779 +03:00 [INF] HTTP GET /api/rider/orders/21381961-9ec7-45ff-887a-288a0e1ea182 responded 200 in 407.3895 ms
2026-03-29 13:19:18.640 +03:00 [INF] HTTP OPTIONS /api/rider/orders/21381961-9ec7-45ff-887a-288a0e1ea182/verify-delivery-otp responded 204 in 0.0342 ms
2026-03-29 13:19:18.946 +03:00 [INF] Executed DbCommand (250ms) [Parameters=[@__orderId_0='?' (DbType = Guid), @__riderId_1='?' (DbType = Guid)], CommandType='"Text"', CommandTimeout='30']
SELECT o."Id", o."AssignedAt", o."AssignmentReference", o."AssignmentType", o."CompletedAt", o."Notes", o."OrderId", o."RiderId", o."Status", o0."Id", o0."AgentId", o0."BookingId", o0."CleaningCompletedAt", o0."CleaningStartedAt", o0."CustomerId", o0."DeliveredAt", o0."DeliveryOtp", o0."DeliveryOtpExpiresAt", o0."DeliveryOtpVerifiedAt", o0."OrderReference", o0."PickedUpAt", o0."PickupOtp", o0."PickupOtpExpiresAt", o0."PickupOtpVerifiedAt", o0."Status", b."Id", b."AddOns", b."BookingReference", b."BundleDiscountPercent", b."CreatedAt", b."CustomerId", b."DiscountAmountKes", b."NubuckLines", b."OfficialLeatherLines", b."PickupAddress", b."PickupLatitude", b."PickupLocationUrl", b."PickupLongitude", b."PriceKes", b."SneakersLines", b."Status", b."SubtotalBeforeDiscountKes", b."SuedeLines", b."TotalPairs"
FROM "OrderRiderAssignments" AS o
INNER JOIN "Orders" AS o0 ON o."OrderId" = o0."Id"
INNER JOIN "Bookings" AS b ON o0."BookingId" = b."Id"
WHERE o."OrderId" = @__orderId_0 AND o."RiderId" = @__riderId_1 AND o."AssignmentType" = 'Delivery'
ORDER BY o."AssignedAt" DESC
LIMIT 1
2026-03-29 13:19:19.148 +03:00 [INF] Executed DbCommand (182ms) [Parameters=[@__orderId_0='?' (DbType = Guid)], CommandType='"Text"', CommandTimeout='30']
SELECT o."Id", o."Code", o."CreatedAt", o."ExpiresAt", o."OrderId", o."OtpKind"
FROM "OrderOtpCodes" AS o
WHERE o."OrderId" = @__orderId_0 AND o."OtpKind" = 'Delivery'
LIMIT 1
2026-03-29 13:19:19.376 +03:00 [INF] Executed DbCommand (220ms) [Parameters=[@p2='?' (DbType = Guid), @p0='?' (DbType = DateTime), @p1='?', @p6='?' (DbType = Guid), @p3='?' (DbType = DateTime), @p4='?' (DbType = DateTime), @p5='?'], CommandType='"Text"', CommandTimeout='30']
UPDATE "OrderRiderAssignments" SET "CompletedAt" = @p0, "Status" = @p1
WHERE "Id" = @p2;
UPDATE "Orders" SET "DeliveredAt" = @p3, "DeliveryOtpVerifiedAt" = @p4, "Status" = @p5
WHERE "Id" = @p6;
2026-03-29 13:19:19.762 +03:00 [INF] Executed DbCommand (158ms) [Parameters=[@__p_0='?' (DbType = Guid)], CommandType='"Text"', CommandTimeout='30']
SELECT f."Id", f."AccessFailedCount", f."Address", f."ConcurrencyStamp", f."CreatedAt", f."CustomerReference", f."Email", f."EmailConfirmed", f."FullName", f."IsActive", f."LockoutEnabled", f."LockoutEnd", f."NormalizedEmail", f."NormalizedUserName", f."PasswordHash", f."PhoneNumber", f."PhoneNumberConfirmed", f."SecurityStamp", f."TwoFactorEnabled", f."UserName"
FROM "FreshwalkUsers" AS f
WHERE f."Id" = @__p_0
LIMIT 1
2026-03-29 13:19:19.770 +03:00 [INF] HTTP POST /api/rider/orders/21381961-9ec7-45ff-887a-288a0e1ea182/verify-delivery-otp responded 200 in 1125.7401 ms
2026-03-29 13:19:19.778 +03:00 [INF] HTTP OPTIONS /api/rider/orders/21381961-9ec7-45ff-887a-288a0e1ea182 responded 204 in 0.0302 ms
2026-03-29 13:19:20.074 +03:00 [INF] Executed DbCommand (291ms) [Parameters=[@__orderId_0='?' (DbType = Guid), @__riderId_1='?' (DbType = Guid)], CommandType='"Text"', CommandTimeout='30']
SELECT o."Id", o."AssignedAt", o."AssignmentReference", o."AssignmentType", o."CompletedAt", o."Notes", o."OrderId", o."RiderId", o."Status", o0."Id", o0."AgentId", o0."BookingId", o0."CleaningCompletedAt", o0."CleaningStartedAt", o0."CustomerId", o0."DeliveredAt", o0."DeliveryOtp", o0."DeliveryOtpExpiresAt", o0."DeliveryOtpVerifiedAt", o0."OrderReference", o0."PickedUpAt", o0."PickupOtp", o0."PickupOtpExpiresAt", o0."PickupOtpVerifiedAt", o0."Status", b."Id", b."AddOns", b."BookingReference", b."BundleDiscountPercent", b."CreatedAt", b."CustomerId", b."DiscountAmountKes", b."NubuckLines", b."OfficialLeatherLines", b."PickupAddress", b."PickupLatitude", b."PickupLocationUrl", b."PickupLongitude", b."PriceKes", b."SneakersLines", b."Status", b."SubtotalBeforeDiscountKes", b."SuedeLines", b."TotalPairs", f."Id", f."AccessFailedCount", f."Address", f."ConcurrencyStamp", f."CreatedAt", f."CustomerReference", f."Email", f."EmailConfirmed", f."FullName", f."IsActive", f."LockoutEnabled", f."LockoutEnd", f."NormalizedEmail", f."NormalizedUserName", f."PasswordHash", f."PhoneNumber", f."PhoneNumberConfirmed", f."SecurityStamp", f."TwoFactorEnabled", f."UserName"
FROM "OrderRiderAssignments" AS o
INNER JOIN "Orders" AS o0 ON o."OrderId" = o0."Id"
INNER JOIN "Bookings" AS b ON o0."BookingId" = b."Id"
INNER JOIN "FreshwalkUsers" AS f ON b."CustomerId" = f."Id"
WHERE o."OrderId" = @__orderId_0 AND o."RiderId" = @__riderId_1
ORDER BY o."AssignedAt" DESC
LIMIT 1
2026-03-29 13:19:20.275 +03:00 [INF] Executed DbCommand (193ms) [Parameters=[@__p_0='?' (DbType = Guid)], CommandType='"Text"', CommandTimeout='30']
SELECT f."Id", f."AccessFailedCount", f."Address", f."ConcurrencyStamp", f."CreatedAt", f."CustomerReference", f."Email", f."EmailConfirmed", f."FullName", f."IsActive", f."LockoutEnabled", f."LockoutEnd", f."NormalizedEmail", f."NormalizedUserName", f."PasswordHash", f."PhoneNumber", f."PhoneNumberConfirmed", f."SecurityStamp", f."TwoFactorEnabled", f."UserName"
FROM "FreshwalkUsers" AS f
WHERE f."Id" = @__p_0
LIMIT 1
2026-03-29 13:19:20.283 +03:00 [INF] HTTP GET /api/rider/orders/21381961-9ec7-45ff-887a-288a0e1ea182 responded 200 in 500.4056 ms
2026-03-29 13:19:31.144 +03:00 [INF] HTTP OPTIONS /api/agent/bookings responded 204 in 0.1070 ms
2026-03-29 13:19:31.144 +03:00 [INF] HTTP OPTIONS /api/agent/bookings responded 204 in 0.1086 ms
2026-03-29 13:19:31.376 +03:00 [INF] Executed DbCommand (226ms) [Parameters=[], CommandType='"Text"', CommandTimeout='30']
SELECT b."Id", b."AddOns", b."BookingReference", b."BundleDiscountPercent", b."CreatedAt", b."CustomerId", b."DiscountAmountKes", b."NubuckLines", b."OfficialLeatherLines", b."PickupAddress", b."PickupLatitude", b."PickupLocationUrl", b."PickupLongitude", b."PriceKes", b."SneakersLines", b."Status", b."SubtotalBeforeDiscountKes", b."SuedeLines", b."TotalPairs", f."Id", f."AccessFailedCount", f."Address", f."ConcurrencyStamp", f."CreatedAt", f."CustomerReference", f."Email", f."EmailConfirmed", f."FullName", f."IsActive", f."LockoutEnabled", f."LockoutEnd", f."NormalizedEmail", f."NormalizedUserName", f."PasswordHash", f."PhoneNumber", f."PhoneNumberConfirmed", f."SecurityStamp", f."TwoFactorEnabled", f."UserName", p."Id", p."Amount", p."BookingId", p."CreatedAt", p."MpesaCheckoutRequestId", p."MpesaMerchantRequestId", p."MpesaReceipt", p."PayerPhoneNumber", p."PaymentReference", p."Status", o."Id", o."AgentId", o."BookingId", o."CleaningCompletedAt", o."CleaningStartedAt", o."CustomerId", o."DeliveredAt", o."DeliveryOtp", o."DeliveryOtpExpiresAt", o."DeliveryOtpVerifiedAt", o."OrderReference", o."PickedUpAt", o."PickupOtp", o."PickupOtpExpiresAt", o."PickupOtpVerifiedAt", o."Status"
FROM "Bookings" AS b
INNER JOIN "FreshwalkUsers" AS f ON b."CustomerId" = f."Id"
LEFT JOIN "Payments" AS p ON b."Id" = p."BookingId"
LEFT JOIN "Orders" AS o ON b."Id" = o."BookingId"
ORDER BY b."CreatedAt" DESC
2026-03-29 13:19:31.535 +03:00 [INF] Executed DbCommand (153ms) [Parameters=[@__p_0='?' (DbType = Guid)], CommandType='"Text"', CommandTimeout='30']
SELECT f."Id", f."AccessFailedCount", f."Address", f."ConcurrencyStamp", f."CreatedAt", f."CustomerReference", f."Email", f."EmailConfirmed", f."FullName", f."IsActive", f."LockoutEnabled", f."LockoutEnd", f."NormalizedEmail", f."NormalizedUserName", f."PasswordHash", f."PhoneNumber", f."PhoneNumberConfirmed", f."SecurityStamp", f."TwoFactorEnabled", f."UserName"
FROM "FreshwalkUsers" AS f
WHERE f."Id" = @__p_0
LIMIT 1
2026-03-29 13:19:31.558 +03:00 [INF] HTTP GET /api/agent/bookings responded 200 in 408.7975 ms
2026-03-29 13:19:31.605 +03:00 [INF] Executed DbCommand (219ms) [Parameters=[], CommandType='"Text"', CommandTimeout='30']
SELECT b."Id", b."AddOns", b."BookingReference", b."BundleDiscountPercent", b."CreatedAt", b."CustomerId", b."DiscountAmountKes", b."NubuckLines", b."OfficialLeatherLines", b."PickupAddress", b."PickupLatitude", b."PickupLocationUrl", b."PickupLongitude", b."PriceKes", b."SneakersLines", b."Status", b."SubtotalBeforeDiscountKes", b."SuedeLines", b."TotalPairs", f."Id", f."AccessFailedCount", f."Address", f."ConcurrencyStamp", f."CreatedAt", f."CustomerReference", f."Email", f."EmailConfirmed", f."FullName", f."IsActive", f."LockoutEnabled", f."LockoutEnd", f."NormalizedEmail", f."NormalizedUserName", f."PasswordHash", f."PhoneNumber", f."PhoneNumberConfirmed", f."SecurityStamp", f."TwoFactorEnabled", f."UserName", p."Id", p."Amount", p."BookingId", p."CreatedAt", p."MpesaCheckoutRequestId", p."MpesaMerchantRequestId", p."MpesaReceipt", p."PayerPhoneNumber", p."PaymentReference", p."Status", o."Id", o."AgentId", o."BookingId", o."CleaningCompletedAt", o."CleaningStartedAt", o."CustomerId", o."DeliveredAt", o."DeliveryOtp", o."DeliveryOtpExpiresAt", o."DeliveryOtpVerifiedAt", o."OrderReference", o."PickedUpAt", o."PickupOtp", o."PickupOtpExpiresAt", o."PickupOtpVerifiedAt", o."Status"
FROM "Bookings" AS b
INNER JOIN "FreshwalkUsers" AS f ON b."CustomerId" = f."Id"
LEFT JOIN "Payments" AS p ON b."Id" = p."BookingId"
LEFT JOIN "Orders" AS o ON b."Id" = o."BookingId"
ORDER BY b."CreatedAt" DESC
2026-03-29 13:19:31.846 +03:00 [INF] Executed DbCommand (235ms) [Parameters=[@__p_0='?' (DbType = Guid)], CommandType='"Text"', CommandTimeout='30']
SELECT f."Id", f."AccessFailedCount", f."Address", f."ConcurrencyStamp", f."CreatedAt", f."CustomerReference", f."Email", f."EmailConfirmed", f."FullName", f."IsActive", f."LockoutEnabled", f."LockoutEnd", f."NormalizedEmail", f."NormalizedUserName", f."PasswordHash", f."PhoneNumber", f."PhoneNumberConfirmed", f."SecurityStamp", f."TwoFactorEnabled", f."UserName"
FROM "FreshwalkUsers" AS f
WHERE f."Id" = @__p_0
LIMIT 1
2026-03-29 13:19:31.853 +03:00 [INF] HTTP GET /api/agent/bookings responded 200 in 468.6427 ms
2026-03-29 13:19:51.620 +03:00 [INF] HTTP OPTIONS /api/agent/reports/summary responded 204 in 0.0300 ms
2026-03-29 13:19:52.020 +03:00 [INF] Executed DbCommand (370ms) [Parameters=[], CommandType='"Text"', CommandTimeout='30']
SELECT b."Id", b."AddOns", b."BookingReference", b."BundleDiscountPercent", b."CreatedAt", b."CustomerId", b."DiscountAmountKes", b."NubuckLines", b."OfficialLeatherLines", b."PickupAddress", b."PickupLatitude", b."PickupLocationUrl", b."PickupLongitude", b."PriceKes", b."SneakersLines", b."Status", b."SubtotalBeforeDiscountKes", b."SuedeLines", b."TotalPairs"
FROM "Bookings" AS b
2026-03-29 13:19:52.531 +03:00 [INF] Executed DbCommand (445ms) [Parameters=[@__bookingIds_0='?' (DbType = Object)], CommandType='"Text"', CommandTimeout='30']
SELECT o."Id", o."AgentId", o."BookingId", o."CleaningCompletedAt", o."CleaningStartedAt", o."CustomerId", o."DeliveredAt", o."DeliveryOtp", o."DeliveryOtpExpiresAt", o."DeliveryOtpVerifiedAt", o."OrderReference", o."PickedUpAt", o."PickupOtp", o."PickupOtpExpiresAt", o."PickupOtpVerifiedAt", o."Status"
FROM "Orders" AS o
WHERE o."BookingId" = ANY (@__bookingIds_0)
2026-03-29 13:19:52.838 +03:00 [INF] Executed DbCommand (263ms) [Parameters=[@__bookingIds_0='?' (DbType = Object)], CommandType='"Text"', CommandTimeout='30']
SELECT COALESCE(sum(p."Amount"), 0.0)
FROM "Payments" AS p
WHERE p."BookingId" = ANY (@__bookingIds_0) AND p."Status" = 'Success'
2026-03-29 13:19:53.008 +03:00 [INF] Executed DbCommand (156ms) [Parameters=[@__p_0='?' (DbType = Guid)], CommandType='"Text"', CommandTimeout='30']
SELECT f."Id", f."AccessFailedCount", f."Address", f."ConcurrencyStamp", f."CreatedAt", f."CustomerReference", f."Email", f."EmailConfirmed", f."FullName", f."IsActive", f."LockoutEnabled", f."LockoutEnd", f."NormalizedEmail", f."NormalizedUserName", f."PasswordHash", f."PhoneNumber", f."PhoneNumberConfirmed", f."SecurityStamp", f."TwoFactorEnabled", f."UserName"
FROM "FreshwalkUsers" AS f
WHERE f."Id" = @__p_0
LIMIT 1
2026-03-29 13:19:53.027 +03:00 [INF] HTTP GET /api/agent/reports/summary responded 200 in 1402.6248 ms
2026-03-29 15:47:36.281 +03:00 [INF] HTTP OPTIONS /api/rider/orders/21381961-9ec7-45ff-887a-288a0e1ea182 responded 204 in 0.0540 ms
2026-03-29 15:47:36.281 +03:00 [INF] HTTP OPTIONS /api/rider/orders/21381961-9ec7-45ff-887a-288a0e1ea182 responded 204 in 0.0159 ms
2026-03-29 15:47:36.292 +03:00 [INF] HTTP GET /api/rider/orders/21381961-9ec7-45ff-887a-288a0e1ea182 responded 401 in 0.7236 ms
2026-03-29 15:47:36.316 +03:00 [INF] HTTP GET /api/rider/orders/21381961-9ec7-45ff-887a-288a0e1ea182 responded 401 in 0.5479 ms
2026-03-29 16:31:24.267 +03:00 [INF] Application is shutting down...
